-57.3997,-32.5634,3.2492,42.4520,21.2249,98.9652,117.2654,-8.9580,-26.9778,85.1860,-5.9744,19.6401,-40.7594,13.9033,-42.3219,-17.8708,-19.8663,46.2984,-30.7204,-0.8385,-2.4372,46.7753,17.0823,19.3821,31.6108,8.5091,35.1846,21.4903,-30.2268,-12.6361,65.2565,1.2949,-33.5004,-15.6500,0.0447,-36.8301,27.4446,128.9273,40.9353,-1.9970,37.6498,-3.1744,-6.1807,39.7769,-31.0929,14.4770,-38.1098,-50.2690,4.8889,-9.8022,-20.0144,-28.1085,-39.0177,-8.4348,30.6642,3.3238,20.0927,23.3979,-15.4633,-74.8930,-25.3283,12.0888,36.4748,47.3896,35.2150,19.0391,-42.8610,-39.9752,21.6721,21.0848,-28.8584,-22.8172,-15.7126,8.6699,-32.5932,27.2380,-47.9578,-16.1584,-16.6416,-56.7154,-3.0022,-0.9071,-65.4920,-37.8786,8.2295,-61.1096,30.1918,23.5770,-50.1650,-2.3970,7.7181,73.8908,47.3536,27.2382,-8.1476,35.7396,49.1283,-58.4366,31.3591,24.0983,-42.1010,-23.5613,20.2663,-18.0542,-35.9325,27.9375,-31.1471,18.6920,71.8350,58.5044,7.3292,6.0300,-36.5696,10.9856,3.1420,-32.6791,26.6785,-1.1982,5.5507,2.1184,32.5573,-9.7677,-6.5784,26.6520,-24.2926,19.6236,5.8958,27.4490,22.2066,-44.4161,13.1715,-105.5716,11.9801,-23.8003,-27.2518,2.3592,52.4078,2.9244,-4.8336,-10.9593,23.7931,-59.6288,-54.0990,55.6173,-57.4300,13.1368,-10.5197,33.4924,-64.0569,-24.5911,72.7013,46.9813,-64.4185,47.2287,-18.9579,24.2693,20.1704,-5.9505,-21.6221,24.2841,-25.0478,-7.8811,-30.9018,-10.9788,73.4236,-17.3304,-48.1159,-22.1512,-14.3061,-18.6799,24.0446,3.5466,12.2622,39.0414,-10.6809,-48.2476,-7.9868,17.6776,-19.0765,-41.9220,-68.7338,32.6352,-46.0237,39.9664,32.3514,-17.9399,-37.5158,10.9033,39.0411,56.3040,-79.3402,32.4117,-27.4373,32.8312,27.3424,-84.9171,-35.9762,26.5902,-10.0888,-47.3235,-7.5705,-105.9404,58.6059,27.8839,23.1258,22.2766,-62.5201,-14.6236,8.3749,43.6316,-24.8967,-3.9568,-11.2256,-8.3466,-6.6161,41.0850,-41.7440,34.2052,-4.1834,-1.8243,9.3218,-27.5732,-13.3284,-52.0940,10.6556,-82.9173,52.2444,62.9331,-1.2977,66.3435,-18.4675,21.1451,-11.3285,-34.7094,14.1676,-37.1079,-12.2006,-67.0941,-9.2974,-81.4946,-17.4249,-81.1446,48.6098,30.5194,-23.3153,-34.7979,-57.9575,21.2864,46.1413,23.0466,14.4040,-24.3930,-42.0359,-41.7064,55.5752,47.2914
-57.3997,-32.5634,3.2492,42.4520,21.2249,98.9652,117.2654,-8.9580,-26.9778,85.1860,-5.9744,19.6401,-40.7594,13.9033,-42.3219,-17.8708,-19.8663,46.2984,-30.7204,-0.8385,-2.4372,46.7753,17.0823,19.3821,31.6108,8.5091,35.1846,21.4903,-30.2268,-12.6361,65.2565,1.2949,-33.5004,-15.6500,0.0447,-36.8301,27.4446,128.9273,40.9353,-1.9970,37.6498,-3.1744,-6.1807,39.7769,-31.0929,14.4770,-38.1098,-50.2690,4.8889,-9.8022,-20.0144,-28.1085,-39.0177,-8.4348,30.6642,3.3238,20.0927,23.3979,-15.4633,-74.8930,-25.3283,12.0888,36.4748,47.3896,35.2150,19.0391,-42.8610,-39.9752,21.6721,21.0848,-28.8584,-22.8172,-15.7126,8.6699,-32.5932,27.2380,-47.9578,-16.1584,-16.6416,-56.7154,-3.0022,-0.9071,-65.4920,-37.8786,8.2295,-61.1096,30.1918,23.5770,-50.1650,-2.3970,7.7181,73.8908,47.3536,27.2382,-8.1475,35.7396,49.1283,-58.4366,31.3591,24.0983,-42.1010,-23.5613,20.2663,-18.0543,-35.9325,27.9375,-31.1471,18.6920,71.8350,58.5044,7.3292,6.0300,-36.5696,10.9856,3.1420,-32.6791,26.6785,-1.1982,5.5507,2.1184,32.5573,-9.7677,-6.5784,26.6520,-24.2926,19.6236,5.8958,27.4490,22.2066,-44.4161,13.1715,-105.5716,11.9801,-23.8003,-27.2518,2.3592,52.4078,2.9244,-4.8336,-10.9593,23.7931,-59.6288,-54.0990,55.6173,-57.4300,13.1368,-10.5197,33.4924,-64.0569,-24.5911,72.7013,46.9813,-64.4185,47.2287,-18.9579,24.2693,20.1704,-5.9505,-21.6221,24.2841,-25.0478,-7.8811,-30.9018,-10.9788,73.4236,-17.3304,-48.1159,-22.1512,-14.3061,-18.6799,24.0446,3.5466,12.2622,39.0414,-10.6809,-48.2476,-7.9868,17.6776,-19.0765,-41.9220,-68.7338,32.6352,-46.0237,39.9664,32.3514,-17.9400,-37.5158,10.9033,39.0411,56.3040,-79.3402,32.4117,-27.4373,32.8312,27.3424,-84.9171,-35.9762,26.5902,-10.0888,-47.3235,-7.5705,-105.9404,58.6059,27.8839,23.1258,22.2766,-62.5201,-14.6236,8.3749,43.6316,-24.8967,-3.9568,-11.2256,-8.3466,-6.6161,41.0850,-41.7440,34.2052,-4.1834,-1.8243,9.3218,-27.5732,-13.3284,-52.0940,10.6556,-82.9173,52.2444,62.9331,-1.2977,66.3435,-18.4675,21.1451,-11.3285,-34.7094,14.1676,-37.1079,-12.2006,-67.0941,-9.2974,-81.4946,-17.4249,-81.1446,48.6098,30.5194,-23.3153,-34.7979,-57.9575,21.2864,46.1413,23.0466,14.4040,-24.3930,-42.0359,-41.7064,55.5752,47.2914
-57.3997,-32.5634,3.2492,42.4520,21.2249,98.9652,117.2654,-8.9580,-26.9778,85.1860,-5.9744,19.6401,-40.7594,13.9033,-42.3219,-17.8708,-19.8663,46.2984,-30.7204,-0.8385,-2.4372,46.7753,17.0823,19.3821,31.6108,8.5091,35.1846,21.4903,-30.2268,-12.6361,65.2565,1.2949,-33.5004,-15.6500,0.0447,-36.8301,27.4446,128.9273,40.9353,-1.9970,37.6498,-3.1744,-6.1807,39.7769,-31.0929,14.4770,-38.1098,-50.2690,4.8889,-9.8022,-20.0144,-28.1085,-39.0177,-8.4348,30.6642,3.3238,20.0927,23.3979,-15.4633,-74.8930,-25.3283,12.0888,36.4748,47.3896,35.2150,19.0391,-42.8610,-39.9752,21.6721,21.0848,-28.8584,-22.8172,-15.7126,8.6699,-32.5932,27.2380,-47.9578,-16.1584,-16.6416,-56.7154,-3.0022,-0.9071,-65.4920,-37.8786,8.2295,-61.1096,30.1918,23.5770,-50.1650,-2.3970,7.7181,73.8908,47.3536,27.2382,-8.1475,35.7396,49.1283,-58.4366,31.3591,24.0983,-42.1010,-23.5613,20.2663,-18.0542,-35.9325,27.9375,-31.1471,18.6920,71.8350,58.5044,7.3292,6.0300,-36.5696,10.9856,3.1420,-32.6791,26.6785,-1.1982,5.5507,2.1184,32.5573,-9.7677,-6.5784,26.6520,-24.2926,19.6236,5.8958,27.4490,22.2066,-44.4161,13.1715,-105.5716,11.9801,-23.8003,-27.2518,2.3592,52.4078,2.9244,-4.8336,-10.9593,23.7931,-59.6288,-54.0990,55.6173,-57.4300,13.1368,-10.5197,33.4924,-64.0569,-24.5911,72.7013,46.9813,-64.4185,47.2287,-18.9579,24.2693,20.1704,-5.9505,-21.6221,24.2841,-25.0478,-7.8811,-30.9018,-10.9788,73.4236,-17.3304,-48.1159,-22.1512,-14.3061,-18.6799,24.0446,3.5466,12.2622,39.0414,-10.6809,-48.2476,-7.9868,17.6776,-19.0765,-41.9220,-68.7338,32.6352,-46.0237,39.9664,32.3514,-17.9400,-37.5158,10.9033,39.0411,56.3040,-79.3402,32.4117,-27.4373,32.8312,27.3424,-84.9171,-35.9762,26.5902,-10.0888,-47.3235,-7.5705,-105.9404,58.6059,27.8839,23.1258,22.2766,-62.5201,-14.6236,8.3749,43.6316,-24.8967,-3.9568,-11.2256,-8.3466,-6.6161,41.0850,-41.7440,34.2052,-4.1834,-1.8244,9.3218,-27.5732,-13.3284,-52.0940,10.6556,-82.9173,52.2444,62.9331,-1.2977,66.3435,-18.4675,21.1451,-11.3285,-34.7094,14.1676,-37.1079,-12.2006,-67.0941,-9.2974,-81.4946,-17.4249,-81.1446,48.6098,30.5194,-23.3153,-34.7979,-57.9575,21.2864,46.1413,23.0466,14.4040,-24.3930,-42.0359,-41.7064,55.5752,47.2914
-57.3997,-32.5634,3.2492,42.4520,21.2249,98.9652,117.2654,-8.9580,-26.9778,85.1860,-5.9744,19.6401,-40.7594,13.9033,-42.3219,-17.8708,-19.8663,46.2984,-30.7204,-0.8385,-2.4372,46.7753,17.0823,19.3821,31.6108,8.5091,35.1846,21.4903,-30.2268,-12.6361,65.2565,1.2949,-33.5004,-15.6500,0.0447,-36.8301,27.4446,128.9273,40.9353,-1.9970,37.6498,-3.1744,-6.1807,39.7769,-31.0929,14.4770,-38.1098,-50.2690,4.8889,-9.8022,-20.0144,-28.1085,-39.0177,-8.4348,30.6642,3.3238,20.0927,23.3979,-15.4633,-74.8930,-25.3283,12.0888,36.4748,47.3896,35.2150,19.0391,-42.8610,-39.9752,21.6721,21.0848,-28.8584,-22.8172,-15.7126,8.6699,-32.5932,27.2380,-47.9578,-16.1584,-16.6416,-56.7154,-3.0022,-0.9071,-65.4920,-37.8786,8.2295,-61.1096,30.1918,23.5770,-50.1650,-2.3970,7.7181,73.8908,47.3536,27.2382,-8.1475,35.7396,49.1283,-58.4366,31.3591,24.0983,-42.1010,-23.5613,20.2663,-18.0542,-35.9325,27.9375,-31.1471,18.6920,71.8350,58.5044,7.3292,6.0300,-36.5696,10.9856,3.1420,-32.6791,26.6785,-1.1982,5.5507,2.1184,32.5573,-9.7677,-6.5784,26.6520,-24.2926,19.6236,5.8958,27.4490,22.2066,-44.4161,13.1715,-105.5716,11.9801,-23.8003,-27.2518,2.3592,52.4078,2.9244,-4.8336,-10.9593,23.7931,-59.6288,-54.0990,55.6173,-57.4300,13.1368,-10.5197,33.4924,-64.0569,-24.5911,72.7013,46.9813,-64.4185,47.2287,-18.9579,24.2693,20.1704,-5.9505,-21.6221,24.2841,-25.0478,-7.8811,-30.9018,-10.9788,73.4236,-17.3304,-48.1159,-22.1512,-14.3061,-18.6799,24.0446,3.5466,12.2622,39.0414,-10.6809,-48.2476,-7.9868,17.6776,-19.0765,-41.9220,-68.7338,32.6352,-46.0237,39.9664,32.3514,-17.9400,-37.5158,10.9033,39.0411,56.3040,-79.3402,32.4117,-27.4373,32.8312,27.3424,-84.9171,-35.9762,26.5902,-10.0888,-47.3235,-7.5705,-105.9404,58.6059,27.8839,23.1258,22.2766,-62.5201,-14.6236,8.3749,43.6316,-24.8967,-3.9568,-11.2256,-8.3466,-6.6161,41.0850,-41.7440,34.2052,-4.1834,-1.8243,9.3218,-27.5732,-13.3284,-52.0940,10.6556,-82.9173,52.2444,62.9331,-1.2977,66.3435,-18.4675,21.1451,-11.3285,-34.7094,14.1676,-37.1079,-12.2006,-67.0941,-9.2974,-81.4946,-17.4249,-81.1446,48.6098,30.5194,-23.3153,-34.7979,-57.9575,21.2864,46.1413,23.0466,14.4040,-24.3930,-42.0359,-41.7064,55.5752,47.2914
-57.3997,-32.5634,3.2492,42.4520,21.2249,98.9652,117.2654,-8.9580,-26.9778,85.1860,-5.9744,19.6401,-40.7594,13.9033,-42.3219,-17.8708,-19.8663,46.2984,-30.7204,-0.8385,-2.4372,46.7753,17.0823,19.3821,31.6108,8.5091,35.1846,21.4903,-30.2268,-12.6361,65.2565,1.2949,-33.5004,-15.6500,0.0447,-36.8301,27.4446,128.9273,40.9353,-1.9970,37.6498,-3.1744,-6.1807,39.7769,-31.0929,14.4770,-38.1098,-50.2690,4.8889,-9.8022,-20.0144,-28.1085,-39.0177,-8.4348,30.6642,3.3238,20.0927,23.3979,-15.4633,-74.8930,-25.3283,12.0888,36.4748,47.3896,35.2150,19.0391,-42.8610,-39.9752,21.6721,21.0848,-28.8584,-22.8172,-15.7126,8.6699,-32.5932,27.2380,-47.9578,-16.1584,-16.6416,-56.7154,-3.0022,-0.9071,-65.4920,-37.8786,8.2295,-61.1096,30.1918,23.5770,-50.1650,-2.3970,7.7181,73.8908,47.3536,27.2382,-8.1475,35.7396,49.1283,-58.4366,31.3591,24.0983,-42.1010,-23.5613,20.2663,-18.0542,-35.9325,27.9375,-31.1471,18.6920,71.8350,58.5044,7.3292,6.0300,-36.5696,10.9856,3.1420,-32.6791,26.6785,-1.1982,5.5507,2.1184,32.5573,-9.7677,-6.5784,26.6520,-24.2926,19.6236,5.8958,27.4490,22.2066,-44.4161,13.1715,-105.5716,11.9801,-23.8003,-27.2518,2.3592,52.4078,2.9244,-4.8336,-10.9593,23.7931,-59.6288,-54.0990,55.6173,-57.4300,13.1368,-10.5197,33.4924,-64.0569,-24.5911,72.7013,46.9813,-64.4185,47.2287,-18.9579,24.2693,20.1704,-5.9505,-21.6221,24.2841,-25.0478,-7.8811,-30.9018,-10.9788,73.4236,-17.3304,-48.1159,-22.1512,-14.3061,-18.6799,24.0446,3.5466,12.2622,39.0414,-10.6809,-48.2476,-7.9868,17.6776,-19.0765,-41.9220,-68.7338,32.6352,-46.0237,39.9664,32.3514,-17.9399,-37.5158,10.9033,39.0411,56.3040,-79.3402,32.4117,-27.4373,32.8312,27.3424,-84.9171,-35.9762,26.5902,-10.0888,-47.3235,-7.5705,-105.9404,58.6059,27.8839,23.1258,22.2766,-62.5201,-14.6236,8.3749,43.6316,-24.8967,-3.9568,-11.2256,-8.3466,-6.6161,41.0850,-41.7440,34.2052,-4.1834,-1.8244,9.3218,-27.5732,-13.3284,-52.0940,10.6556,-82.9173,52.2444,62.9331,-1.2977,66.3435,-18.4675,21.1451,-11.3285,-34.7094,14.1676,-37.1079,-12.2006,-67.0941,-9.2974,-81.4946,-17.4249,-81.1446,48.6098,30.5194,-23.3153,-34.7979,-57.9575,21.2864,46.1413,23.0466,14.4040,-24.3930,-42.0359,-41.7064,55.5752,47.2914
-55.0745,-38.8872,-9.7075,37.9329,17.9974,57.3177,91.9298,-37.8426,-23.4351,34.0210,-27.2172,13.0564,-13.2685,38.7639,20.0156,1.3309,-29.3852,13.1190,-26.7426,-17.1824,23.5989,26.0298,-6.7818,-0.1124,-8.6511,44.7388,41.0374,26.5971,-13.3242,-19.2907,26.1762,16.6642,-37.9926,3.0588,20.4202,20.9997,18.5858,62.1710,4.5589,8.3751,19.0995,10.4926,31.4938,20.0502,-12.8701,14.9456,23.3685,-25.1509,40.3992,8.8914,-38.8728,-15.4257,1.8367,-37.5770,11.4302,-21.9782,-7.9771,54.8264,-17.7894,-43.3735,16.9776,-2.4312,17.3670,24.0750,27.3486,42.9511,-45.4175,-15.3913,-9.6694,31.5012,35.9307,-13.8243,2.5026,8.1116,-35.8190,25.2538,-35.9191,-7.6567,-20.0582,-24.0200,32.1829,-14.4111,-36.3869,-35.7290,11.6061,-56.2851,24.9050,19.1246,-16.6248,10.9793,14.1115,20.9063,16.0240,18.6470,20.7151,23.0543,0.9238,-27.0970,-5.1205,-3.3693,-20.8338,17.7070,29.9073,-25.4548,-32.7919,7.3032,-45.5968,16.9286,34.6860,43.3236,1.0336,9.7466,-16.6203,-32.0950,3.7079,-29.6656,9.6633,-30.8011,-3.4059,-33.5464,30.4604,28.5971,-20.2533,-1.6749,-3.8439,-19.8320,-7.0980,22.7441,-1.9857,-12.8106,16.2938,-53.3823,-2.4703,-4.3180,-14.7563,23.0240,-3.6859,-18.0165,-11.8010,-1.5250,26.3336,-32.6316,-64.4723,13.1362,-17.4432,40.0779,6.2664,5.7891,-27.8274,-53.6743,42.0316,-15.2469,-1.6762,-29.7451,-7.7457,-20.9439,13.7140,-39.8477,-23.6290,-9.5848,-42.3274,-21.3929,-25.1963,-20.8191,49.8411,-46.6703,-22.5392,-21.1274,-35.1194,16.8460,-27.2711,1.8229,-25.6073,12.4975,-2.5010,-3.5876,-7.2436,-17.2911,-43.3813,-9.1104,-29.1115,41.4398,-23.7814,33.4715,44.9470,-42.0960,-13.8055,5.2557,25.0444,20.8124,-29.6041,2.9001,-17.0586,-1.5728,25.8910,-15.6646,4.0778,7.0966,-36.0293,-65.4672,-20.0217,-70.4185,26.6295,-7.8657,-6.8805,34.5999,-12.1820,3.3796,-27.3420,45.5059,12.8211,-11.5059,-20.1863,23.2013,-3.1898,17.2285,-21.5277,12.9103,22.7237,-14.5912,25.3310,-34.6625,9.4043,-33.5960,6.8745,-11.3481,63.3208,58.0133,30.7841,26.1875,25.8852,23.1740,16.9495,-7.8991,-1.3238,2.4283,4.4012,-45.5980,24.4838,-24.0327,9.2864,-36.1843,14.0854,5.7499,-21.6586,-33.3069,-39.6599,-0.7451,21.6104,40.2643,1.1067,-41.0293,-18.6596,9.6145,10.6496,14.1981
-55.0745,-38.8872,-9.7075,37.9329,17.9974,57.3177,91.9298,-37.8426,-23.4351,34.0210,-27.2172,13.0564,-13.2685,38.7639,20.0156,1.3309,-29.3852,13.1190,-26.7426,-17.1824,23.5989,26.0298,-6.7818,-0.1124,-8.6511,44.7388,41.0374,26.5971,-13.3242,-19.2907,26.1762,16.6642,-37.9926,3.0588,20.4202,20.9997,18.5858,62.1710,4.5589,8.3751,19.0995,10.4926,31.4938,20.0502,-12.8701,14.9456,23.3685,-25.1509,40.3992,8.8914,-38.8728,-15.4257,1.8367,-37.5770,11.4302,-21.9782,-7.9771,54.8264,-17.7894,-43.3735,16.9776,-2.4312,17.3670,24.0750,27.3486,42.9511,-45.4175,-15.3913,-9.6694,31.5012,35.9307,-13.8243,2.5026,8.1116,-35.8190,25.2538,-35.9191,-7.6567,-20.0582,-24.0200,32.1829,-14.4111,-36.3869,-35.7290,11.6061,-56.2851,24.9050,19.1246,-16.6248,10.9793,14.1115,20.9063,16.0240,18.6470,20.7151,23.0543,0.9238,-27.0970,-5.1205,-3.3693,-20.8338,17.7070,29.9073,-25.4548,-32.7919,7.3032,-45.5968,16.9286,34.6860,43.3236,1.0336,9.7466,-16.6203,-32.0950,3.7079,-29.6656,9.6633,-30.8011,-3.4059,-33.5464,30.4604,28.5971,-20.2533,-1.6749,-3.8439,-19.8320,-7.0980,22.7441,-1.9857,-12.8106,16.2938,-53.3823,-2.4703,-4.3180,-14.7563,23.0240,-3.6859,-18.0165,-11.8010,-1.5250,26.3336,-32.6316,-64.4723,13.1362,-17.4432,40.0779,6.2664,5.7891,-27.8274,-53.6743,42.0316,-15.2469,-1.6762,-29.7451,-7.7457,-20.9439,13.7140,-39.8477,-23.6290,-9.5848,-42.3274,-21.3929,-25.1963,-20.8191,49.8411,-46.6703,-22.5392,-21.1274,-35.1194,16.8460,-27.2711,1.8229,-25.6073,12.4975,-2.5010,-3.5876,-7.2436,-17.2911,-43.3813,-9.1104,-29.1115,41.4398,-23.7814,33.4715,44.9470,-42.0960,-13.8055,5.2557,25.0444,20.8124,-29.6041,2.9001,-17.0586,-1.5728,25.8910,-15.6646,4.0778,7.0966,-36.0293,-65.4672,-20.0217,-70.4185,26.6295,-7.8657,-6.8805,34.5999,-12.1820,3.3796,-27.3420,45.5059,12.8211,-11.5059,-20.1863,23.2013,-3.1898,17.2285,-21.5277,12.9103,22.7237,-14.5912,25.3310,-34.6625,9.4043,-33.5960,6.8745,-11.3481,63.3208,58.0133,30.7841,26.1875,25.8852,23.1740,16.9495,-7.8991,-1.3237,2.4283,4.4012,-45.5980,24.4838,-24.0327,9.2864,-36.1843,14.0854,5.7499,-21.6586,-33.3069,-39.6599,-0.7451,21.6104,40.2643,1.1067,-41.0293,-18.6596,9.6145,10.6496,14.1981
-55.0745,-38.8872,-9.7075,37.9329,17.9974,57.3177,91.9298,-37.8426,-23.4351,34.0210,-27.2172,13.0564,-13.2685,38.7639,20.0156,1.3309,-29.3852,13.1190,-26.7426,-17.1824,23.5989,26.0298,-6.7818,-0.1124,-8.6511,44.7388,41.0374,26.5971,-13.3242,-19.2907,26.1762,16.6642,-37.9926,3.0588,20.4202,20.9997,18.5858,62.1710,4.5589,8.3751,19.0995,10.4926,31.4938,20.0502,-12.8701,14.9456,23.3685,-25.1509,40.3992,8.8914,-38.8728,-15.4257,1.8367,-37.5770,11.4302,-21.9782,-7.9771,54.8264,-17.7894,-43.3735,16.9776,-2.4312,17.3670,24.0750,27.3486,42.9511,-45.4175,-15.3913,-9.6694,31.5012,35.9307,-13.8243,2.5026,8.1116,-35.8190,25.2538,-35.9191,-7.6567,-20.0582,-24.0200,32.1829,-14.4111,-36.3869,-35.7290,11.6061,-56.2851,24.9050,19.1246,-16.6248,10.9793,14.1115,20.9063,16.0240,18.6470,20.7151,23.0543,0.9238,-27.0970,-5.1205,-3.3693,-20.8338,17.7070,29.9073,-25.4548,-32.7919,7.3032,-45.5968,16.9286,34.6860,43.3236,1.0336,9.7466,-16.6203,-32.0950,3.7079,-29.6656,9.6633,-30.8011,-3.4059,-33.5464,30.4604,28.5971,-20.2533,-1.6749,-3.8439,-19.8320,-7.0980,22.7441,-1.9857,-12.8106,16.2938,-53.3823,-2.4703,-4.3180,-14.7562,23.0240,-3.6859,-18.0165,-11.8010,-1.5250,26.3336,-32.6316,-64.4723,13.1362,-17.4432,40.0779,6.2664,5.7891,-27.8274,-53.6743,42.0316,-15.2469,-1.6762,-29.7451,-7.7457,-20.9439,13.7140,-39.8477,-23.6290,-9.5848,-42.3274,-21.3929,-25.1963,-20.8191,49.8411,-46.6703,-22.5392,-21.1274,-35.1194,16.8460,-27.2711,1.8229,-25.6073,12.4975,-2.5010,-3.5876,-7.2436,-17.2911,-43.3813,-9.1104,-29.1115,41.4398,-23.7814,33.4715,44.9470,-42.0960,-13.8055,5.2557,25.0444,20.8124,-29.6041,2.9001,-17.0586,-1.5728,25.8910,-15.6646,4.0778,7.0966,-36.0293,-65.4672,-20.0217,-70.4185,26.6295,-7.8657,-6.8805,34.5999,-12.1820,3.3796,-27.3420,45.5059,12.8211,-11.5059,-20.1863,23.2013,-3.1898,17.2285,-21.5277,12.9103,22.7237,-14.5912,25.3310,-34.6625,9.4043,-33.5960,6.8745,-11.3481,63.3208,58.0133,30.7841,26.1875,25.8852,23.1740,16.9495,-7.8991,-1.3238,2.4283,4.4012,-45.5980,24.4838,-24.0327,9.2864,-36.1843,14.0854,5.7499,-21.6586,-33.3069,-39.6599,-0.7451,21.6104,40.2643,1.1067,-41.0293,-18.6596,9.6145,10.6496,14.1981
-55.0745,-38.8872,-9.7075,37.9329,17.9974,57.3177,91.9298,-37.8426,-23.4351,34.0210,-27.2172,13.0564,-13.2685,38.7639,20.0156,1.3309,-29.3852,13.1190,-26.7426,-17.1824,23.5989,26.0298,-6.7818,-0.1124,-8.6511,44.7388,41.0374,26.5971,-13.3242,-19.2907,26.1762,16.6642,-37.9926,3.0588,20.4202,20.9997,18.5858,62.1710,4.5589,8.3751,19.0995,10.4926,31.4938,20.0502,-12.8701,14.9456,23.3685,-25.1509,40.3992,8.8914,-38.8728,-15.4257,1.8367,-37.5770,11.4302,-21.9782,-7.9771,54.8264,-17.7894,-43.3735,16.9776,-2.4312,17.3670,24.0750,27.3486,42.9511,-45.4175,-15.3913,-9.6694,31.5012,35.9307,-13.8243,2.5026,8.1116,-35.8190,25.2538,-35.9191,-7.6567,-20.0582,-24.0200,32.1829,-14.4111,-36.3869,-35.7290,11.6061,-56.2851,24.9050,19.1246,-16.6248,10.9793,14.1115,20.9063,16.0240,18.6470,20.7151,23.0543,0.9238,-27.0970,-5.1205,-3.3693,-20.8338,17.7070,29.9073,-25.4548,-32.7919,7.3032,-45.5968,16.9286,34.6860,43.3236,1.0336,9.7466,-16.6203,-32.0950,3.7079,-29.6656,9.6633,-30.8011,-3.4059,-33.5464,30.4604,28.5971,-20.2533,-1.6749,-3.8439,-19.8320,-7.0980,22.7441,-1.9857,-12.8106,16.2938,-53.3823,-2.4703,-4.3180,-14.7562,23.0240,-3.6859,-18.0165,-11.8010,-1.5250,26.3336,-32.6316,-64.4723,13.1362,-17.4432,40.0779,6.2664,5.7891,-27.8274,-53.6743,42.0316,-15.2469,-1.6762,-29.7451,-7.7457,-20.9439,13.7140,-39.8477,-23.6290,-9.5848,-42.3274,-21.3929,-25.1963,-20.8191,49.8411,-46.6703,-22.5392,-21.1274,-35.1194,16.8460,-27.2711,1.8229,-25.6073,12.4975,-2.5010,-3.5876,-7.2436,-17.2911,-43.3813,-9.1104,-29.1115,41.4398,-23.7814,33.4715,44.9470,-42.0960,-13.8055,5.2557,25.0444,20.8124,-29.6041,2.9001,-17.0586,-1.5728,25.8910,-15.6646,4.0778,7.0966,-36.0293,-65.4672,-20.0217,-70.4185,26.6295,-7.8657,-6.8805,34.5999,-12.1820,3.3796,-27.3420,45.5059,12.8211,-11.5059,-20.1863,23.2013,-3.1898,17.2285,-21.5277,12.9103,22.7237,-14.5912,25.3310,-34.6625,9.4043,-33.5960,6.8745,-11.3481,63.3208,58.0133,30.7841,26.1875,25.8852,23.1740,16.9495,-7.8991,-1.3237,2.4283,4.4012,-45.5980,24.4838,-24.0327,9.2864,-36.1843,14.0854,5.7499,-21.6586,-33.3069,-39.6599,-0.7451,21.6104,40.2643,1.1067,-41.0293,-18.6596,9.6145,10.6496,14.1981
-52.7315,-8.7682,55.0592,-9.7577,7.3160,64.6124,68.3279,-35.1513,-40.5313,48.8178,9.7196,5.8890,-15.7307,-1.6146,-38.6014,-7.5046,-11.3225,-15.8057,-15.3730,-27.8339,33.4334,29.3940,-18.5431,-22.5347,13.7190,34.2689,69.5942,53.4039,-6.9108,-10.7458,57.0597,-15.4646,-58.7962,-20.3668,66.0223,-0.2798,-20.9338,115.5410,-24.3311,-3.7975,-20.2590,31.7148,46.4335,26.7634,-3.1389,-21.1447,-8.2356,-27.3854,31.0978,-10.1843,-38.6575,-37.4644,-44.1259,-6.8739,-13.7652,-2.6085,38.4805,45.4718,-28.3443,-44.0132,33.3109,37.2957,37.4536,43.8802,-11.5284,-18.3190,-68.8141,27.9215,-3.3079,42.2425,-12.4600,10.3686,13.8968,-12.1044,31.8196,58.7025,-29.2481,-34.4976,-49.7215,-42.5807,-7.8190,49.7356,-7.1771,-20.1249,11.3356,-18.3051,45.5135,37.2824,21.4103,-24.1668,43.6220,18.5746,-25.6032,19.3491,23.7980,7.4145,13.1784,-18.7171,-56.5749,-1.5733,-14.4184,25.5473,29.2769,-48.2092,5.4692,-17.1637,-66.1719,-16.7424,43.0978,0.4257,-10.5981,-22.8018,-16.6353,28.3735,54.0410,-39.1406,-7.1880,-30.2491,40.0793,-14.6450,-10.2576,-10.5764,0.6401,-34.6679,-18.8966,-1.1094,50.3966,17.9913,-20.6621,12.9684,19.5971,-75.6811,25.7518,-52.3782,-19.3672,-15.0430,-5.0942,48.1058,30.4669,1.9772,24.1098,-40.6616,-66.1409,-8.3405,-38.6711,34.1084,-14.8966,26.8061,-10.0208,-12.8834,19.3884,4.9066,-31.8351,30.0206,16.4844,-25.1511,9.1370,24.7394,-32.0150,-21.8518,-23.3968,4.3298,-6.2529,-30.0844,67.4169,-60.4838,-9.4560,1.6469,-61.0854,6.2300,-34.5743,5.0106,-21.0854,-2.1437,1.4833,-28.8143,-0.4506,27.3881,-57.9801,-7.3101,-24.6214,71.3844,-45.3062,13.5508,37.3543,-40.3096,-33.4322,4.8378,21.2222,23.5108,-57.7230,11.1683,-29.5848,-13.6752,-15.7250,-58.5683,14.9837,-2.7558,-34.9890,-57.6715,-10.7320,-106.0716,18.2924,-13.6466,9.4054,16.8602,-1.2714,19.2108,-8.6911,66.9368,-6.2190,20.0558,-9.7603,5.6446,12.5982,-5.2892,-24.3217,11.9291,6.6357,34.2952,6.3222,23.4946,18.6930,-54.3550,-12.7587,-84.4394,82.8686,56.7445,20.4753,91.1762,42.1972,26.6701,63.8126,-31.8160,-6.7383,-83.0772,17.8635,-25.7054,45.2673,-4.2088,18.8877,-30.8960,-24.0244,22.5925,-2.1296,-20.8862,-65.2146,-9.9907,8.6948,74.0084,18.4509,2.8312,-46.0457,-6.5021,5.3061,27.9273
-52.7315,-8.7682,55.0592,-9.7577,7.3160,64.6124,68.3279,-35.1513,-40.5313,48.8178,9.7196,5.8890,-15.7306,-1.6146,-38.6014,-7.5046,-11.3225,-15.8057,-15.3730,-27.8339,33.4334,29.3940,-18.5431,-22.5347,13.7190,34.2689,69.5942,53.4039,-6.9108,-10.7458,57.0597,-15.4646,-58.7962,-20.3668,66.0223,-0.2798,-20.9338,115.5410,-24.3311,-3.7975,-20.2590,31.7148,46.4335,26.7634,-3.1389,-21.1447,-8.2356,-27.3854,31.0978,-10.1843,-38.6575,-37.4644,-44.1259,-6.8739,-13.7652,-2.6085,38.4805,45.4718,-28.3443,-44.0132,33.3109,37.2957,37.4536,43.8802,-11.5284,-18.3190,-68.8141,27.9215,-3.3079,42.2425,-12.4600,10.3686,13.8968,-12.1044,31.8196,58.7025,-29.2481,-34.4976,-49.7215,-42.5807,-7.8190,49.7356,-7.1771,-20.1249,11.3356,-18.3051,45.5135,37.2824,21.4103,-24.1668,43.6220,18.5746,-25.6032,19.3491,23.7980,7.4145,13.1784,-18.7171,-56.5749,-1.5733,-14.4184,25.5473,29.2769,-48.2092,5.4692,-17.1637,-66.1719,-16.7424,43.0978,0.4257,-10.5981,-22.8018,-16.6353,28.3735,54.0410,-39.1406,-7.1880,-30.2491,40.0793,-14.6450,-10.2576,-10.5764,0.6401,-34.6679,-18.8966,-1.1094,50.3966,17.9913,-20.6621,12.9684,19.5971,-75.6811,25.7518,-52.3782,-19.3672,-15.0430,-5.0942,48.1058,30.4669,1.9772,24.1098,-40.6616,-66.1409,-8.3405,-38.6711,34.1084,-14.8966,26.8061,-10.0208,-12.8834,19.3884,4.9066,-31.8351,30.0206,16.4844,-25.1511,9.1370,24.7394,-32.0150,-21.8518,-23.3968,4.3298,-6.2529,-30.0844,67.4169,-60.4838,-9.4560,1.6469,-61.0854,6.2300,-34.5743,5.0106,-21.0854,-2.1437,1.4833,-28.8143,-0.4506,27.3881,-57.9801,-7.3101,-24.6214,71.3844,-45.3062,13.5508,37.3543,-40.3096,-33.4322,4.8378,21.2222,23.5108,-57.7230,11.1683,-29.5848,-13.6752,-15.7250,-58.5683,14.9837,-2.7558,-34.9890,-57.6715,-10.7320,-106.0716,18.2924,-13.6466,9.4054,16.8602,-1.2714,19.2108,-8.6911,66.9368,-6.2190,20.0558,-9.7603,5.6446,12.5982,-5.2892,-24.3217,11.9291,6.6357,34.2952,6.3222,23.4946,18.6930,-54.3550,-12.7587,-84.4394,82.8686,56.7445,20.4753,91.1762,42.1972,26.6701,63.8126,-31.8160,-6.7383,-83.0772,17.8635,-25.7054,45.2673,-4.2088,18.8877,-30.8960,-24.0244,22.5925,-2.1296,-20.8862,-65.2146,-9.9907,8.6947,74.0084,18.4509,2.8312,-46.0457,-6.5021,5.3061,27.9273
-52.7315,-8.7682,55.0592,-9.7577,7.3160,64.6124,68.3279,-35.1513,-40.5313,48.8178,9.7196,5.8890,-15.7306,-1.6146,-38.6014,-7.5046,-11.3225,-15.8057,-15.3730,-27.8339,33.4334,29.3940,-18.5431,-22.5347,13.7190,34.2689,69.5942,53.4039,-6.9108,-10.7458,57.0597,-15.4646,-58.7962,-20.3668,66.0223,-0.2798,-20.9338,115.5410,-24.3311,-3.7975,-20.2590,31.7148,46.4335,26.7634,-3.1389,-21.1447,-8.2356,-27.3854,31.0978,-10.1843,-38.6575,-37.4644,-44.1259,-6.8739,-13.7652,-2.6085,38.4805,45.4718,-28.3443,-44.0132,33.3109,37.2957,37.4536,43.8802,-11.5284,-18.3190,-68.8141,27.9215,-3.3079,42.2425,-12.4600,10.3686,13.8968,-12.1044,31.8196,58.7025,-29.2481,-34.4976,-49.7215,-42.5807,-7.8190,49.7356,-7.1771,-20.1249,11.3356,-18.3051,45.5135,37.2824,21.4103,-24.1668,43.6220,18.5746,-25.6032,19.3491,23.7980,7.4145,13.1784,-18.7171,-56.5749,-1.5733,-14.4184,25.5473,29.2769,-48.2092,5.4692,-17.1637,-66.1719,-16.7424,43.0978,0.4257,-10.5981,-22.8018,-16.6353,28.3735,54.0410,-39.1406,-7.1880,-30.2491,40.0793,-14.6450,-10.2576,-10.5764,0.6401,-34.6679,-18.8966,-1.1094,50.3966,17.9913,-20.6621,12.9684,19.5971,-75.6811,25.7518,-52.3782,-19.3672,-15.0430,-5.0942,48.1058,30.4669,1.9772,24.1098,-40.6616,-66.1409,-8.3405,-38.6711,34.1084,-14.8966,26.8061,-10.0208,-12.8834,19.3884,4.9066,-31.8351,30.0206,16.4844,-25.1511,9.1370,24.7394,-32.0150,-21.8518,-23.3968,4.3298,-6.2529,-30.0844,67.4169,-60.4838,-9.4560,1.6469,-61.0854,6.2300,-34.5743,5.0106,-21.0854,-2.1437,1.4833,-28.8143,-0.4506,27.3881,-57.9801,-7.3101,-24.6214,71.3844,-45.3062,13.5508,37.3543,-40.3096,-33.4322,4.8378,21.2222,23.5108,-57.7230,11.1683,-29.5848,-13.6752,-15.7250,-58.5683,14.9837,-2.7558,-34.9890,-57.6715,-10.7320,-106.0716,18.2924,-13.6466,9.4054,16.8602,-1.2714,19.2108,-8.6911,66.9368,-6.2190,20.0558,-9.7603,5.6446,12.5982,-5.2892,-24.3217,11.9291,6.6357,34.2952,6.3222,23.4946,18.6930,-54.3550,-12.7587,-84.4394,82.8686,56.7445,20.4753,91.1762,42.1972,26.6701,63.8126,-31.8160,-6.7383,-83.0772,17.8635,-25.7054,45.2673,-4.2088,18.8877,-30.8960,-24.0244,22.5925,-2.1296,-20.8862,-65.2146,-9.9907,8.6948,74.0084,18.4509,2.8312,-46.0457,-6.5021,5.3061,27.9273
-52.7315,-8.7682,55.0592,-9.7577,7.3160,64.6124,68.3279,-35.1513,-40.5313,48.8178,9.7196,5.8890,-15.7306,-1.6146,-38.6014,-7.5046,-11.3225,-15.8057,-15.3730,-27.8339,33.4334,29.3940,-18.5431,-22.5347,13.7190,34.2689,69.5942,53.4039,-6.9108,-10.7458,57.0597,-15.4646,-58.7962,-20.3668,66.0223,-0.2798,-20.9338,115.5410,-24.3311,-3.7975,-20.2590,31.7148,46.4335,26.7634,-3.1389,-21.1447,-8.2356,-27.3854,31.0978,-10.1843,-38.6575,-37.4644,-44.1259,-6.8739,-13.7652,-2.6085,38.4805,45.4718,-28.3443,-44.0132,33.3109,37.2957,37.4536,43.8802,-11.5284,-18.3190,-68.8141,27.9215,-3.3079,42.2425,-12.4600,10.3686,13.8968,-12.1044,31.8196,58.7025,-29.2481,-34.4976,-49.7215,-42.5807,-7.8190,49.7356,-7.1771,-20.1249,11.3356,-18.3051,45.5135,37.2824,21.4103,-24.1668,43.6220,18.5746,-25.6032,19.3491,23.7980,7.4145,13.1784,-18.7171,-56.5749,-1.5733,-14.4184,25.5473,29.2769,-48.2092,5.4692,-17.1637,-66.1719,-16.7424,43.0978,0.4257,-10.5981,-22.8018,-16.6353,28.3735,54.0410,-39.1406,-7.1880,-30.2491,40.0793,-14.6450,-10.2576,-10.5764,0.6401,-34.6679,-18.8966,-1.1094,50.3966,17.9913,-20.6621,12.9684,19.5971,-75.6811,25.7518,-52.3782,-19.3672,-15.0430,-5.0942,48.1058,30.4669,1.9772,24.1098,-40.6616,-66.1409,-8.3405,-38.6711,34.1084,-14.8966,26.8061,-10.0208,-12.8834,19.3884,4.9066,-31.8351,30.0206,16.4844,-25.1511,9.1370,24.7394,-32.0150,-21.8518,-23.3968,4.3298,-6.2529,-30.0844,67.4169,-60.4838,-9.4560,1.6469,-61.0854,6.2300,-34.5743,5.0106,-21.0854,-2.1437,1.4833,-28.8143,-0.4506,27.3881,-57.9801,-7.3101,-24.6214,71.3844,-45.3062,13.5508,37.3543,-40.3096,-33.4322,4.8378,21.2222,23.5108,-57.7230,11.1683,-29.5848,-13.6752,-15.7250,-58.5682,14.9837,-2.7558,-34.9890,-57.6715,-10.7320,-106.0716,18.2924,-13.6466,9.4054,16.8602,-1.2714,19.2108,-8.6911,66.9368,-6.2190,20.0558,-9.7603,5.6446,12.5982,-5.2892,-24.3217,11.9291,6.6357,34.2952,6.3222,23.4946,18.6930,-54.3550,-12.7587,-84.4394,82.8686,56.7445,20.4753,91.1762,42.1972,26.6701,63.8126,-31.8160,-6.7383,-83.0772,17.8635,-25.7054,45.2673,-4.2088,18.8877,-30.8960,-24.0244,22.5925,-2.1296,-20.8862,-65.2146,-9.9907,8.6947,74.0084,18.4509,2.8312,-46.0457,-6.5021,5.3061,27.9273
-52.7315,-8.7682,55.0592,-9.7577,7.3160,64.6124,68.3279,-35.1513,-40.5313,48.8178,9.7196,5.8890,-15.7306,-1.6146,-38.6014,-7.5046,-11.3225,-15.8057,-15.3730,-27.8339,33.4334,29.3940,-18.5431,-22.5347,13.7190,34.2689,69.5942,53.4039,-6.9108,-10.7458,57.0597,-15.4646,-58.7962,-20.3668,66.0223,-0.2798,-20.9338,115.5410,-24.3311,-3.7975,-20.2590,31.7148,46.4335,26.7634,-3.1389,-21.1447,-8.2356,-27.3854,31.0978,-10.1843,-38.6575,-37.4644,-44.1259,-6.8739,-13.7652,-2.6085,38.4805,45.4718,-28.3443,-44.0132,33.3109,37.2957,37.4536,43.8802,-11.5284,-18.3190,-68.8141,27.9215,-3.3079,42.2425,-12.4600,10.3686,13.8968,-12.1044,31.8196,58.7025,-29.2481,-34.4976,-49.7215,-42.5807,-7.8190,49.7356,-7.1771,-20.1249,11.3356,-18.3051,45.5135,37.2824,21.4103,-24.1668,43.6220,18.5746,-25.6032,19.3491,23.7980,7.4145,13.1784,-18.7171,-56.5749,-1.5733,-14.4184,25.5473,29.2769,-48.2092,5.4692,-17.1637,-66.1719,-16.7424,43.0978,0.4257,-10.5981,-22.8018,-16.6353,28.3735,54.0410,-39.1406,-7.1880,-30.2491,40.0793,-14.6450,-10.2576,-10.5764,0.6401,-34.6679,-18.8966,-1.1094,50.3966,17.9913,-20.6621,12.9684,19.5971,-75.6811,25.7518,-52.3782,-19.3672,-15.0430,-5.0942,48.1058,30.4669,1.9772,24.1098,-40.6616,-66.1409,-8.3405,-38.6711,34.1084,-14.8966,26.8061,-10.0208,-12.8834,19.3884,4.9066,-31.8351,30.0206,16.4844,-25.1511,9.1370,24.7394,-32.0150,-21.8518,-23.3968,4.3298,-6.2529,-30.0844,67.4169,-60.4838,-9.4560,1.6469,-61.0854,6.2300,-34.5743,5.0106,-21.0854,-2.1437,1.4833,-28.8143,-0.4506,27.3881,-57.9801,-7.3101,-24.6214,71.3844,-45.3062,13.5508,37.3543,-40.3096,-33.4322,4.8378,21.2222,23.5108,-57.7230,11.1683,-29.5848,-13.6752,-15.7250,-58.5682,14.9837,-2.7558,-34.9890,-57.6715,-10.7320,-106.0716,18.2924,-13.6466,9.4054,16.8602,-1.2714,19.2108,-8.6911,66.9368,-6.2190,20.0558,-9.7603,5.6446,12.5982,-5.2892,-24.3217,11.9291,6.6357,34.2952,6.3222,23.4946,18.6930,-54.3550,-12.7587,-84.4394,82.8686,56.7445,20.4753,91.1762,42.1972,26.6701,63.8126,-31.8160,-6.7383,-83.0772,17.8635,-25.7054,45.2673,-4.2088,18.8877,-30.8960,-24.0244,22.5925,-2.1296,-20.8862,-65.2146,-9.9907,8.6948,74.0084,18.4509,2.8312,-46.0457,-6.5021,5.3061,27.9273
-52.7315,-8.7682,55.0592,-9.7577,7.3160,64.6124,68.3279,-35.1513,-40.5313,48.8178,9.7196,5.8890,-15.7306,-1.6146,-38.6014,-7.5046,-11.3225,-15.8057,-15.3730,-27.8339,33.4334,29.3940,-18.5431,-22.5347,13.7190,34.2689,69.5942,53.4039,-6.9108,-10.7458,57.0597,-15.4646,-58.7962,-20.3668,66.0223,-0.2798,-20.9338,115.5410,-24.3311,-3.7975,-20.2590,31.7148,46.4335,26.7634,-3.1389,-21.1447,-8.2355,-27.3854,31.0978,-10.1843,-38.6575,-37.4644,-44.1259,-6.8739,-13.7652,-2.6085,38.4805,45.4718,-28.3443,-44.0132,33.3109,37.2957,37.4536,43.8802,-11.5284,-18.3190,-68.8141,27.9215,-3.3079,42.2425,-12.4600,10.3686,13.8968,-12.1044,31.8196,58.7025,-29.2481,-34.4976,-49.7215,-42.5807,-7.8190,49.7356,-7.1771,-20.1249,11.3356,-18.3051,45.5135,37.2824,21.4103,-24.1668,43.6220,18.5746,-25.6032,19.3491,23.7980,7.4145,13.1784,-18.7171,-56.5749,-1.5733,-14.4184,25.5473,29.2769,-48.2092,5.4692,-17.1637,-66.1719,-16.7424,43.0978,0.4257,-10.5981,-22.8018,-16.6353,28.3735,54.0410,-39.1406,-7.1880,-30.2491,40.0793,-14.6450,-10.2576,-10.5764,0.6401,-34.6679,-18.8966,-1.1094,50.3966,17.9913,-20.6621,12.9684,19.5971,-75.6811,25.7518,-52.3782,-19.3672,-15.0430,-5.0942,48.1058,30.4669,1.9772,24.1098,-40.6616,-66.1409,-8.3405,-38.6711,34.1084,-14.8966,26.8061,-10.0208,-12.8834,19.3884,4.9066,-31.8351,30.0206,16.4844,-25.1511,9.1370,24.7394,-32.0150,-21.8518,-23.3968,4.3298,-6.2529,-30.0844,67.4169,-60.4838,-9.4560,1.6469,-61.0854,6.2300,-34.5743,5.0106,-21.0854,-2.1437,1.4833,-28.8143,-0.4506,27.3881,-57.9801,-7.3101,-24.6214,71.3844,-45.3062,13.5508,37.3543,-40.3096,-33.4322,4.8378,21.2222,23.5108,-57.7230,11.1683,-29.5848,-13.6752,-15.7250,-58.5682,14.9837,-2.7558,-34.9890,-57.6715,-10.7320,-106.0716,18.2924,-13.6466,9.4054,16.8602,-1.2714,19.2108,-8.6911,66.9368,-6.2190,20.0558,-9.7603,5.6446,12.5982,-5.2892,-24.3217,11.9291,6.6357,34.2952,6.3222,23.4946,18.6930,-54.3550,-12.7587,-84.4394,82.8686,56.7445,20.4753,91.1762,42.1972,26.6701,63.8126,-31.8160,-6.7383,-83.0772,17.8635,-25.7054,45.2673,-4.2088,18.8877,-30.8960,-24.0244,22.5925,-2.1296,-20.8862,-65.2146,-9.9907,8.6947,74.0084,18.4509,2.8312,-46.0457,-6.5021,5.3061,27.9273
-49.5756,5.4571,18.9153,16.3799,27.0954,68.2134,63.8893,-43.4305,1.6762,45.4142,-14.7666,-3.9547,2.5403,20.5687,-24.9669,-24.1655,-3.6187,1.2129,0.6397,-36.0561,63.2676,5.5199,28.7928,5.4293,39.8608,23.8752,17.8777,26.3056,-3.0097,-1.4567,66.3957,-12.1684,-43.6150,0.2482,31.2085,-7.4065,18.9569,98.1685,5.9038,27.2431,-17.6380,28.9688,22.1622,-1.4485,-31.3311,-15.0295,-15.7396,-33.0961,4.7436,-17.9953,1.3230,12.7603,-9.5206,15.7545,18.8464,-24.5518,8.9790,-3.0982,-30.2614,-14.3315,16.6101,20.5197,20.7084,35.4742,13.5026,-31.1947,-33.1879,11.6173,-12.7389,-5.7855,-20.7928,-4.3592,-18.4970,-18.3118,5.9776,41.4240,-17.6585,-24.7767,15.1752,-18.2392,18.5966,63.0600,-13.6107,-6.8296,16.2428,-29.9025,30.8455,4.2553,-20.1543,5.6344,30.8596,41.1934,16.9754,-26.0308,1.9326,-23.5628,15.3984,-8.3723,-6.3072,-13.0052,-4.0295,-7.9954,17.1216,-36.3916,-4.8784,-30.0616,-8.0351,-39.2145,45.8907,-5.0984,29.0182,-35.1593,-62.6422,-4.6600,9.1736,-22.9617,15.4063,-11.1450,21.4077,-20.5756,39.9322,-6.6569,-14.5075,-17.5705,-42.4494,17.8493,28.8972,2.9399,4.0668,-9.6143,34.0410,-70.2508,10.4482,-14.6308,13.6372,-4.5907,-17.9202,47.2420,51.9924,-6.4688,-3.6610,-60.1500,-23.4216,31.7278,-34.4702,26.1737,-28.8493,-3.9679,-8.5655,3.6821,22.5056,37.3281,-31.9008,29.3317,6.9273,14.2739,14.5001,-12.7624,-32.3497,-14.2120,-1.4349,-18.5720,3.8188,-42.4181,73.5030,-21.5686,-15.6117,16.7843,-37.7810,-38.4204,-12.9747,43.7874,6.2825,-5.9292,11.0466,-34.2027,18.1526,31.6633,-22.2762,-8.8528,-0.3609,69.0589,-56.0716,-7.5012,3.4245,-25.5572,-29.0690,-6.3029,42.6267,-3.0437,-46.8385,21.4025,-30.0464,-18.8976,6.0955,-30.1021,14.5829,-19.3973,3.4780,-16.2186,-3.5015,-98.2423,49.5699,-17.6228,10.4926,15.8669,-17.3239,-2.4606,-9.2824,51.8158,-50.6207,-22.9173,-7.7055,12.8687,6.1961,1.4388,-41.8590,14.0442,-25.7476,63.8726,3.4996,24.1132,33.1090,-26.1063,3.4446,-71.9992,47.1993,13.3967,44.2316,24.6019,33.0016,32.3651,-5.5323,-42.1439,2.3328,-41.1354,25.7559,-14.7628,14.7381,-12.2520,27.9491,-31.1637,-10.2065,5.9722,17.0948,-19.3379,-23.4013,-20.1547,14.5852,28.2535,21.8530,-17.5439,-39.2630,8.7585,9.2202,5.9137
-49.5756,5.4571,18.9153,16.3799,27.0954,68.2134,63.8893,-43.4305,1.6762,45.4142,-14.7665,-3.9547,2.5403,20.5687,-24.9669,-24.1655,-3.6187,1.2129,0.6397,-36.0561,63.2676,5.5199,28.7928,5.4293,39.8608,23.8752,17.8777,26.3056,-3.0097,-1.4567,66.3957,-12.1684,-43.6150,0.2482,31.2085,-7.4065,18.9569,98.1685,5.9038,27.2431,-17.6380,28.9688,22.1622,-1.4485,-31.3311,-15.0295,-15.7396,-33.0961,4.7436,-17.9953,1.3230,12.7603,-9.5206,15.7545,18.8464,-24.5518,8.9790,-3.0982,-30.2614,-14.3315,16.6101,20.5197,20.7084,35.4742,13.5026,-31.1947,-33.1879,11.6173,-12.7389,-5.7855,-20.7928,-4.3592,-18.4970,-18.3118,5.9776,41.4240,-17.6585,-24.7767,15.1752,-18.2392,18.5966,63.0600,-13.6107,-6.8296,16.2428,-29.9025,30.8455,4.2553,-20.1543,5.6344,30.8596,41.1934,16.9754,-26.0308,1.9326,-23.5628,15.3984,-8.3723,-6.3072,-13.0052,-4.0295,-7.9954,17.1216,-36.3916,-4.8784,-30.0616,-8.0351,-39.2145,45.8907,-5.0984,29.0182,-35.1593,-62.6422,-4.6600,9.1736,-22.9617,15.4063,-11.1450,21.4077,-20.5756,39.9322,-6.6569,-14.5075,-17.5705,-42.4494,17.8493,28.8972,2.9399,4.0668,-9.6143,34.0410,-70.2508,10.4482,-14.6308,13.6372,-4.5907,-17.9202,47.2420,51.9924,-6.4688,-3.6610,-60.1500,-23.4216,31.7278,-34.4702,26.1737,-28.8493,-3.9679,-8.5655,3.6821,22.5056,37.3281,-31.9008,29.3317,6.9273,14.2739,14.5001,-12.7624,-32.3497,-14.2120,-1.4349,-18.5720,3.8188,-42.4181,73.5030,-21.5686,-15.6117,16.7843,-37.7810,-38.4204,-12.9747,43.7874,6.2825,-5.9292,11.0466,-34.2027,18.1526,31.6633,-22.2762,-8.8528,-0.3609,69.0589,-56.0716,-7.5012,3.4245,-25.5572,-29.0690,-6.3029,42.6267,-3.0437,-46.8385,21.4025,-30.0464,-18.8976,6.0955,-30.1021,14.5829,-19.3973,3.4780,-16.2186,-3.5015,-98.2423,49.5699,-17.6228,10.4926,15.8669,-17.3239,-2.4606,-9.2824,51.8158,-50.6207,-22.9173,-7.7055,12.8687,6.1961,1.4388,-41.8590,14.0442,-25.7476,63.8726,3.4996,24.1132,33.1090,-26.1063,3.4446,-71.9992,47.1993,13.3967,44.2316,24.6019,33.0016,32.3651,-5.5323,-42.1439,2.3328,-41.1354,25.7559,-14.7628,14.7381,-12.2520,27.9491,-31.1637,-10.2065,5.9722,17.0948,-19.3379,-23.4013,-20.1547,14.5852,28.2535,21.8530,-17.5439,-39.2630,8.7585,9.2202,5.9137
-49.5756,5.4571,18.9153,16.3799,27.0954,68.2134,63.8893,-43.4305,1.6762,45.4142,-14.7665,-3.9547,2.5403,20.5687,-24.9669,-24.1655,-3.6187,1.2129,0.6397,-36.0561,63.2676,5.5199,28.7928,5.4293,39.8608,23.8752,17.8777,26.3056,-3.0097,-1.4567,66.3957,-12.1684,-43.6150,0.2482,31.2085,-7.4065,18.9569,98.1685,5.9038,27.2431,-17.6380,28.9688,22.1622,-1.4485,-31.3311,-15.0295,-15.7396,-33.0961,4.7436,-17.9953,1.3230,12.7603,-9.5206,15.7545,18.8464,-24.5518,8.9790,-3.0982,-30.2614,-14.3315,16.6101,20.5197,20.7084,35.4742,13.5026,-31.1947,-33.1879,11.6173,-12.7389,-5.7855,-20.7928,-4.3592,-18.4970,-18.3118,5.9776,41.4240,-17.6585,-24.7767,15.1752,-18.2392,18.5966,63.0600,-13.6107,-6.8296,16.2428,-29.9025,30.8455,4.2553,-20.1543,5.6344,30.8596,41.1934,16.9754,-26.0308,1.9326,-23.5628,15.3984,-8.3722,-6.3072,-13.0052,-4.0295,-7.9954,17.1216,-36.3916,-4.8784,-30.0616,-8.0351,-39.2145,45.8907,-5.0984,29.0182,-35.1593,-62.6422,-4.6600,9.1736,-22.9617,15.4063,-11.1450,21.4077,-20.5756,39.9322,-6.6569,-14.5075,-17.5705,-42.4494,17.8493,28.8972,2.9399,4.0668,-9.6143,34.0410,-70.2508,10.4482,-14.6308,13.6372,-4.5907,-17.9202,47.2420,51.9924,-6.4688,-3.6610,-60.1500,-23.4216,31.7278,-34.4702,26.1737,-28.8493,-3.9679,-8.5655,3.6821,22.5056,37.3281,-31.9008,29.3317,6.9273,14.2739,14.5001,-12.7624,-32.3497,-14.2120,-1.4349,-18.5720,3.8188,-42.4181,73.5030,-21.5686,-15.6117,16.7843,-37.7810,-38.4204,-12.9747,43.7874,6.2825,-5.9292,11.0466,-34.2027,18.1526,31.6633,-22.2762,-8.8528,-0.3609,69.0589,-56.0716,-7.5012,3.4245,-25.5572,-29.0690,-6.3029,42.6267,-3.0437,-46.8385,21.4025,-30.0464,-18.8976,6.0955,-30.1021,14.5829,-19.3973,3.4780,-16.2186,-3.5015,-98.2423,49.5699,-17.6228,10.4926,15.8669,-17.3239,-2.4606,-9.2824,51.8158,-50.6207,-22.9173,-7.7055,12.8687,6.1961,1.4388,-41.8590,14.0442,-25.7476,63.8726,3.4996,24.1132,33.1090,-26.1063,3.4446,-71.9992,47.1993,13.3967,44.2316,24.6019,33.0016,32.3651,-5.5323,-42.1439,2.3328,-41.1354,25.7559,-14.7628,14.7381,-12.2520,27.9491,-31.1637,-10.2065,5.9722,17.0948,-19.3379,-23.4013,-20.1547,14.5852,28.2535,21.8530,-17.5439,-39.2630,8.7585,9.2202,5.9137
-42.2624,-17.6580,1.3920,18.7940,42.1519,41.9834,65.3749,-14.9000,-33.0221,8.4271,12.2643,-1.9695,-44.4958,11.4705,-42.1431,-14.6748,-24.8315,0.7129,-11.6547,-20.7652,38.3735,31.3066,10.8517,2.7993,24.4697,1.6091,68.4594,-10.8653,-4.8803,-43.3717,55.2223,-12.3375,-39.7371,-26.3131,23.4736,18.9227,4.6651,139.6701,36.7834,19.4088,-34.2501,12.9114,70.9346,-27.9857,-16.1672,-49.4916,1.0761,36.0438,12.5321,-13.1027,-24.3467,-13.0717,-12.9005,-40.9200,32.0554,-0.0940,8.6496,60.3106,-19.0871,-41.3705,-40.8762,28.3102,-1.9283,27.5610,-3.5218,-12.6664,-69.9449,-26.6683,12.1119,16.7354,9.9495,34.4048,-6.8508,-12.8973,26.7196,36.1806,-31.3918,-40.5036,-14.4077,-33.9507,-16.1702,22.4143,-3.8886,-2.3375,-21.2412,26.6695,21.9460,43.3276,-0.0652,14.2349,3.0060,3.7635,-19.2636,-31.9356,51.0264,14.2592,22.4693,-3.0193,-3.5065,26.3213,16.9293,-7.8351,-5.6476,-23.4265,41.9728,12.3106,-4.1135,-25.6052,43.6722,-10.9816,-35.0628,-24.6169,6.1400,36.9920,2.4744,21.1630,1.3892,44.4912,-31.1701,36.2261,-4.9893,16.6802,-1.4469,20.9675,5.6585,0.2549,4.8271,-1.7349,-34.8895,11.2640,-23.4883,-98.6727,-17.8728,-0.4432,-22.0225,20.9313,34.3860,48.8320,34.1220,-3.9232,7.5877,-24.6801,-39.3036,-24.7840,-58.4234,-11.2430,-51.5018,5.1842,6.3775,-1.2656,20.0884,-1.3722,-9.2376,0.9422,-22.3406,2.9331,10.1038,36.4952,19.8563,15.9421,1.3220,44.3397,20.8009,15.0704,32.9815,-28.8268,14.6328,3.0175,-50.5500,36.8403,-26.7780,38.7589,13.3173,-13.7231,-25.9308,-3.3806,-33.7359,0.8522,-34.3112,-19.6240,-44.8410,68.7976,-72.7597,-0.4977,-14.2887,-36.5583,-5.6709,-5.7376,22.5771,36.6020,-17.5460,-0.4589,-35.0493,5.0685,-14.6560,-63.7472,-2.1190,-7.1339,-50.9357,-59.4534,-11.8347,-45.9642,64.2995,-9.3838,-4.2955,23.4576,-7.1376,-9.3676,10.6698,-14.5619,-32.6952,-18.9056,-45.7295,49.1311,45.3805,10.4168,-65.8505,-13.4219,9.1285,64.6865,5.2482,36.8534,-21.3638,-29.5500,-7.0580,-80.0210,33.7807,41.0294,33.3031,66.4307,21.7315,-11.7914,16.6499,-46.3460,-35.5877,-52.0555,41.0425,-9.9233,17.8430,-28.3836,-25.7913,-66.5283,23.0419,19.2707,-27.1710,-56.7868,-71.5368,-24.3635,43.1479,54.1980,14.5230,-40.2506,-0.5546,-40.5014,53.9716,16.5528
-42.2624,-17.6580,1.3920,18.7940,42.1519,41.9834,65.3749,-14.9000,-33.0221,8.4271,12.2643,-1.9695,-44.4958,11.4705,-42.1431,-14.6748,-24.8315,0.7129,-11.6547,-20.7652,38.3735,31.3066,10.8517,2.7993,24.4697,1.6091,68.4594,-10.8653,-4.8803,-43.3717,55.2223,-12.3375,-39.7371,-26.3131,23.4736,18.9227,4.6651,139.6701,36.7834,19.4088,-34.2501,12.9114,70.9346,-27.9857,-16.1672,-49.4916,1.0761,36.0438,12.5321,-13.1027,-24.3467,-13.0717,-12.9005,-40.9200,32.0554,-0.0940,8.6496,60.3106,-19.0871,-41.3705,-40.8762,28.3102,-1.9283,27.5610,-3.5218,-12.6664,-69.9449,-26.6683,12.1119,16.7354,9.9495,34.4048,-6.8508,-12.8973,26.7196,36.1806,-31.3918,-40.5036,-14.4077,-33.9507,-16.1702,22.4143,-3.8886,-2.3375,-21.2411,26.6695,21.9460,43.3276,-0.0652,14.2349,3.0060,3.7635,-19.2636,-31.9356,51.0264,14.2592,22.4693,-3.0193,-3.5065,26.3213,16.9293,-7.8351,-5.6476,-23.4265,41.9728,12.3106,-4.1135,-25.6052,43.6722,-10.9816,-35.0628,-24.6169,6.1400,36.9920,2.4744,21.1630,1.3892,44.4912,-31.1701,36.2261,-4.9893,16.6802,-1.4469,20.9675,5.6585,0.2549,4.8271,-1.7349,-34.8895,11.2640,-23.4883,-98.6727,-17.8728,-0.4432,-22.0225,20.9313,34.3860,48.8320,34.1220,-3.9232,7.5877,-24.6801,-39.3036,-24.7840,-58.4234,-11.2430,-51.5018,5.1842,6.3775,-1.2656,20.0884,-1.3722,-9.2376,0.9422,-22.3406,2.9331,10.1038,36.4952,19.8563,15.9421,1.3220,44.3397,20.8009,15.0704,32.9815,-28.8268,14.6328,3.0175,-50.5500,36.8403,-26.7780,38.7589,13.3173,-13.7231,-25.9308,-3.3806,-33.7359,0.8522,-34.3112,-19.6240,-44.8410,68.7976,-72.7597,-0.4977,-14.2887,-36.5583,-5.6709,-5.7376,22.5771,36.6020,-17.5460,-0.4589,-35.0493,5.0685,-14.6560,-63.7472,-2.1190,-7.1339,-50.9357,-59.4534,-11.8347,-45.9642,64.2995,-9.3838,-4.2955,23.4576,-7.1376,-9.3676,10.6698,-14.5619,-32.6952,-18.9056,-45.7295,49.1311,45.3805,10.4168,-65.8505,-13.4219,9.1285,64.6865,5.2482,36.8534,-21.3638,-29.5500,-7.0580,-80.0210,33.7807,41.0294,33.3031,66.4307,21.7315,-11.7914,16.6499,-46.3460,-35.5877,-52.0555,41.0425,-9.9233,17.8430,-28.3836,-25.7913,-66.5283,23.0419,19.2707,-27.1710,-56.7868,-71.5368,-24.3635,43.1479,54.1980,14.5230,-40.2506,-0.5546,-40.5014,53.9716,16.5528
-42.2624,-17.6580,1.3920,18.7940,42.1519,41.9834,65.3749,-14.9000,-33.0221,8.4271,12.2643,-1.9695,-44.4958,11.4705,-42.1431,-14.6748,-24.8315,0.7129,-11.6547,-20.7652,38.3735,31.3066,10.8517,2.7993,24.4697,1.6091,68.4594,-10.8653,-4.8803,-43.3717,55.2223,-12.3375,-39.7371,-26.3131,23.4736,18.9227,4.6651,139.6701,36.7834,19.4088,-34.2501,12.9114,70.9346,-27.9857,-16.1672,-49.4916,1.0761,36.0438,12.5321,-13.1027,-24.3467,-13.0717,-12.9005,-40.9200,32.0554,-0.0940,8.6496,60.3106,-19.0871,-41.3705,-40.8762,28.3102,-1.9283,27.5610,-3.5218,-12.6664,-69.9449,-26.6683,12.1119,16.7354,9.9495,34.4049,-6.8508,-12.8973,26.7196,36.1806,-31.3918,-40.5036,-14.4077,-33.9507,-16.1702,22.4143,-3.8886,-2.3375,-21.2412,26.6695,21.9460,43.3276,-0.0652,14.2349,3.0060,3.7635,-19.2636,-31.9356,51.0264,14.2592,22.4693,-3.0193,-3.5065,26.3213,16.9293,-7.8351,-5.6476,-23.4265,41.9728,12.3106,-4.1135,-25.6052,43.6722,-10.9816,-35.0628,-24.6169,6.1400,36.9920,2.4744,21.1630,1.3892,44.4912,-31.1701,36.2260,-4.9893,16.6802,-1.4469,20.9675,5.6585,0.2549,4.8271,-1.7349,-34.8895,11.2640,-23.4883,-98.6727,-17.8728,-0.4432,-22.0225,20.9313,34.3860,48.8320,34.1220,-3.9232,7.5877,-24.6801,-39.3036,-24.7840,-58.4234,-11.2430,-51.5018,5.1842,6.3775,-1.2656,20.0884,-1.3722,-9.2376,0.9422,-22.3406,2.9331,10.1038,36.4952,19.8563,15.9421,1.3220,44.3397,20.8009,15.0704,32.9815,-28.8268,14.6328,3.0175,-50.5500,36.8403,-26.7780,38.7589,13.3173,-13.7231,-25.9308,-3.3806,-33.7359,0.8522,-34.3112,-19.6240,-44.8410,68.7976,-72.7597,-0.4977,-14.2887,-36.5583,-5.6709,-5.7376,22.5771,36.6020,-17.5460,-0.4589,-35.0493,5.0685,-14.6560,-63.7472,-2.1190,-7.1339,-50.9357,-59.4534,-11.8347,-45.9642,64.2995,-9.3838,-4.2955,23.4576,-7.1376,-9.3676,10.6698,-14.5619,-32.6952,-18.9056,-45.7295,49.1311,45.3805,10.4168,-65.8505,-13.4219,9.1285,64.6865,5.2482,36.8534,-21.3638,-29.5500,-7.0580,-80.0210,33.7807,41.0294,33.3031,66.4307,21.7315,-11.7914,16.6499,-46.3460,-35.5877,-52.0555,41.0425,-9.9233,17.8430,-28.3836,-25.7913,-66.5283,23.0419,19.2707,-27.1710,-56.7868,-71.5368,-24.3635,43.1479,54.1980,14.5230,-40.2506,-0.5546,-40.5014,53.9716,16.5528
-42.2624,-17.6580,1.3920,18.7940,42.1519,41.9834,65.3749,-14.9000,-33.0221,8.4271,12.2643,-1.9695,-44.4958,11.4705,-42.1431,-14.6748,-24.8315,0.7129,-11.6547,-20.7652,38.3735,31.3066,10.8517,2.7993,24.4697,1.6091,68.4594,-10.8653,-4.8803,-43.3717,55.2223,-12.3375,-39.7371,-26.3131,23.4737,18.9227,4.6651,139.6701,36.7834,19.4088,-34.2501,12.9114,70.9346,-27.9857,-16.1672,-49.4916,1.0761,36.0438,12.5321,-13.1027,-24.3467,-13.0717,-12.9005,-40.9200,32.0554,-0.0940,8.6496,60.3106,-19.0871,-41.3705,-40.8762,28.3102,-1.9283,27.5610,-3.5218,-12.6664,-69.9449,-26.6683,12.1119,16.7354,9.9495,34.4048,-6.8508,-12.8973,26.7196,36.1806,-31.3918,-40.5036,-14.4077,-33.9507,-16.1702,22.4143,-3.8886,-2.3375,-21.2411,26.6695,21.9460,43.3276,-0.0652,14.2349,3.0060,3.7635,-19.2636,-31.9356,51.0264,14.2592,22.4693,-3.0193,-3.5065,26.3213,16.9293,-7.8351,-5.6476,-23.4265,41.9728,12.3106,-4.1135,-25.6052,43.6722,-10.9816,-35.0628,-24.6169,6.1400,36.9920,2.4744,21.1630,1.3892,44.4912,-31.1701,36.2261,-4.9893,16.6802,-1.4469,20.9675,5.6585,0.2549,4.8271,-1.7349,-34.8895,11.2640,-23.4883,-98.6727,-17.8728,-0.4432,-22.0225,20.9313,34.3860,48.8320,34.1220,-3.9232,7.5877,-24.6801,-39.3036,-24.7840,-58.4234,-11.2430,-51.5018,5.1842,6.3775,-1.2656,20.0884,-1.3722,-9.2376,0.9422,-22.3406,2.9331,10.1038,36.4952,19.8563,15.9421,1.3220,44.3397,20.8009,15.0704,32.9815,-28.8268,14.6328,3.0175,-50.5500,36.8403,-26.7780,38.7589,13.3173,-13.7231,-25.9308,-3.3806,-33.7359,0.8522,-34.3112,-19.6240,-44.8410,68.7976,-72.7597,-0.4977,-14.2887,-36.5583,-5.6709,-5.7376,22.5771,36.6020,-17.5460,-0.4589,-35.0493,5.0685,-14.6560,-63.7472,-2.1190,-7.1339,-50.9357,-59.4534,-11.8347,-45.9642,64.2995,-9.3838,-4.2955,23.4576,-7.1376,-9.3676,10.6698,-14.5619,-32.6952,-18.9056,-45.7295,49.1311,45.3805,10.4168,-65.8505,-13.4219,9.1285,64.6865,5.2482,36.8534,-21.3638,-29.5500,-7.0580,-80.0210,33.7807,41.0294,33.3031,66.4307,21.7315,-11.7914,16.6499,-46.3460,-35.5877,-52.0555,41.0425,-9.9233,17.8430,-28.3836,-25.7913,-66.5283,23.0419,19.2707,-27.1710,-56.7868,-71.5368,-24.3635,43.1479,54.1980,14.5230,-40.2506,-0.5546,-40.5014,53.9716,16.5528
-39.0289,-21.7447,37.0467,-21.2152,6.2045,45.2658,15.0299,-47.4001,-28.9578,-12.1179,-9.9871,-2.9603,22.5291,19.1838,21.1392,11.0120,10.9817,1.5480,-7.3758,-37.9013,17.3250,28.1191,-17.7181,-23.1610,-2.4381,-36.9362,23.7488,4.5909,8.5796,1.7891,50.8360,9.6617,-73.7552,-3.9483,38.3142,-19.9997,8.9946,65.5930,5.7350,-7.4253,-27.5744,22.7160,15.4861,10.8240,-34.1351,25.1835,-10.7181,24.0237,0.8372,-24.2264,-24.3374,-53.7190,-30.2729,-0.6478,-14.6904,-9.3758,44.0245,49.1384,-42.5704,-35.3354,-3.1557,21.4713,-9.1867,33.3663,-1.6223,-15.7978,-50.9067,7.0060,25.5408,43.3166,-9.0229,7.7620,-15.4043,13.2778,1.6415,29.8402,-22.2867,-44.1387,-9.2648,-41.1328,-16.0114,3.9768,7.5982,-28.1330,-17.9875,-0.6173,25.5761,29.9599,2.2769,-8.6605,36.8472,13.1489,22.6074,-25.1567,9.7485,24.1458,-13.2710,-39.2059,-4.6644,2.3572,3.7179,7.9351,-18.8524,-51.9340,18.1125,26.8743,-24.3492,-21.9685,51.8894,17.9837,-11.3543,11.4201,-0.6188,-8.0936,21.6341,-23.7547,13.2690,7.6920,-7.1994,14.3995,20.6018,-30.6535,-6.6487,-8.0422,-19.2978,-29.8835,22.9724,-30.5886,-15.9429,-21.3389,-23.1778,-23.9005,27.9416,-21.4961,-19.7990,-5.8360,5.9627,10.5771,-2.6456,8.5505,-24.5409,-3.2654,-51.0188,25.3650,3.7366,35.0756,-17.1743,34.1809,-9.0772,-52.4562,3.9012,10.5961,-17.5948,35.8404,-30.7881,0.6162,21.0396,-24.3450,2.5594,-30.4855,-30.2627,17.0713,-29.6678,9.6729,44.0032,-52.5550,-16.0027,24.8532,12.5222,10.2224,-38.8871,27.0528,-28.6771,-22.3548,2.7526,-42.7645,26.9007,13.0250,-40.3008,14.2092,9.7911,47.1661,-13.3655,12.4045,20.7655,-28.7646,-7.2766,-18.1207,31.2795,36.8035,-40.7970,5.6246,-34.8070,17.8735,39.4342,-16.2352,26.2666,-18.2130,-31.1861,-25.1317,3.1115,-72.8838,16.8692,9.9600,-6.3804,28.1237,-51.2274,-20.6299,-29.7292,29.9826,28.8131,-11.9130,-17.7877,19.3729,17.7254,-8.0559,-47.1888,-7.0233,-19.3181,2.4469,-12.9611,26.1485,-18.4872,-48.5234,-36.9021,-77.3944,12.0515,46.8233,32.7913,70.8649,20.3026,-2.8479,20.5982,-26.8481,-12.8911,-41.1961,36.1430,-49.1753,0.8101,15.0219,-31.6074,-43.8929,15.1402,3.3731,-25.8285,-32.6420,-65.3896,-45.3908,13.1040,57.8283,-5.5120,5.3621,8.2822,-3.1170,36.6723,51.6351
-39.0289,-21.7447,37.0467,-21.2152,6.2045,45.2658,15.0299,-47.4001,-28.9578,-12.1179,-9.9871,-2.9603,22.5291,19.1838,21.1392,11.0120,10.9817,1.5480,-7.3758,-37.9013,17.3250,28.1191,-17.7181,-23.1610,-2.4381,-36.9362,23.7488,4.5909,8.5796,1.7892,50.8360,9.6617,-73.7552,-3.9483,38.3142,-19.9997,8.9946,65.5930,5.7350,-7.4253,-27.5744,22.7160,15.4861,10.8240,-34.1351,25.1835,-10.7181,24.0237,0.8372,-24.2264,-24.3374,-53.7190,-30.2729,-0.6478,-14.6904,-9.3758,44.0245,49.1384,-42.5704,-35.3354,-3.1557,21.4713,-9.1867,33.3663,-1.6223,-15.7978,-50.9067,7.0060,25.5408,43.3166,-9.0229,7.7620,-15.4043,13.2778,1.6415,29.8402,-22.2867,-44.1387,-9.2648,-41.1328,-16.0114,3.9768,7.5982,-28.1330,-17.9875,-0.6173,25.5761,29.9599,2.2769,-8.6605,36.8472,13.1489,22.6074,-25.1567,9.7485,24.1458,-13.2710,-39.2059,-4.6644,2.3572,3.7179,7.9351,-18.8524,-51.9340,18.1125,26.8743,-24.3492,-21.9685,51.8894,17.9837,-11.3543,11.4201,-0.6188,-8.0936,21.6341,-23.7547,13.2690,7.6920,-7.1994,14.3995,20.6018,-30.6535,-6.6487,-8.0422,-19.2978,-29.8835,22.9724,-30.5886,-15.9429,-21.3389,-23.1778,-23.9005,27.9416,-21.4961,-19.7990,-5.8360,5.9627,10.5771,-2.6456,8.5505,-24.5409,-3.2654,-51.0188,25.3650,3.7366,35.0756,-17.1743,34.1809,-9.0772,-52.4562,3.9012,10.5961,-17.5948,35.8404,-30.7881,0.6162,21.0396,-24.3450,2.5594,-30.4855,-30.2627,17.0713,-29.6678,9.6729,44.0032,-52.5550,-16.0027,24.8532,12.5222,10.2224,-38.8871,27.0528,-28.6771,-22.3548,2.7526,-42.7645,26.9007,13.0250,-40.3008,14.2092,9.7911,47.1661,-13.3655,12.4045,20.7655,-28.7646,-7.2766,-18.1207,31.2795,36.8035,-40.7970,5.6246,-34.8070,17.8735,39.4342,-16.2352,26.2666,-18.2130,-31.1861,-25.1317,3.1115,-72.8838,16.8692,9.9600,-6.3804,28.1237,-51.2274,-20.6299,-29.7292,29.9826,28.8131,-11.9130,-17.7877,19.3729,17.7254,-8.0559,-47.1888,-7.0233,-19.3181,2.4469,-12.9611,26.1485,-18.4872,-48.5234,-36.9021,-77.3944,12.0515,46.8233,32.7913,70.8649,20.3026,-2.8479,20.5982,-26.8481,-12.8911,-41.1961,36.1430,-49.1753,0.8101,15.0219,-31.6074,-43.8929,15.1402,3.3731,-25.8285,-32.6420,-65.3896,-45.3908,13.1040,57.8283,-5.5120,5.3621,8.2822,-3.1170,36.6723,51.6351
-39.0289,-21.7447,37.0467,-21.2152,6.2045,45.2658,15.0299,-47.4001,-28.9578,-12.1179,-9.9871,-2.9603,22.5291,19.1838,21.1392,11.0120,10.9817,1.5481,-7.3758,-37.9013,17.3250,28.1191,-17.7181,-23.1610,-2.4381,-36.9362,23.7488,4.5909,8.5796,1.7891,50.8360,9.6617,-73.7552,-3.9483,38.3142,-19.9997,8.9946,65.5930,5.7350,-7.4253,-27.5744,22.7160,15.4861,10.8240,-34.1351,25.1835,-10.7181,24.0237,0.8372,-24.2264,-24.3374,-53.7190,-30.2729,-0.6478,-14.6904,-9.3758,44.0245,49.1384,-42.5704,-35.3354,-3.1557,21.4713,-9.1867,33.3663,-1.6223,-15.7978,-50.9067,7.0060,25.5408,43.3166,-9.0229,7.7620,-15.4043,13.2778,1.6415,29.8402,-22.2867,-44.1387,-9.2648,-41.1328,-16.0114,3.9768,7.5982,-28.1330,-17.9875,-0.6173,25.5761,29.9599,2.2769,-8.6605,36.8472,13.1489,22.6074,-25.1567,9.7485,24.1458,-13.2710,-39.2059,-4.6644,2.3572,3.7179,7.9351,-18.8524,-51.9340,18.1125,26.8743,-24.3492,-21.9685,51.8894,17.9837,-11.3543,11.4201,-0.6188,-8.0936,21.6341,-23.7547,13.2690,7.6920,-7.1994,14.3995,20.6018,-30.6535,-6.6487,-8.0422,-19.2978,-29.8835,22.9724,-30.5886,-15.9429,-21.3389,-23.1778,-23.9005,27.9416,-21.4961,-19.7990,-5.8360,5.9627,10.5771,-2.6456,8.5505,-24.5409,-3.2654,-51.0188,25.3650,3.7366,35.0756,-17.1743,34.1809,-9.0772,-52.4562,3.9012,10.5961,-17.5948,35.8404,-30.7881,0.6162,21.0396,-24.3450,2.5594,-30.4855,-30.2627,17.0713,-29.6678,9.6729,44.0032,-52.5550,-16.0027,24.8532,12.5222,10.2224,-38.8871,27.0528,-28.6771,-22.3548,2.7526,-42.7645,26.9007,13.0250,-40.3008,14.2092,9.7911,47.1661,-13.3655,12.4045,20.7655,-28.7646,-7.2766,-18.1207,31.2795,36.8035,-40.7970,5.6246,-34.8070,17.8735,39.4342,-16.2352,26.2666,-18.2130,-31.1861,-25.1317,3.1115,-72.8838,16.8692,9.9600,-6.3804,28.1237,-51.2274,-20.6299,-29.7292,29.9826,28.8131,-11.9130,-17.7877,19.3729,17.7254,-8.0559,-47.1888,-7.0233,-19.3181,2.4469,-12.9611,26.1485,-18.4872,-48.5234,-36.9021,-77.3944,12.0515,46.8233,32.7913,70.8649,20.3026,-2.8479,20.5982,-26.8481,-12.8911,-41.1961,36.1430,-49.1753,0.8101,15.0219,-31.6074,-43.8929,15.1402,3.3731,-25.8285,-32.6420,-65.3896,-45.3908,13.1040,57.8283,-5.5120,5.3621,8.2822,-3.1170,36.6723,51.6351
-39.0289,-21.7447,37.0467,-21.2152,6.2045,45.2658,15.0299,-47.4001,-28.9578,-12.1179,-9.9871,-2.9603,22.5291,19.1838,21.1392,11.0120,10.9817,1.5481,-7.3758,-37.9013,17.3250,28.1191,-17.7181,-23.1610,-2.4381,-36.9362,23.7488,4.5909,8.5796,1.7892,50.8360,9.6617,-73.7552,-3.9483,38.3142,-19.9997,8.9946,65.5930,5.7350,-7.4253,-27.5744,22.7160,15.4861,10.8240,-34.1351,25.1835,-10.7181,24.0237,0.8372,-24.2264,-24.3374,-53.7190,-30.2729,-0.6478,-14.6904,-9.3758,44.0245,49.1384,-42.5704,-35.3354,-3.1557,21.4713,-9.1867,33.3663,-1.6223,-15.7978,-50.9067,7.0060,25.5408,43.3166,-9.0229,7.7620,-15.4043,13.2778,1.6415,29.8402,-22.2867,-44.1387,-9.2648,-41.1328,-16.0114,3.9768,7.5982,-28.1330,-17.9875,-0.6173,25.5761,29.9599,2.2769,-8.6605,36.8472,13.1489,22.6074,-25.1567,9.7485,24.1458,-13.2710,-39.2059,-4.6644,2.3572,3.7179,7.9351,-18.8524,-51.9340,18.1125,26.8743,-24.3492,-21.9685,51.8894,17.9837,-11.3543,11.4201,-0.6188,-8.0936,21.6341,-23.7547,13.2690,7.6920,-7.1994,14.3995,20.6018,-30.6535,-6.6487,-8.0422,-19.2978,-29.8835,22.9724,-30.5886,-15.9429,-21.3389,-23.1778,-23.9005,27.9416,-21.4961,-19.7990,-5.8360,5.9627,10.5771,-2.6456,8.5505,-24.5409,-3.2654,-51.0188,25.3650,3.7366,35.0756,-17.1743,34.1809,-9.0772,-52.4562,3.9012,10.5961,-17.5948,35.8404,-30.7881,0.6162,21.0396,-24.3450,2.5594,-30.4855,-30.2627,17.0713,-29.6678,9.6729,44.0032,-52.5550,-16.0027,24.8532,12.5222,10.2224,-38.8871,27.0528,-28.6771,-22.3548,2.7526,-42.7645,26.9007,13.0250,-40.3008,14.2092,9.7911,47.1661,-13.3655,12.4045,20.7655,-28.7646,-7.2766,-18.1207,31.2795,36.8035,-40.7970,5.6246,-34.8070,17.8735,39.4342,-16.2352,26.2666,-18.2130,-31.1861,-25.1317,3.1115,-72.8838,16.8692,9.9600,-6.3804,28.1237,-51.2274,-20.6299,-29.7292,29.9826,28.8131,-11.9130,-17.7877,19.3729,17.7254,-8.0559,-47.1888,-7.0233,-19.3181,2.4469,-12.9611,26.1485,-18.4872,-48.5234,-36.9021,-77.3944,12.0515,46.8233,32.7913,70.8649,20.3026,-2.8479,20.5982,-26.8481,-12.8911,-41.1961,36.1430,-49.1753,0.8101,15.0219,-31.6074,-43.8929,15.1402,3.3731,-25.8285,-32.6420,-65.3896,-45.3908,13.1040,57.8283,-5.5120,5.3621,8.2822,-3.1170,36.6723,51.6351
-33.5034,22.7554,6.2316,-24.1322,15.1293,47.2972,41.0602,-24.5386,-14.5794,23.1269,-31.3392,2.0146,5.7150,4.5439,-15.8707,-9.5966,28.8731,1.9442,-8.2432,8.4353,37.0441,-20.2582,-12.9356,-28.2326,40.7613,-6.6996,0.2173,15.9809,-5.1632,4.5753,44.0142,9.2108,-38.1970,3.0797,28.5284,2.0444,25.7569,63.8676,23.9232,9.3328,9.3045,22.8878,3.9854,17.2115,-16.9606,10.5354,4.2524,-9.1916,31.5104,-24.2386,-25.2233,-41.0571,-9.2701,-12.6187,-6.6194,-38.4466,42.3197,25.1122,-42.0332,-28.0834,-1.8150,37.8632,36.6110,10.7865,-27.4326,-10.2220,-10.7640,4.4129,-12.6249,34.4403,4.1584,11.6287,23.0761,-4.4009,-8.2350,21.3894,-33.2164,-29.1400,-3.0948,-45.8129,16.4209,6.9447,-6.5404,-24.8373,-4.7546,-21.5248,-0.6670,7.3802,-20.3602,-5.4273,9.4717,19.2166,-31.0645,0.8522,6.2208,13.6504,12.9218,-45.6408,-24.6274,-23.8603,6.5099,13.8982,-7.3150,2.8329,1.3324,-11.2955,-5.9902,-18.5757,39.7403,-7.1792,-2.8065,-20.2781,-36.5602,6.0686,24.1717,-10.1868,14.4491,31.3556,14.0540,10.1430,38.9012,16.7024,-6.6334,-2.0600,20.6866,-4.5743,7.3831,-8.0318,-5.9044,-36.3739,-21.2954,-28.6401,7.7457,-11.5950,6.9707,4.6908,5.0548,10.3541,11.8373,16.2499,-16.8461,-40.5322,-33.5944,-0.8984,-9.2177,40.0808,-6.8631,1.6397,-3.4417,-13.3672,23.0183,33.3271,-19.1585,-2.5867,44.4940,-9.4757,-8.8868,-19.0977,-46.4473,-18.1165,12.7927,1.2567,14.0018,-19.3202,39.9932,-37.0751,-20.0046,1.2590,-42.5181,-17.7242,-6.9308,33.1821,-10.9117,0.5791,10.3280,-38.2211,-22.8388,-0.9121,-16.4779,16.6812,-1.2398,30.8262,-47.0550,-20.9595,24.0428,-19.8615,2.4918,-18.9113,31.4733,18.6898,-37.5736,-22.3428,-32.7562,15.5260,-4.8891,-40.1516,2.0955,2.7680,-25.9569,-0.9857,13.2573,-84.1910,20.2375,26.9452,5.8807,34.5057,-9.8703,3.3111,-2.3095,8.2521,-25.0857,-44.4804,-27.8246,6.3750,-14.6926,34.2607,-31.2239,-27.9871,-26.6443,19.3805,9.2755,42.2141,-9.0380,-23.6944,-9.5642,-35.4715,20.3698,8.4740,26.4795,-0.7313,-0.5268,-18.4545,-10.2336,-0.4055,-17.1742,-44.8620,34.7772,-22.7365,15.8039,5.1314,2.9363,-32.6079,-3.5542,7.0505,-30.9135,5.0052,-31.5541,12.4706,-1.8499,46.3335,4.7140,-25.4108,-5.0464,33.0895,8.3762,32.2240
-29.3153,-16.7322,-11.9295,-8.8118,5.8098,23.7733,34.8486,-1.2395,3.4550,2.0028,-22.2393,1.0658,12.7419,-5.0240,-6.7905,-5.2621,-3.9411,-5.9414,4.6486,8.2196,8.8407,-3.2083,12.5784,-6.2134,22.0513,-3.0416,30.7958,10.0448,-1.9695,8.3369,20.4922,6.1772,-26.1116,1.5450,-6.5895,3.7904,14.5723,31.1092,12.0348,16.5418,7.9387,-5.8647,-1.0974,16.1558,-11.1324,-4.0938,2.4610,-16.4937,9.6388,10.0808,-6.3667,-12.0578,-12.8560,-7.9493,5.0626,-10.6332,10.6841,-4.4623,-20.6343,-5.3804,11.3656,14.4904,8.3625,1.4709,-6.4354,3.9467,-3.2308,-6.8735,2.7354,9.5641,-7.2582,6.5718,-1.0486,-7.2276,-6.3394,16.3187,-17.9684,-9.1476,13.7976,-2.2091,4.4174,-2.3092,-17.7265,-20.0318,-1.0034,-7.0849,17.2240,12.8932,-16.2268,3.2276,-6.6554,6.8674,3.4839,-6.2244,17.4905,1.1952,3.4198,-8.4258,20.0202,9.0631,-4.0895,-3.1519,13.6024,-3.4517,-21.6327,0.1209,-9.6955,-3.5457,15.9299,7.9973,8.4019,4.5264,-16.3059,-18.0363,8.8991,-9.6878,10.8264,2.6317,1.7301,11.0275,19.2350,4.2786,19.2518,-6.0779,-4.4215,11.1636,-4.7409,1.9567,10.6357,-9.2759,-6.8483,-24.6589,-3.5000,-7.0762,-3.4041,13.2145,12.6169,-2.0098,6.0130,-25.0576,8.0230,-22.6322,-17.8431,17.6935,-5.2118,5.8203,-17.1294,1.3319,-8.4035,-20.0325,25.9761,19.6943,-15.0387,2.0592,6.0175,-15.1977,2.9879,-1.3218,7.5790,-9.6949,-13.5714,-7.4866,0.3683,-13.6297,35.8839,-1.9717,6.6230,7.9978,-11.0901,-17.5005,21.8110,13.0781,5.1797,-10.1882,-6.9506,-7.0667,14.6024,4.1219,-21.1240,12.0753,-14.9130,10.4489,-11.3251,16.1529,15.5284,-0.5588,-9.8119,-2.0606,13.3546,27.0166,-11.9545,-14.8774,-18.2998,5.5091,13.7924,-4.5951,-9.0416,8.2559,-9.9473,2.2896,-8.4384,-34.9369,26.9890,-0.2016,2.4790,17.3262,1.2721,-16.1977,-16.1206,6.9465,-9.4023,-9.6477,-11.4247,9.0084,-8.9853,2.9067,-12.3736,-3.2039,-10.2869,5.8097,22.1405,-3.9982,-7.2840,-6.2810,-8.0641,-27.7039,-5.5115,-0.4274,6.0917,8.8683,-7.2298,3.7816,-7.1116,-5.7294,15.5602,-14.0214,-6.3853,-6.4430,1.2403,-17.0942,-3.8121,-16.9526,3.1663,-5.7564,8.8514,-11.4775,-34.2385,11.7387,6.0426,15.5637,-10.3881,-13.7915,-12.6307,9.5679,-4.3021,20.1652
-29.3153,-16.7322,-11.9295,-8.8118,5.8098,23.7733,34.8486,-1.2395,3.4550,2.0028,-22.2393,1.0658,12.7419,-5.0240,-6.7905,-5.2621,-3.9411,-5.9414,4.6486,8.2196,8.8407,-3.2083,12.5784,-6.2134,22.0513,-3.0416,30.7958,10.0448,-1.9695,8.3369,20.4922,6.1772,-26.1116,1.5450,-6.5895,3.7904,14.5723,31.1092,12.0348,16.5418,7.9387,-5.8647,-1.0974,16.1558,-11.1324,-4.0938,2.4610,-16.4937,9.6388,10.0808,-6.3667,-12.0578,-12.8560,-7.9493,5.0626,-10.6332,10.6841,-4.4623,-20.6343,-5.3804,11.3656,14.4904,8.3625,1.4709,-6.4354,3.9467,-3.2308,-6.8735,2.7354,9.5641,-7.2582,6.5718,-1.0486,-7.2276,-6.3394,16.3187,-17.9684,-9.1476,13.7976,-2.2091,4.4174,-2.3092,-17.7265,-20.0318,-1.0034,-7.0849,17.2240,12.8933,-16.2268,3.2276,-6.6554,6.8674,3.4839,-6.2244,17.4905,1.1952,3.4198,-8.4258,20.0202,9.0631,-4.0895,-3.1519,13.6024,-3.4517,-21.6327,0.1209,-9.6955,-3.5457,15.9299,7.9973,8.4019,4.5264,-16.3059,-18.0363,8.8991,-9.6878,10.8264,2.6317,1.7301,11.0275,19.2350,4.2786,19.2518,-6.0779,-4.4215,11.1636,-4.7409,1.9567,10.6357,-9.2759,-6.8483,-24.6589,-3.5000,-7.0762,-3.4041,13.2145,12.6169,-2.0098,6.0130,-25.0576,8.0230,-22.6322,-17.8431,17.6935,-5.2118,5.8203,-17.1294,1.3319,-8.4035,-20.0325,25.9761,19.6943,-15.0387,2.0592,6.0175,-15.1977,2.9879,-1.3218,7.5790,-9.6949,-13.5714,-7.4866,0.3683,-13.6297,35.8839,-1.9717,6.6230,7.9978,-11.0901,-17.5005,21.8110,13.0781,5.1797,-10.1882,-6.9506,-7.0667,14.6024,4.1219,-21.1240,12.0753,-14.9130,10.4489,-11.3251,16.1529,15.5284,-0.5588,-9.8119,-2.0606,13.3546,27.0166,-11.9545,-14.8774,-18.2998,5.5091,13.7924,-4.5951,-9.0416,8.2559,-9.9473,2.2896,-8.4384,-34.9369,26.9890,-0.2016,2.4790,17.3262,1.2721,-16.1977,-16.1206,6.9465,-9.4023,-9.6477,-11.4247,9.0084,-8.9853,2.9067,-12.3736,-3.2039,-10.2869,5.8097,22.1405,-3.9982,-7.2840,-6.2810,-8.0641,-27.7039,-5.5115,-0.4274,6.0917,8.8683,-7.2298,3.7816,-7.1116,-5.7294,15.5602,-14.0214,-6.3853,-6.4430,1.2403,-17.0942,-3.8121,-16.9526,3.1663,-5.7564,8.8514,-11.4775,-34.2385,11.7387,6.0426,15.5637,-10.3881,-13.7915,-12.6307,9.5679,-4.3021,20.1652
-27.3073,-12.6207,-19.8400,14.7177,-6.2100,49.2141,73.3288,-27.5293,11.7741,9.9521,-23.1032,-0.0263,7.2708,0.8775,-28.4185,23.8574,-18.4613,1.4022,23.0729,11.7057,16.2400,-3.4456,-9.8021,15.4321,18.5072,17.3872,83.6802,28.1903,10.8011,-5.5848,52.3327,-22.1393,-48.5950,11.4731,35.0517,4.8217,12.5795,38.5407,-17.9207,-11.2046,15.5519,-5.7293,-8.1209,36.6842,8.6590,-50.6117,-7.8693,-20.1215,27.9192,23.0548,15.1822,11.8117,-25.9463,-29.1502,17.4876,-40.4167,48.3587,20.5471,-19.0728,-42.1312,27.6630,-6.3131,-5.9445,40.1432,-22.1681,32.0475,-42.4059,-4.1018,1.3287,20.2809,12.6030,34.2132,-25.4248,18.2125,25.2629,27.8935,-63.1111,3.2177,-28.2846,-42.8318,-0.5795,11.5029,9.4539,-31.0377,47.1002,-9.1860,21.7579,53.3287,1.9516,15.4827,21.6051,16.4997,6.4429,39.3102,7.2646,39.6434,18.3538,-37.8945,43.5710,28.8405,-0.9058,47.8824,38.1170,-18.5806,-39.2715,-8.9386,-22.7894,48.0244,23.5501,24.3166,-8.3998,9.4730,-45.0698,-43.9870,48.1790,-29.8389,19.1793,-43.8418,3.6104,-13.5078,12.4859,-2.1762,6.9755,-16.2954,-9.0885,-6.1042,-2.1182,-13.3448,-3.2047,14.8396,-2.1874,-67.5575,30.1110,-44.4687,-14.6459,-5.9487,3.7007,38.4153,19.4620,-38.4564,23.6607,-33.9064,-57.4550,53.1300,-3.9290,-25.9641,-22.9626,2.0715,-46.9150,-58.2367,27.8440,11.8700,2.9632,-13.2156,-14.4829,-20.9978,39.1818,-37.9414,4.7645,-15.1863,-29.5747,-4.9260,20.5075,-32.5532,65.0088,-23.8462,5.4690,0.0218,-36.9045,1.1918,0.7471,-14.9140,-16.4914,-9.1578,-16.5475,-4.5548,11.5006,-7.4465,-47.1006,22.8862,-8.2806,23.9646,-31.9438,64.9105,55.7778,-21.7713,-14.6700,10.0346,6.2087,28.6819,0.4336,-8.4093,-34.0639,-6.0090,41.3615,-9.5639,-22.6351,6.4694,-66.0124,-56.9426,-18.2901,-64.0119,22.0720,-33.4815,-10.6263,45.4535,10.0191,-27.3658,-12.5131,63.6113,-11.5105,-9.3357,-37.0135,49.3480,-26.6269,49.3838,12.3780,49.1825,-1.5572,-8.5870,59.8776,-11.3961,-0.1987,-5.8512,-0.2704,-51.1645,22.0803,36.2228,-18.5859,55.1191,11.7636,38.4101,23.7628,16.1025,10.3470,-13.5676,11.1245,-20.8210,40.2529,-32.2893,6.3663,-0.8740,1.9303,-7.1978,7.1907,-44.7334,-47.7482,14.8031,-2.5805,30.3956,12.5846,-37.8236,-54.9603,20.8325,31.5423,55.7242
-27.3073,-12.6207,-19.8400,14.7177,-6.2100,49.2141,73.3288,-27.5293,11.7741,9.9521,-23.1032,-0.0263,7.2708,0.8775,-28.4185,23.8574,-18.4613,1.4022,23.0729,11.7057,16.2400,-3.4456,-9.8021,15.4321,18.5072,17.3873,83.6802,28.1903,10.8011,-5.5848,52.3327,-22.1394,-48.5950,11.4731,35.0517,4.8217,12.5795,38.5407,-17.9207,-11.2046,15.5519,-5.7293,-8.1209,36.6842,8.6590,-50.6117,-7.8693,-20.1215,27.9192,23.0548,15.1822,11.8117,-25.9463,-29.1502,17.4876,-40.4167,48.3587,20.5471,-19.0728,-42.1312,27.6630,-6.3131,-5.9445,40.1432,-22.1681,32.0475,-42.4059,-4.1018,1.3287,20.2809,12.6030,34.2132,-25.4248,18.2125,25.2629,27.8935,-63.1111,3.2177,-28.2846,-42.8318,-0.5795,11.5029,9.4539,-31.0377,47.1002,-9.1860,21.7579,53.3287,1.9516,15.4827,21.6051,16.4997,6.4429,39.3102,7.2646,39.6434,18.3538,-37.8945,43.5710,28.8405,-0.9058,47.8824,38.1170,-18.5806,-39.2715,-8.9386,-22.7894,48.0244,23.5501,24.3166,-8.3998,9.4730,-45.0698,-43.9870,48.1790,-29.8389,19.1793,-43.8418,3.6104,-13.5078,12.4859,-2.1762,6.9755,-16.2954,-9.0885,-6.1042,-2.1182,-13.3448,-3.2047,14.8396,-2.1874,-67.5575,30.1110,-44.4687,-14.6459,-5.9487,3.7007,38.4153,19.4620,-38.4564,23.6607,-33.9064,-57.4550,53.1300,-3.9290,-25.9641,-22.9626,2.0715,-46.9150,-58.2367,27.8440,11.8700,2.9632,-13.2156,-14.4829,-20.9978,39.1818,-37.9414,4.7645,-15.1863,-29.5747,-4.9260,20.5075,-32.5532,65.0088,-23.8462,5.4690,0.0218,-36.9045,1.1918,0.7471,-14.9140,-16.4914,-9.1578,-16.5475,-4.5548,11.5006,-7.4465,-47.1006,22.8862,-8.2806,23.9646,-31.9438,64.9105,55.7778,-21.7713,-14.6700,10.0346,6.2087,28.6819,0.4336,-8.4093,-34.0639,-6.0090,41.3615,-9.5639,-22.6351,6.4694,-66.0124,-56.9426,-18.2901,-64.0119,22.0720,-33.4815,-10.6263,45.4535,10.0191,-27.3658,-12.5131,63.6113,-11.5105,-9.3357,-37.0135,49.3480,-26.6269,49.3838,12.3780,49.1825,-1.5572,-8.5870,59.8776,-11.3961,-0.1987,-5.8512,-0.2704,-51.1645,22.0803,36.2228,-18.5859,55.1191,11.7636,38.4101,23.7628,16.1025,10.3470,-13.5676,11.1245,-20.8210,40.2529,-32.2893,6.3663,-0.8740,1.9303,-7.1978,7.1907,-44.7334,-47.7482,14.8031,-2.5805,30.3956,12.5846,-37.8236,-54.9603,20.8325,31.5423,55.7242
-27.3073,-12.6207,-19.8400,14.7177,-6.2100,49.2141,73.3288,-27.5293,11.7741,9.9521,-23.1032,-0.0263,7.2708,0.8775,-28.4185,23.8574,-18.4613,1.4022,23.0729,11.7057,16.2400,-3.4456,-9.8021,15.4321,18.5072,17.3873,83.6802,28.1903,10.8011,-5.5848,52.3327,-22.1393,-48.5950,11.4731,35.0517,4.8217,12.5795,38.5407,-17.9207,-11.2046,15.5519,-5.7293,-8.1209,36.6842,8.6590,-50.6117,-7.8693,-20.1215,27.9192,23.0548,15.1822,11.8117,-25.9463,-29.1502,17.4876,-40.4167,48.3587,20.5471,-19.0728,-42.1312,27.6630,-6.3131,-5.9445,40.1432,-22.1681,32.0475,-42.4059,-4.1018,1.3287,20.2809,12.6030,34.2132,-25.4248,18.2125,25.2629,27.8935,-63.1111,3.2177,-28.2846,-42.8318,-0.5795,11.5029,9.4539,-31.0377,47.1002,-9.1860,21.7579,53.3287,1.9516,15.4827,21.6051,16.4997,6.4429,39.3102,7.2646,39.6434,18.3538,-37.8945,43.5710,28.8405,-0.9058,47.8824,38.1170,-18.5806,-39.2715,-8.9386,-22.7894,48.0244,23.5501,24.3166,-8.3998,9.4730,-45.0698,-43.9870,48.1790,-29.8389,19.1793,-43.8418,3.6104,-13.5078,12.4859,-2.1762,6.9755,-16.2954,-9.0885,-6.1042,-2.1182,-13.3448,-3.2047,14.8396,-2.1874,-67.5575,30.1110,-44.4687,-14.6459,-5.9487,3.7007,38.4153,19.4620,-38.4564,23.6607,-33.9064,-57.4550,53.1300,-3.9290,-25.9641,-22.9626,2.0715,-46.9150,-58.2367,27.8440,11.8700,2.9632,-13.2156,-14.4829,-20.9978,39.1818,-37.9414,4.7645,-15.1863,-29.5747,-4.9260,20.5075,-32.5532,65.0088,-23.8462,5.4690,0.0218,-36.9045,1.1918,0.7471,-14.9140,-16.4914,-9.1578,-16.5475,-4.5548,11.5006,-7.4465,-47.1006,22.8862,-8.2806,23.9646,-31.9438,64.9105,55.7778,-21.7713,-14.6700,10.0346,6.2087,28.6819,0.4336,-8.4093,-34.0639,-6.0090,41.3615,-9.5639,-22.6351,6.4694,-66.0124,-56.9426,-18.2901,-64.0119,22.0720,-33.4815,-10.6263,45.4535,10.0191,-27.3658,-12.5131,63.6113,-11.5105,-9.3357,-37.0135,49.3480,-26.6269,49.3838,12.3780,49.1825,-1.5572,-8.5870,59.8776,-11.3961,-0.1987,-5.8512,-0.2704,-51.1645,22.0803,36.2228,-18.5859,55.1191,11.7636,38.4101,23.7628,16.1025,10.3470,-13.5676,11.1245,-20.8210,40.2529,-32.2893,6.3663,-0.8740,1.9303,-7.1978,7.1907,-44.7334,-47.7482,14.8031,-2.5805,30.3956,12.5846,-37.8236,-54.9603,20.8325,31.5423,55.7242
-26.2266,-16.2540,0.9254,-2.1858,-10.6334,29.6454,17.6696,15.2222,2.7371,10.9328,-12.9267,7.6880,-11.0980,2.7356,-16.5981,9.4794,-9.2790,-8.8438,-0.0924,3.3709,12.8893,-11.3347,2.6498,10.6172,7.7295,1.8951,12.4727,-1.0220,16.4190,11.5332,21.3095,6.7209,-24.4356,-8.7209,12.3289,-4.0515,-0.7536,37.4888,-0.4101,16.6241,-0.9300,22.7850,11.6511,24.8499,-18.6380,-18.5407,-8.7062,-15.0063,14.6845,21.6676,-7.3899,-6.7486,-13.6140,-5.6046,-1.0135,-8.9280,20.8272,10.4425,-12.2292,-8.6424,-12.0637,24.4473,12.2260,-4.5815,-6.9947,-5.6865,-24.2417,-10.8345,-2.6660,-10.7639,-9.9583,13.4541,-1.9877,7.1208,8.9418,21.4304,-14.8008,13.2766,1.3823,-7.8093,-1.1006,3.7340,4.5855,7.1927,-1.5583,-7.6096,14.0106,25.0986,-9.0007,21.1540,-3.0820,6.8983,10.6011,-5.8719,16.8289,6.5229,6.8593,-3.4959,8.0574,7.6491,-31.1261,-3.2596,15.7462,-6.2101,-11.8582,-11.2082,-22.8758,0.0596,29.0786,7.5084,13.8880,9.7180,-22.6973,3.1491,7.5999,-12.6704,16.1230,-2.1559,15.9575,12.4668,13.9726,12.9023,6.3315,2.6295,-6.6269,5.0608,9.5315,-10.1249,-13.9101,-13.4804,-3.7605,-16.7499,5.3856,-7.2497,-5.0288,-4.5216,12.1141,19.5066,9.4109,-15.1653,-4.9664,-18.6237,3.8438,8.4327,1.0819,5.4530,6.7231,6.1418,7.1666,-18.7939,20.7500,12.8297,-11.7338,0.9331,2.4348,-4.2726,23.8876,2.3691,9.4346,-6.7097,-9.2460,2.1076,-1.1922,-13.8077,33.9519,3.0148,-14.8929,26.9159,4.6828,-14.5021,5.1616,-0.3264,-11.4799,-3.0685,-5.7358,-2.5416,2.6098,13.4660,-8.3926,-2.5854,-18.8461,2.1330,-30.7563,15.1447,15.9268,11.2645,-19.7672,-3.7426,-8.4488,27.5128,-9.2199,4.0730,-18.1427,-19.5922,-9.2799,-14.6108,-11.4233,1.7106,-21.6009,-2.8775,-19.2364,-23.8822,19.1791,5.2337,2.3296,17.5580,-13.3396,2.2410,12.4280,14.5301,-18.0129,-6.4635,-12.6107,-15.2493,-2.0409,20.0556,-0.4684,-0.7247,-6.7788,12.3998,1.2332,-7.3848,7.0663,-23.1600,-10.6685,-14.4947,-1.4031,1.3112,-6.6654,4.8360,0.1943,-1.4631,3.6176,-8.1792,14.5116,-22.5638,3.9532,-15.9519,1.3833,-13.7164,-14.8029,-10.8105,1.3384,-0.4046,0.5737,4.7323,-15.7142,-8.5415,-3.7435,2.3180,-1.5486,-1.7813,3.2699,-14.7111,-8.4824,17.8054
-26.2266,-16.2540,0.9254,-2.1858,-10.6334,29.6454,17.6696,15.2222,2.7371,10.9328,-12.9267,7.6880,-11.0980,2.7356,-16.5981,9.4794,-9.2790,-8.8438,-0.0924,3.3709,12.8893,-11.3347,2.6498,10.6172,7.7295,1.8951,12.4727,-1.0220,16.4190,11.5332,21.3095,6.7209,-24.4356,-8.7209,12.3289,-4.0515,-0.7536,37.4888,-0.4101,16.6241,-0.9300,22.7850,11.6511,24.8499,-18.6380,-18.5407,-8.7062,-15.0063,14.6845,21.6676,-7.3899,-6.7486,-13.6140,-5.6046,-1.0135,-8.9280,20.8272,10.4425,-12.2292,-8.6424,-12.0637,24.4473,12.2260,-4.5815,-6.9947,-5.6865,-24.2417,-10.8345,-2.6660,-10.7639,-9.9583,13.4541,-1.9877,7.1208,8.9418,21.4304,-14.8008,13.2766,1.3823,-7.8093,-1.1006,3.7340,4.5855,7.1927,-1.5583,-7.6096,14.0106,25.0986,-9.0007,21.1540,-3.0820,6.8983,10.6011,-5.8719,16.8289,6.5229,6.8593,-3.4959,8.0574,7.6491,-31.1261,-3.2596,15.7462,-6.2101,-11.8582,-11.2082,-22.8758,0.0596,29.0786,7.5084,13.8880,9.7180,-22.6973,3.1491,7.5999,-12.6704,16.1230,-2.1559,15.9575,12.4668,13.9726,12.9023,6.3315,2.6295,-6.6269,5.0608,9.5315,-10.1249,-13.9101,-13.4804,-3.7605,-16.7499,5.3857,-7.2497,-5.0288,-4.5216,12.1141,19.5066,9.4109,-15.1653,-4.9664,-18.6237,3.8438,8.4327,1.0819,5.4530,6.7231,6.1418,7.1666,-18.7939,20.7500,12.8297,-11.7338,0.9331,2.4348,-4.2726,23.8876,2.3691,9.4346,-6.7097,-9.2460,2.1076,-1.1922,-13.8077,33.9519,3.0148,-14.8929,26.9159,4.6828,-14.5021,5.1616,-0.3264,-11.4799,-3.0685,-5.7358,-2.5416,2.6098,13.4660,-8.3926,-2.5854,-18.8461,2.1330,-30.7563,15.1447,15.9268,11.2645,-19.7672,-3.7426,-8.4488,27.5128,-9.2199,4.0730,-18.1427,-19.5922,-9.2799,-14.6108,-11.4233,1.7106,-21.6009,-2.8775,-19.2364,-23.8822,19.1791,5.2337,2.3296,17.5580,-13.3396,2.2410,12.4280,14.5301,-18.0129,-6.4635,-12.6107,-15.2493,-2.0409,20.0556,-0.4684,-0.7247,-6.7788,12.3998,1.2332,-7.3848,7.0663,-23.1600,-10.6685,-14.4947,-1.4031,1.3112,-6.6654,4.8360,0.1943,-1.4631,3.6176,-8.1792,14.5116,-22.5638,3.9532,-15.9519,1.3833,-13.7164,-14.8029,-10.8105,1.3384,-0.4046,0.5737,4.7323,-15.7142,-8.5415,-3.7435,2.3180,-1.5486,-1.7813,3.2699,-14.7111,-8.4824,17.8054
-23.4371,-9.2713,3.6487,21.3915,21.2103,17.9765,41.3879,-2.8904,-13.4709,8.6609,-0.5258,-12.9862,-10.9448,8.8209,-8.9883,12.8702,-25.2735,-18.3932,-8.7436,-25.4410,13.7930,9.3997,7.5578,4.1135,-7.3797,14.2440,26.7480,-1.9190,-14.9972,-25.9784,5.2813,11.1869,-6.0818,3.5873,18.2537,0.3784,12.9648,52.7559,18.7015,8.5084,-0.1689,8.1211,23.7369,-5.9064,-12.8708,-15.5223,-0.2916,6.9748,14.6437,-6.0100,-25.8085,4.2630,-23.1874,-12.0462,13.4312,12.3626,-0.8676,23.7458,4.7275,-16.4009,-10.3278,27.2456,-16.6831,20.7352,15.2380,-4.8704,-30.5519,-11.7167,-12.1786,-12.7035,13.6030,7.5160,10.8593,-3.6398,9.2264,30.3711,-12.8540,-2.4123,-20.0142,-5.9253,15.5597,3.5369,-0.9329,-0.9423,7.5625,-1.8401,20.2372,-1.2063,-0.3738,0.4807,15.1702,14.1120,-1.8380,-2.4929,18.3117,5.3127,12.8712,-10.3228,-0.7924,11.4020,5.8795,2.2264,15.5939,-17.2244,5.9796,-6.7468,-9.6802,-6.9559,15.1611,-20.4387,-3.2181,-21.0520,3.3034,13.4229,8.8329,-0.2555,6.9802,4.5134,-7.7932,-6.7118,-5.1431,18.1826,-9.0129,7.9307,-12.8216,-3.0164,6.8355,-8.4446,-4.6147,11.4077,-4.6047,-20.5187,2.1493,-0.5189,-19.0403,16.9732,-6.1068,14.7365,-1.3801,6.7535,18.8284,6.2728,-10.1938,-10.4658,-15.4999,-0.1561,-14.4234,3.9320,4.6733,-12.4204,15.8519,-8.2558,-6.5089,1.0942,-17.8079,10.4623,14.1713,5.2999,1.1929,4.7125,-14.6513,18.6596,13.8739,2.1504,6.5563,-7.6629,6.7642,10.6615,-21.8773,10.2158,-23.3981,3.6880,-11.6791,14.2000,8.0634,0.6397,-18.6273,-12.0389,-29.6233,-21.6705,-12.2618,31.8082,-16.2588,7.7390,-3.1497,-23.1438,-1.2266,6.8849,2.5399,4.7356,-14.6838,2.3251,5.7218,1.5196,-7.8418,-8.4502,1.6550,-4.5407,-30.2530,-17.6653,-12.8256,-19.1054,10.1547,7.4320,-3.2256,7.2089,-5.3075,-4.2912,5.2591,6.6702,-1.8011,4.4564,-15.2232,10.6645,5.3696,-5.6741,-25.5567,1.7658,1.7667,20.2256,7.9576,7.5261,-8.4741,-14.9116,-16.4737,-20.4778,28.8880,34.0228,11.7365,20.8065,-2.7741,-10.6100,18.7287,-26.8240,-8.9261,-24.2384,15.9334,-10.5492,22.8510,-16.2611,8.0662,-21.2138,11.6166,-10.2682,6.5104,-21.2440,-22.3932,-5.1151,17.9093,26.4272,15.9691,2.8082,-4.8242,-2.9351,18.1960,-9.5629
-23.4371,-9.2713,3.6487,21.3915,21.2103,17.9765,41.3879,-2.8904,-13.4709,8.6609,-0.5258,-12.9862,-10.9448,8.8209,-8.9883,12.8702,-25.2735,-18.3932,-8.7436,-25.4410,13.7930,9.3997,7.5578,4.1135,-7.3797,14.2440,26.7480,-1.9190,-14.9972,-25.9784,5.2813,11.1869,-6.0818,3.5873,18.2537,0.3784,12.9648,52.7559,18.7015,8.5084,-0.1689,8.1211,23.7369,-5.9064,-12.8708,-15.5223,-0.2916,6.9748,14.6437,-6.0100,-25.8085,4.2630,-23.1874,-12.0462,13.4312,12.3626,-0.8676,23.7458,4.7275,-16.4009,-10.3278,27.2456,-16.6831,20.7352,15.2380,-4.8704,-30.5519,-11.7167,-12.1786,-12.7035,13.6030,7.5160,10.8593,-3.6398,9.2264,30.3711,-12.8540,-2.4123,-20.0142,-5.9253,15.5597,3.5369,-0.9329,-0.9423,7.5625,-1.8401,20.2372,-1.2063,-0.3738,0.4807,15.1702,14.1120,-1.8380,-2.4929,18.3117,5.3127,12.8712,-10.3228,-0.7924,11.4020,5.8795,2.2264,15.5939,-17.2244,5.9796,-6.7468,-9.6802,-6.9559,15.1611,-20.4387,-3.2181,-21.0520,3.3034,13.4229,8.8329,-0.2555,6.9802,4.5134,-7.7932,-6.7118,-5.1431,18.1826,-9.0129,7.9307,-12.8216,-3.0164,6.8355,-8.4446,-4.6147,11.4077,-4.6047,-20.5187,2.1493,-0.5189,-19.0403,16.9732,-6.1068,14.7365,-1.3801,6.7535,18.8284,6.2728,-10.1938,-10.4658,-15.4999,-0.1561,-14.4234,3.9320,4.6733,-12.4204,15.8519,-8.2558,-6.5089,1.0942,-17.8079,10.4623,14.1713,5.2999,1.1929,4.7125,-14.6513,18.6596,13.8739,2.1504,6.5563,-7.6629,6.7642,10.6615,-21.8773,10.2158,-23.3981,3.6880,-11.6791,14.2000,8.0634,0.6397,-18.6273,-12.0389,-29.6233,-21.6705,-12.2618,31.8083,-16.2588,7.7390,-3.1497,-23.1438,-1.2266,6.8849,2.5399,4.7356,-14.6838,2.3251,5.7218,1.5196,-7.8418,-8.4502,1.6550,-4.5407,-30.2530,-17.6653,-12.8256,-19.1054,10.1547,7.4320,-3.2256,7.2089,-5.3075,-4.2912,5.2591,6.6702,-1.8011,4.4564,-15.2232,10.6645,5.3696,-5.6741,-25.5567,1.7658,1.7667,20.2256,7.9576,7.5261,-8.4741,-14.9116,-16.4737,-20.4778,28.8880,34.0228,11.7365,20.8065,-2.7741,-10.6100,18.7287,-26.8240,-8.9261,-24.2384,15.9334,-10.5492,22.8510,-16.2611,8.0662,-21.2138,11.6166,-10.2682,6.5104,-21.2440,-22.3932,-5.1151,17.9093,26.4272,15.9691,2.8082,-4.8242,-2.9351,18.1960,-9.5629
-23.4371,-9.2713,3.6487,21.3915,21.2103,17.9765,41.3879,-2.8904,-13.4709,8.6609,-0.5258,-12.9862,-10.9448,8.8209,-8.9883,12.8702,-25.2735,-18.3932,-8.7436,-25.4410,13.7930,9.3997,7.5578,4.1135,-7.3797,14.2440,26.7480,-1.9190,-14.9972,-25.9784,5.2813,11.1869,-6.0818,3.5873,18.2537,0.3784,12.9648,52.7559,18.7015,8.5084,-0.1689,8.1211,23.7369,-5.9064,-12.8708,-15.5223,-0.2916,6.9748,14.6437,-6.0100,-25.8085,4.2630,-23.1874,-12.0462,13.4312,12.3626,-0.8676,23.7458,4.7275,-16.4009,-10.3278,27.2456,-16.6831,20.7352,15.2380,-4.8704,-30.5519,-11.7167,-12.1786,-12.7035,13.6030,7.5160,10.8593,-3.6398,9.2264,30.3711,-12.8540,-2.4123,-20.0142,-5.9253,15.5597,3.5369,-0.9329,-0.9423,7.5625,-1.8401,20.2372,-1.2063,-0.3738,0.4807,15.1702,14.1120,-1.8380,-2.4929,18.3117,5.3127,12.8712,-10.3228,-0.7924,11.4020,5.8795,2.2264,15.5939,-17.2244,5.9796,-6.7468,-9.6802,-6.9559,15.1611,-20.4387,-3.2181,-21.0520,3.3034,13.4229,8.8329,-0.2555,6.9802,4.5134,-7.7932,-6.7118,-5.1431,18.1826,-9.0129,7.9307,-12.8216,-3.0164,6.8355,-8.4446,-4.6147,11.4077,-4.6047,-20.5187,2.1493,-0.5189,-19.0403,16.9732,-6.1068,14.7366,-1.3801,6.7535,18.8284,6.2728,-10.1938,-10.4658,-15.4999,-0.1561,-14.4234,3.9320,4.6733,-12.4204,15.8519,-8.2558,-6.5089,1.0942,-17.8079,10.4623,14.1713,5.2999,1.1929,4.7125,-14.6513,18.6596,13.8739,2.1504,6.5563,-7.6629,6.7642,10.6615,-21.8773,10.2158,-23.3981,3.6880,-11.6791,14.2000,8.0634,0.6397,-18.6273,-12.0389,-29.6233,-21.6705,-12.2618,31.8082,-16.2588,7.7390,-3.1497,-23.1438,-1.2266,6.8849,2.5399,4.7356,-14.6838,2.3251,5.7218,1.5196,-7.8418,-8.4502,1.6550,-4.5407,-30.2530,-17.6653,-12.8256,-19.1054,10.1547,7.4320,-3.2256,7.2089,-5.3075,-4.2912,5.2591,6.6702,-1.8011,4.4564,-15.2232,10.6645,5.3696,-5.6741,-25.5567,1.7658,1.7667,20.2256,7.9576,7.5261,-8.4741,-14.9116,-16.4737,-20.4778,28.8880,34.0228,11.7365,20.8065,-2.7741,-10.6100,18.7287,-26.8240,-8.9261,-24.2384,15.9334,-10.5492,22.8510,-16.2611,8.0662,-21.2138,11.6166,-10.2682,6.5104,-21.2440,-22.3932,-5.1151,17.9093,26.4272,15.9691,2.8082,-4.8242,-2.9351,18.1960,-9.5629
-23.4371,-9.2713,3.6487,21.3915,21.2103,17.9765,41.3879,-2.8904,-13.4709,8.6609,-0.5258,-12.9862,-10.9448,8.8209,-8.9883,12.8702,-25.2735,-18.3932,-8.7436,-25.4410,13.7930,9.3997,7.5578,4.1135,-7.3797,14.2440,26.7480,-1.9190,-14.9972,-25.9784,5.2813,11.1869,-6.0818,3.5873,18.2537,0.3784,12.9648,52.7559,18.7015,8.5084,-0.1689,8.1211,23.7369,-5.9064,-12.8708,-15.5223,-0.2916,6.9748,14.6437,-6.0100,-25.8085,4.2630,-23.1874,-12.0462,13.4312,12.3626,-0.8676,23.7458,4.7275,-16.4009,-10.3278,27.2456,-16.6831,20.7352,15.2380,-4.8704,-30.5519,-11.7167,-12.1786,-12.7035,13.6030,7.5160,10.8593,-3.6398,9.2264,30.3711,-12.8540,-2.4123,-20.0142,-5.9253,15.5597,3.5369,-0.9329,-0.9423,7.5625,-1.8401,20.2372,-1.2063,-0.3738,0.4807,15.1702,14.1120,-1.8380,-2.4929,18.3117,5.3127,12.8712,-10.3228,-0.7924,11.4020,5.8795,2.2264,15.5939,-17.2244,5.9796,-6.7468,-9.6802,-6.9559,15.1611,-20.4387,-3.2181,-21.0520,3.3034,13.4229,8.8329,-0.2555,6.9802,4.5134,-7.7932,-6.7118,-5.1431,18.1826,-9.0129,7.9307,-12.8216,-3.0164,6.8355,-8.4446,-4.6147,11.4077,-4.6047,-20.5187,2.1493,-0.5189,-19.0403,16.9732,-6.1068,14.7366,-1.3801,6.7535,18.8284,6.2728,-10.1938,-10.4658,-15.4999,-0.1561,-14.4234,3.9320,4.6733,-12.4204,15.8519,-8.2558,-6.5089,1.0942,-17.8079,10.4623,14.1713,5.2999,1.1929,4.7125,-14.6513,18.6596,13.8739,2.1504,6.5563,-7.6629,6.7642,10.6615,-21.8773,10.2158,-23.3981,3.6880,-11.6791,14.2000,8.0634,0.6397,-18.6273,-12.0389,-29.6233,-21.6705,-12.2618,31.8083,-16.2588,7.7390,-3.1497,-23.1438,-1.2266,6.8849,2.5399,4.7356,-14.6838,2.3251,5.7218,1.5196,-7.8418,-8.4502,1.6550,-4.5407,-30.2531,-17.6653,-12.8256,-19.1054,10.1547,7.4320,-3.2256,7.2089,-5.3075,-4.2912,5.2591,6.6702,-1.8011,4.4564,-15.2232,10.6645,5.3696,-5.6741,-25.5567,1.7658,1.7667,20.2256,7.9576,7.5261,-8.4741,-14.9116,-16.4737,-20.4778,28.8880,34.0228,11.7365,20.8065,-2.7741,-10.6100,18.7287,-26.8240,-8.9261,-24.2384,15.9334,-10.5492,22.8510,-16.2611,8.0662,-21.2138,11.6166,-10.2682,6.5104,-21.2440,-22.3932,-5.1151,17.9093,26.4272,15.9691,2.8082,-4.8242,-2.9351,18.1960,-9.5629
-23.4371,-9.2713,3.6487,21.3915,21.2103,17.9765,41.3879,-2.8904,-13.4709,8.6609,-0.5258,-12.9862,-10.9448,8.8209,-8.9883,12.8702,-25.2735,-18.3932,-8.7436,-25.4410,13.7930,9.3997,7.5578,4.1135,-7.3797,14.2440,26.7480,-1.9190,-14.9972,-25.9784,5.2813,11.1869,-6.0818,3.5873,18.2537,0.3784,12.9648,52.7559,18.7015,8.5084,-0.1689,8.1211,23.7369,-5.9064,-12.8708,-15.5223,-0.2916,6.9748,14.6437,-6.0100,-25.8085,4.2630,-23.1874,-12.0462,13.4312,12.3626,-0.8676,23.7458,4.7275,-16.4009,-10.3278,27.2456,-16.6831,20.7352,15.2380,-4.8704,-30.5519,-11.7167,-12.1786,-12.7035,13.6030,7.5160,10.8593,-3.6398,9.2264,30.3711,-12.8540,-2.4123,-20.0142,-5.9253,15.5597,3.5369,-0.9329,-0.9423,7.5625,-1.8401,20.2372,-1.2063,-0.3738,0.4807,15.1702,14.1120,-1.8380,-2.4929,18.3117,5.3127,12.8712,-10.3228,-0.7924,11.4020,5.8795,2.2264,15.5939,-17.2244,5.9796,-6.7468,-9.6802,-6.9559,15.1611,-20.4387,-3.2181,-21.0520,3.3034,13.4229,8.8329,-0.2555,6.9802,4.5134,-7.7932,-6.7118,-5.1431,18.1826,-9.0129,7.9307,-12.8216,-3.0164,6.8355,-8.4446,-4.6147,11.4077,-4.6047,-20.5187,2.1493,-0.5189,-19.0403,16.9732,-6.1068,14.7366,-1.3801,6.7535,18.8284,6.2728,-10.1938,-10.4658,-15.4999,-0.1561,-14.4234,3.9320,4.6733,-12.4204,15.8519,-8.2558,-6.5089,1.0942,-17.8079,10.4623,14.1713,5.2999,1.1929,4.7125,-14.6513,18.6596,13.8739,2.1504,6.5563,-7.6629,6.7642,10.6615,-21.8773,10.2158,-23.3981,3.6880,-11.6791,14.2000,8.0634,0.6397,-18.6273,-12.0389,-29.6233,-21.6705,-12.2618,31.8083,-16.2588,7.7390,-3.1497,-23.1438,-1.2266,6.8849,2.5399,4.7356,-14.6838,2.3251,5.7218,1.5196,-7.8418,-8.4502,1.6550,-4.5407,-30.2530,-17.6653,-12.8256,-19.1054,10.1547,7.4320,-3.2256,7.2089,-5.3075,-4.2912,5.2591,6.6702,-1.8011,4.4564,-15.2232,10.6645,5.3696,-5.6741,-25.5567,1.7658,1.7667,20.2256,7.9576,7.5261,-8.4741,-14.9116,-16.4737,-20.4778,28.8880,34.0228,11.7365,20.8065,-2.7741,-10.6100,18.7287,-26.8240,-8.9261,-24.2384,15.9334,-10.5492,22.8510,-16.2611,8.0662,-21.2138,11.6166,-10.2682,6.5104,-21.2440,-22.3932,-5.1151,17.9093,26.4272,15.9691,2.8082,-4.8242,-2.9351,18.1960,-9.5629
-23.4371,-9.2713,3.6487,21.3915,21.2103,17.9765,41.3879,-2.8904,-13.4709,8.6609,-0.5258,-12.9862,-10.9448,8.8209,-8.9883,12.8702,-25.2735,-18.3932,-8.7436,-25.4410,13.7930,9.3997,7.5578,4.1135,-7.3797,14.2440,26.7480,-1.9190,-14.9972,-25.9784,5.2813,11.1869,-6.0818,3.5873,18.2537,0.3784,12.9648,52.7559,18.7015,8.5084,-0.1689,8.1211,23.7369,-5.9064,-12.8708,-15.5223,-0.2916,6.9748,14.6437,-6.0100,-25.8085,4.2630,-23.1874,-12.0462,13.4312,12.3626,-0.8676,23.7458,4.7275,-16.4009,-10.3278,27.2456,-16.6831,20.7352,15.2380,-4.8704,-30.5519,-11.7167,-12.1786,-12.7035,13.6030,7.5160,10.8593,-3.6398,9.2264,30.3711,-12.8540,-2.4123,-20.0142,-5.9253,15.5597,3.5369,-0.9329,-0.9423,7.5625,-1.8401,20.2372,-1.2063,-0.3738,0.4807,15.1702,14.1120,-1.8380,-2.4929,18.3117,5.3127,12.8712,-10.3228,-0.7924,11.4020,5.8795,2.2264,15.5939,-17.2244,5.9796,-6.7468,-9.6802,-6.9559,15.1611,-20.4387,-3.2181,-21.0520,3.3034,13.4229,8.8329,-0.2555,6.9803,4.5134,-7.7932,-6.7118,-5.1431,18.1826,-9.0129,7.9307,-12.8216,-3.0164,6.8355,-8.4446,-4.6147,11.4077,-4.6047,-20.5187,2.1493,-0.5189,-19.0403,16.9732,-6.1068,14.7366,-1.3801,6.7535,18.8284,6.2728,-10.1938,-10.4658,-15.4999,-0.1561,-14.4234,3.9320,4.6733,-12.4204,15.8519,-8.2558,-6.5089,1.0942,-17.8079,10.4623,14.1713,5.2999,1.1929,4.7125,-14.6513,18.6596,13.8739,2.1504,6.5563,-7.6629,6.7642,10.6615,-21.8773,10.2158,-23.3981,3.6880,-11.6791,14.2000,8.0634,0.6397,-18.6273,-12.0389,-29.6233,-21.6705,-12.2618,31.8082,-16.2588,7.7390,-3.1497,-23.1438,-1.2266,6.8849,2.5399,4.7356,-14.6838,2.3251,5.7218,1.5196,-7.8418,-8.4502,1.6550,-4.5407,-30.2530,-17.6653,-12.8256,-19.1054,10.1547,7.4320,-3.2256,7.2089,-5.3075,-4.2912,5.2591,6.6702,-1.8011,4.4564,-15.2232,10.6645,5.3696,-5.6741,-25.5567,1.7658,1.7667,20.2256,7.9576,7.5261,-8.4741,-14.9116,-16.4737,-20.4778,28.8880,34.0228,11.7365,20.8065,-2.7741,-10.6100,18.7287,-26.8240,-8.9261,-24.2384,15.9334,-10.5492,22.8510,-16.2611,8.0662,-21.2138,11.6166,-10.2682,6.5104,-21.2440,-22.3932,-5.1151,17.9093,26.4272,15.9691,2.8082,-4.8242,-2.9351,18.1960,-9.5629
-23.4371,-9.2713,3.6487,21.3915,21.2103,17.9765,41.3879,-2.8904,-13.4709,8.6609,-0.5258,-12.9862,-10.9448,8.8209,-8.9883,12.8702,-25.2735,-18.3932,-8.7436,-25.4410,13.7930,9.3997,7.5578,4.1135,-7.3797,14.2440,26.7480,-1.9190,-14.9972,-25.9784,5.2813,11.1869,-6.0818,3.5873,18.2537,0.3784,12.9648,52.7559,18.7015,8.5084,-0.1689,8.1211,23.7369,-5.9064,-12.8708,-15.5223,-0.2916,6.9748,14.6437,-6.0100,-25.8085,4.2630,-23.1874,-12.0462,13.4312,12.3626,-0.8676,23.7458,4.7275,-16.4009,-10.3278,27.2456,-16.6831,20.7352,15.2380,-4.8704,-30.5519,-11.7167,-12.1786,-12.7035,13.6030,7.5160,10.8593,-3.6398,9.2264,30.3711,-12.8540,-2.4123,-20.0142,-5.9253,15.5597,3.5369,-0.9329,-0.9423,7.5626,-1.8401,20.2372,-1.2063,-0.3738,0.4807,15.1702,14.1120,-1.8380,-2.4929,18.3117,5.3127,12.8712,-10.3228,-0.7924,11.4020,5.8795,2.2264,15.5939,-17.2244,5.9796,-6.7468,-9.6802,-6.9559,15.1611,-20.4387,-3.2181,-21.0520,3.3034,13.4229,8.8329,-0.2555,6.9802,4.5134,-7.7932,-6.7118,-5.1431,18.1826,-9.0129,7.9307,-12.8216,-3.0164,6.8355,-8.4446,-4.6147,11.4077,-4.6047,-20.5187,2.1493,-0.5189,-19.0403,16.9732,-6.1068,14.7365,-1.3801,6.7535,18.8284,6.2728,-10.1938,-10.4658,-15.4999,-0.1561,-14.4234,3.9320,4.6733,-12.4204,15.8519,-8.2558,-6.5089,1.0942,-17.8079,10.4623,14.1713,5.2999,1.1929,4.7125,-14.6513,18.6596,13.8739,2.1504,6.5563,-7.6629,6.7642,10.6615,-21.8773,10.2158,-23.3981,3.6880,-11.6791,14.2000,8.0634,0.6397,-18.6273,-12.0389,-29.6233,-21.6705,-12.2618,31.8083,-16.2588,7.7390,-3.1497,-23.1438,-1.2266,6.8849,2.5399,4.7356,-14.6838,2.3251,5.7218,1.5196,-7.8418,-8.4502,1.6550,-4.5407,-30.2530,-17.6653,-12.8256,-19.1054,10.1547,7.4320,-3.2256,7.2089,-5.3075,-4.2912,5.2591,6.6702,-1.8011,4.4564,-15.2232,10.6645,5.3696,-5.6741,-25.5567,1.7658,1.7667,20.2256,7.9576,7.5261,-8.4741,-14.9116,-16.4737,-20.4778,28.8880,34.0228,11.7365,20.8065,-2.7741,-10.6100,18.7287,-26.8240,-8.9261,-24.2384,15.9334,-10.5492,22.8510,-16.2611,8.0662,-21.2138,11.6166,-10.2682,6.5104,-21.2440,-22.3932,-5.1151,17.9093,26.4272,15.9691,2.8082,-4.8242,-2.9351,18.1960,-9.5629
-23.4371,-9.2713,3.6487,21.3915,21.2103,17.9765,41.3879,-2.8904,-13.4709,8.6609,-0.5258,-12.9862,-10.9448,8.8209,-8.9883,12.8702,-25.2735,-18.3932,-8.7436,-25.4410,13.7930,9.3997,7.5578,4.1135,-7.3797,14.2440,26.7480,-1.9190,-14.9972,-25.9784,5.2813,11.1869,-6.0818,3.5873,18.2537,0.3784,12.9648,52.7559,18.7015,8.5084,-0.1689,8.1211,23.7369,-5.9064,-12.8708,-15.5223,-0.2916,6.9748,14.6437,-6.0100,-25.8085,4.2630,-23.1874,-12.0462,13.4312,12.3626,-0.8676,23.7458,4.7275,-16.4009,-10.3278,27.2456,-16.6831,20.7352,15.2380,-4.8704,-30.5519,-11.7167,-12.1786,-12.7035,13.6030,7.5160,10.8593,-3.6398,9.2264,30.3711,-12.8540,-2.4123,-20.0142,-5.9253,15.5597,3.5369,-0.9328,-0.9423,7.5625,-1.8401,20.2372,-1.2063,-0.3738,0.4807,15.1702,14.1120,-1.8380,-2.4929,18.3117,5.3127,12.8712,-10.3228,-0.7924,11.4020,5.8795,2.2264,15.5939,-17.2244,5.9796,-6.7468,-9.6802,-6.9559,15.1611,-20.4387,-3.2181,-21.0520,3.3034,13.4229,8.8329,-0.2555,6.9802,4.5134,-7.7932,-6.7118,-5.1431,18.1826,-9.0129,7.9307,-12.8216,-3.0164,6.8355,-8.4446,-4.6147,11.4077,-4.6047,-20.5187,2.1493,-0.5189,-19.0403,16.9732,-6.1068,14.7365,-1.3801,6.7535,18.8284,6.2728,-10.1938,-10.4658,-15.4999,-0.1561,-14.4234,3.9320,4.6733,-12.4204,15.8519,-8.2558,-6.5089,1.0942,-17.8079,10.4623,14.1713,5.2999,1.1929,4.7125,-14.6513,18.6596,13.8739,2.1504,6.5563,-7.6629,6.7642,10.6615,-21.8773,10.2158,-23.3981,3.6880,-11.6791,14.2000,8.0634,0.6397,-18.6273,-12.0389,-29.6233,-21.6705,-12.2618,31.8083,-16.2588,7.7390,-3.1497,-23.1438,-1.2266,6.8849,2.5399,4.7356,-14.6838,2.3251,5.7218,1.5196,-7.8418,-8.4502,1.6550,-4.5407,-30.2530,-17.6653,-12.8256,-19.1054,10.1547,7.4320,-3.2256,7.2089,-5.3075,-4.2912,5.2591,6.6702,-1.8011,4.4564,-15.2232,10.6645,5.3696,-5.6741,-25.5567,1.7658,1.7667,20.2256,7.9576,7.5261,-8.4741,-14.9116,-16.4737,-20.4778,28.8880,34.0228,11.7365,20.8065,-2.7741,-10.6100,18.7287,-26.8240,-8.9261,-24.2384,15.9334,-10.5492,22.8510,-16.2611,8.0662,-21.2138,11.6166,-10.2682,6.5104,-21.2440,-22.3932,-5.1151,17.9093,26.4272,15.9691,2.8082,-4.8242,-2.9351,18.1960,-9.5629
-23.4371,-9.2713,3.6487,21.3915,21.2103,17.9765,41.3879,-2.8904,-13.4709,8.6609,-0.5258,-12.9862,-10.9448,8.8209,-8.9883,12.8702,-25.2735,-18.3932,-8.7436,-25.4410,13.7930,9.3997,7.5578,4.1135,-7.3797,14.2440,26.7480,-1.9190,-14.9972,-25.9784,5.2813,11.1869,-6.0818,3.5873,18.2537,0.3784,12.9648,52.7559,18.7015,8.5084,-0.1689,8.1211,23.7369,-5.9064,-12.8708,-15.5223,-0.2916,6.9748,14.6437,-6.0100,-25.8085,4.2630,-23.1874,-12.0462,13.4312,12.3626,-0.8676,23.7458,4.7275,-16.4009,-10.3278,27.2456,-16.6831,20.7352,15.2380,-4.8704,-30.5519,-11.7167,-12.1786,-12.7035,13.6030,7.5160,10.8593,-3.6398,9.2264,30.3711,-12.8540,-2.4123,-20.0142,-5.9253,15.5597,3.5369,-0.9328,-0.9423,7.5625,-1.8401,20.2372,-1.2063,-0.3738,0.4807,15.1702,14.1120,-1.8380,-2.4929,18.3117,5.3127,12.8712,-10.3228,-0.7924,11.4020,5.8795,2.2264,15.5939,-17.2244,5.9796,-6.7468,-9.6802,-6.9559,15.1611,-20.4387,-3.2181,-21.0520,3.3034,13.4229,8.8329,-0.2555,6.9803,4.5134,-7.7932,-6.7118,-5.1431,18.1826,-9.0129,7.9307,-12.8216,-3.0164,6.8355,-8.4446,-4.6147,11.4077,-4.6047,-20.5187,2.1493,-0.5189,-19.0403,16.9732,-6.1068,14.7366,-1.3801,6.7535,18.8284,6.2728,-10.1938,-10.4658,-15.4999,-0.1561,-14.4234,3.9320,4.6733,-12.4204,15.8519,-8.2558,-6.5089,1.0942,-17.8079,10.4623,14.1713,5.2999,1.1929,4.7125,-14.6513,18.6596,13.8739,2.1504,6.5563,-7.6629,6.7642,10.6615,-21.8773,10.2158,-23.3981,3.6880,-11.6791,14.2000,8.0634,0.6397,-18.6273,-12.0389,-29.6233,-21.6705,-12.2618,31.8083,-16.2588,7.7390,-3.1497,-23.1438,-1.2266,6.8849,2.5399,4.7356,-14.6838,2.3251,5.7218,1.5196,-7.8418,-8.4502,1.6550,-4.5407,-30.2531,-17.6653,-12.8256,-19.1054,10.1547,7.4320,-3.2256,7.2089,-5.3075,-4.2912,5.2591,6.6702,-1.8011,4.4564,-15.2232,10.6645,5.3696,-5.6741,-25.5567,1.7658,1.7667,20.2256,7.9576,7.5261,-8.4741,-14.9116,-16.4737,-20.4778,28.8880,34.0228,11.7365,20.8065,-2.7741,-10.6100,18.7287,-26.8240,-8.9261,-24.2384,15.9334,-10.5492,22.8510,-16.2611,8.0662,-21.2138,11.6166,-10.2682,6.5104,-21.2440,-22.3932,-5.1151,17.9093,26.4272,15.9691,2.8082,-4.8242,-2.9351,18.1960,-9.5629
-23.0296,-19.2091,21.2614,-8.1874,-3.1605,17.0507,3.0984,-13.4616,-2.0244,13.1465,15.3721,1.1699,7.0778,3.1715,-5.0855,-8.4560,-14.7343,13.0142,-10.8523,7.2057,1.6788,16.0648,-0.1982,-5.9369,-0.3696,9.2087,24.1602,22.8786,7.8132,-0.9340,19.3265,-9.4044,-7.4753,-23.4505,1.3000,-13.7002,3.0842,34.4699,-12.7717,2.2026,-18.5165,0.0670,15.8894,0.4373,-5.7283,-13.5994,-4.0791,-2.5819,-10.8210,-0.7479,-2.4644,-6.2373,-10.4933,2.8841,-16.2317,-0.5492,-5.3003,7.4412,-0.4432,-19.5673,18.8766,-2.0267,6.4308,22.1156,-7.1933,0.4794,-18.8836,2.3021,0.7521,5.7735,-0.1467,-1.8846,-8.6825,-8.0768,10.4137,22.0862,8.0900,-3.6517,-15.7490,-10.2019,-20.5425,16.9246,1.5636,6.9372,6.2463,-0.1451,28.0570,15.0818,-1.2702,-11.3538,14.3617,-1.4368,7.7643,1.6783,18.5656,-8.6105,-6.7616,6.8481,-15.0969,3.0497,2.9541,5.7109,13.6724,-19.3187,-7.2455,-12.3302,-15.9170,-2.2596,-0.7908,6.8621,0.4038,-8.8206,2.6549,7.2148,14.4582,-17.2768,-9.6698,-17.6620,6.0825,0.2187,5.3912,-24.2090,9.9563,-1.6735,7.0745,3.8283,22.4100,12.2586,-11.5502,0.6147,6.7654,-24.0465,-0.5694,-24.2638,-12.8430,-5.7705,-11.4477,7.1344,2.5641,-7.8189,-0.0078,-7.5084,-12.8913,9.2392,-23.7770,11.2587,-2.9924,12.8471,-2.5443,-10.5227,2.7295,-7.6850,-8.8917,17.6652,-7.4649,-8.2976,6.2632,16.3616,19.2003,-9.2966,-17.3770,1.7886,2.6106,-0.6618,32.4263,-11.8802,2.9536,1.4436,-13.5656,-2.0609,1.6503,7.4089,13.0066,-3.0367,-0.8942,-5.7434,10.2706,5.7888,-26.7072,12.3921,-14.7837,23.4081,-11.8401,10.9423,14.3688,-10.4646,-9.6610,20.8176,2.6919,22.8385,-4.4327,11.7513,-5.8536,-2.5644,5.7489,-23.4431,1.0660,4.2368,-10.0079,-15.3652,-11.9659,-16.7370,8.8722,-20.4498,12.8321,1.0633,-0.0956,-5.0712,-12.9401,16.7790,5.4788,21.2398,-10.3440,14.0180,3.8693,-21.1238,-3.8633,-7.7815,0.7673,18.0237,12.6022,-2.5950,7.7226,-11.5110,-19.2420,-31.0267,17.4056,3.7242,-0.8553,31.1595,20.8325,18.8978,21.9348,-25.1922,12.0903,-24.5041,-10.3388,-7.7572,5.5766,-5.8320,2.9529,-6.3883,-1.0690,14.3754,15.2747,-3.3183,-33.2277,-4.3840,2.1059,27.2711,12.6704,-0.6474,-1.7024,-14.6352,-4.6947,16.2861
-23.0295,-19.2091,21.2614,-8.1874,-3.1605,17.0507,3.0984,-13.4616,-2.0244,13.1465,15.3721,1.1699,7.0778,3.1715,-5.0855,-8.4560,-14.7343,13.0142,-10.8523,7.2057,1.6788,16.0648,-0.1982,-5.9369,-0.3696,9.2087,24.1602,22.8786,7.8132,-0.9340,19.3265,-9.4044,-7.4753,-23.4505,1.3000,-13.7002,3.0842,34.4699,-12.7717,2.2026,-18.5165,0.0670,15.8894,0.4373,-5.7283,-13.5994,-4.0791,-2.5819,-10.8210,-0.7479,-2.4644,-6.2373,-10.4933,2.8841,-16.2317,-0.5492,-5.3003,7.4412,-0.4432,-19.5673,18.8766,-2.0267,6.4308,22.1156,-7.1933,0.4794,-18.8836,2.3021,0.7521,5.7735,-0.1467,-1.8846,-8.6825,-8.0768,10.4137,22.0862,8.0900,-3.6517,-15.7490,-10.2019,-20.5425,16.9246,1.5636,6.9372,6.2463,-0.1451,28.0570,15.0818,-1.2702,-11.3538,14.3617,-1.4368,7.7643,1.6783,18.5656,-8.6105,-6.7616,6.8481,-15.0969,3.0497,2.9541,5.7109,13.6724,-19.3187,-7.2455,-12.3302,-15.9170,-2.2596,-0.7908,6.8621,0.4038,-8.8206,2.6549,7.2148,14.4582,-17.2768,-9.6698,-17.6620,6.0825,0.2187,5.3912,-24.2090,9.9563,-1.6735,7.0745,3.8283,22.4100,12.2586,-11.5502,0.6147,6.7654,-24.0465,-0.5694,-24.2638,-12.8430,-5.7705,-11.4477,7.1344,2.5641,-7.8189,-0.0078,-7.5084,-12.8913,9.2392,-23.7770,11.2587,-2.9924,12.8471,-2.5443,-10.5227,2.7295,-7.6850,-8.8917,17.6652,-7.4649,-8.2976,6.2632,16.3616,19.2003,-9.2966,-17.3770,1.7886,2.6106,-0.6618,32.4263,-11.8802,2.9536,1.4436,-13.5656,-2.0609,1.6503,7.4089,13.0066,-3.0367,-0.8942,-5.7434,10.2706,5.7888,-26.7072,12.3921,-14.7837,23.4081,-11.8401,10.9423,14.3688,-10.4646,-9.6610,20.8176,2.6919,22.8385,-4.4327,11.7513,-5.8536,-2.5644,5.7489,-23.4431,1.0660,4.2368,-10.0079,-15.3652,-11.9659,-16.7370,8.8722,-20.4498,12.8321,1.0633,-0.0956,-5.0712,-12.9401,16.7790,5.4788,21.2398,-10.3440,14.0180,3.8693,-21.1238,-3.8633,-7.7815,0.7673,18.0237,12.6022,-2.5950,7.7226,-11.5110,-19.2420,-31.0267,17.4056,3.7242,-0.8553,31.1595,20.8325,18.8978,21.9348,-25.1922,12.0903,-24.5041,-10.3388,-7.7572,5.5766,-5.8320,2.9529,-6.3883,-1.0690,14.3754,15.2747,-3.3183,-33.2277,-4.3840,2.1059,27.2711,12.6704,-0.6474,-1.7024,-14.6352,-4.6947,16.2861
-19.3774,-10.2695,32.7733,-18.0065,22.6246,39.4648,76.7895,-46.2504,-31.2068,47.3266,-53.6806,28.5365,-12.0368,44.5094,4.0384,4.3206,25.2710,18.5213,4.5028,-32.7012,25.8113,33.8978,-37.5303,-39.8818,23.5551,-23.0202,83.4640,-12.7523,-25.7795,-27.2874,101.4743,15.0559,-98.9655,-7.8786,80.3793,31.3285,-1.2238,120.1315,-3.1228,-7.1736,-0.8391,2.3707,-4.6939,28.0997,-35.4555,-9.1028,10.4933,13.5458,20.2027,-15.8986,-5.5051,-30.6324,-19.1662,-9.6369,-24.3762,-38.5868,74.9465,81.2359,-12.2888,-32.5014,22.4165,-9.1665,27.2986,20.6559,-40.0552,26.3031,-117.1819,17.4081,-15.9167,74.4791,4.5993,47.5708,-26.5061,3.5258,-14.7027,55.3052,-52.1720,1.1755,-20.8193,-86.8217,-16.7128,-4.1445,-1.5847,-87.9007,24.3776,17.8568,-0.5800,49.8006,4.4959,9.3723,-9.4350,23.3758,-1.8442,-9.0844,13.7500,79.0683,45.9553,-29.9919,13.7105,-3.5859,17.0880,50.6124,22.1424,-1.4803,1.4898,27.7112,-28.9489,5.3024,51.6456,78.7518,-24.8136,28.2307,-64.7504,-6.4172,19.8540,-24.2421,1.9274,-17.7606,-5.3760,41.5898,-9.3140,-44.5638,32.8940,-9.9969,-10.7798,-10.1785,8.0754,-28.5446,-0.5266,-5.4498,-58.8814,-99.6671,51.7838,-36.8493,-0.2194,12.5591,-6.6492,38.3510,45.5109,-3.3922,-37.1862,-82.7796,-87.8425,21.2170,-3.2531,29.2003,-19.7519,-0.2053,-34.2354,-62.7686,17.8398,-10.9840,-23.6065,12.4444,-31.1986,-33.8323,-0.8741,-20.5325,-2.5404,-30.7648,-30.1453,25.8476,8.1749,11.3609,138.9855,-83.5125,-45.7030,12.2014,-44.5598,24.6668,-9.3599,18.5970,4.2821,-30.5441,-27.9785,17.9233,33.0455,-32.6282,-57.7326,5.6490,-20.8617,38.3659,-97.2275,45.4570,40.9209,-65.8278,-57.9302,-13.9876,14.7078,24.2597,-55.8801,-1.7751,-76.7720,-17.0934,-5.0934,-68.6856,-11.2618,1.7025,-41.7953,-100.9497,-33.3721,-127.2593,75.4991,-37.4380,18.7852,92.2908,-69.2373,13.9430,4.0167,42.6193,-25.7279,-5.4470,-40.7466,59.3722,37.2985,36.9244,-25.4472,-0.9732,11.6661,32.3391,37.3205,-19.6893,24.5606,-34.2351,-41.4370,-117.5435,67.6811,7.5051,32.5881,126.1826,45.8602,27.8054,23.0980,-16.6414,-29.2864,-36.9855,73.2574,-56.6171,13.0798,-51.5330,-36.1373,-70.3634,-11.4217,-6.7912,-42.1496,-82.7226,-84.9106,-39.4762,36.0457,47.6213,3.7890,-20.2580,-14.3883,-28.6451,62.7001,52.3976
-19.3774,-10.2695,32.7733,-18.0065,22.6247,39.4648,76.7895,-46.2504,-31.2068,47.3266,-53.6806,28.5365,-12.0368,44.5094,4.0384,4.3206,25.2710,18.5213,4.5028,-32.7012,25.8113,33.8978,-37.5303,-39.8818,23.5551,-23.0202,83.4640,-12.7523,-25.7795,-27.2874,101.4743,15.0559,-98.9655,-7.8786,80.3793,31.3285,-1.2238,120.1315,-3.1228,-7.1736,-0.8391,2.3707,-4.6939,28.0997,-35.4555,-9.1028,10.4933,13.5458,20.2027,-15.8986,-5.5051,-30.6324,-19.1662,-9.6369,-24.3762,-38.5868,74.9465,81.2359,-12.2887,-32.5014,22.4165,-9.1665,27.2986,20.6559,-40.0552,26.3031,-117.1819,17.4081,-15.9167,74.4791,4.5993,47.5708,-26.5061,3.5258,-14.7027,55.3052,-52.1720,1.1755,-20.8193,-86.8217,-16.7128,-4.1445,-1.5847,-87.9007,24.3776,17.8568,-0.5800,49.8006,4.4959,9.3723,-9.4350,23.3758,-1.8442,-9.0844,13.7500,79.0683,45.9553,-29.9919,13.7105,-3.5859,17.0880,50.6124,22.1424,-1.4803,1.4898,27.7112,-28.9489,5.3024,51.6456,78.7518,-24.8136,28.2307,-64.7504,-6.4172,19.8540,-24.2421,1.9274,-17.7606,-5.3760,41.5898,-9.3140,-44.5638,32.8940,-9.9969,-10.7798,-10.1785,8.0754,-28.5446,-0.5266,-5.4498,-58.8814,-99.6671,51.7838,-36.8493,-0.2194,12.5591,-6.6492,38.3510,45.5109,-3.3922,-37.1862,-82.7796,-87.8425,21.2170,-3.2531,29.2003,-19.7519,-0.2053,-34.2354,-62.7686,17.8398,-10.9840,-23.6065,12.4444,-31.1986,-33.8323,-0.8741,-20.5325,-2.5404,-30.7648,-30.1453,25.8476,8.1749,11.3609,138.9855,-83.5125,-45.7030,12.2014,-44.5598,24.6668,-9.3599,18.5970,4.2821,-30.5441,-27.9785,17.9233,33.0455,-32.6282,-57.7326,5.6490,-20.8617,38.3659,-97.2275,45.4570,40.9209,-65.8278,-57.9302,-13.9876,14.7078,24.2597,-55.8801,-1.7751,-76.7720,-17.0934,-5.0934,-68.6856,-11.2618,1.7025,-41.7953,-100.9497,-33.3721,-127.2593,75.4991,-37.4380,18.7852,92.2908,-69.2373,13.9430,4.0167,42.6193,-25.7279,-5.4470,-40.7466,59.3722,37.2985,36.9244,-25.4472,-0.9732,11.6661,32.3391,37.3205,-19.6893,24.5606,-34.2351,-41.4370,-117.5435,67.6811,7.5051,32.5881,126.1826,45.8602,27.8054,23.0980,-16.6414,-29.2864,-36.9855,73.2574,-56.6171,13.0798,-51.5330,-36.1373,-70.3634,-11.4217,-6.7912,-42.1496,-82.7226,-84.9106,-39.4762,36.0457,47.6213,3.7890,-20.2580,-14.3883,-28.6451,62.7001,52.3976
-19.3774,-10.2695,32.7733,-18.0065,22.6247,39.4648,76.7895,-46.2504,-31.2068,47.3266,-53.6806,28.5365,-12.0368,44.5094,4.0384,4.3206,25.2710,18.5213,4.5028,-32.7012,25.8113,33.8978,-37.5303,-39.8818,23.5551,-23.0202,83.4640,-12.7523,-25.7795,-27.2874,101.4743,15.0559,-98.9655,-7.8786,80.3793,31.3285,-1.2238,120.1315,-3.1228,-7.1736,-0.8391,2.3707,-4.6939,28.0997,-35.4555,-9.1028,10.4933,13.5459,20.2027,-15.8986,-5.5051,-30.6324,-19.1662,-9.6369,-24.3762,-38.5868,74.9465,81.2359,-12.2887,-32.5014,22.4165,-9.1665,27.2986,20.6559,-40.0552,26.3031,-117.1819,17.4081,-15.9167,74.4791,4.5993,47.5708,-26.5061,3.5258,-14.7027,55.3052,-52.1720,1.1755,-20.8193,-86.8217,-16.7128,-4.1445,-1.5847,-87.9007,24.3776,17.8568,-0.5800,49.8006,4.4959,9.3723,-9.4350,23.3758,-1.8442,-9.0844,13.7500,79.0683,45.9553,-29.9919,13.7105,-3.5859,17.0880,50.6124,22.1424,-1.4803,1.4898,27.7112,-28.9489,5.3024,51.6456,78.7518,-24.8136,28.2307,-64.7504,-6.4172,19.8540,-24.2421,1.9274,-17.7606,-5.3760,41.5898,-9.3140,-44.5638,32.8940,-9.9969,-10.7798,-10.1785,8.0754,-28.5446,-0.5266,-5.4498,-58.8814,-99.6671,51.7838,-36.8493,-0.2194,12.5591,-6.6492,38.3510,45.5109,-3.3922,-37.1862,-82.7796,-87.8425,21.2170,-3.2531,29.2003,-19.7519,-0.2053,-34.2354,-62.7686,17.8398,-10.9840,-23.6065,12.4444,-31.1986,-33.8323,-0.8741,-20.5325,-2.5404,-30.7648,-30.1453,25.8476,8.1749,11.3609,138.9855,-83.5125,-45.7030,12.2014,-44.5598,24.6668,-9.3599,18.5970,4.2821,-30.5441,-27.9785,17.9233,33.0455,-32.6282,-57.7326,5.6490,-20.8617,38.3659,-97.2275,45.4570,40.9209,-65.8278,-57.9302,-13.9876,14.7078,24.2597,-55.8801,-1.7751,-76.7720,-17.0934,-5.0934,-68.6856,-11.2618,1.7025,-41.7953,-100.9497,-33.3721,-127.2593,75.4991,-37.4380,18.7852,92.2908,-69.2373,13.9430,4.0167,42.6193,-25.7279,-5.4470,-40.7466,59.3722,37.2985,36.9244,-25.4472,-0.9732,11.6661,32.3391,37.3205,-19.6893,24.5606,-34.2351,-41.4370,-117.5435,67.6811,7.5051,32.5881,126.1826,45.8602,27.8054,23.0980,-16.6414,-29.2864,-36.9855,73.2574,-56.6171,13.0798,-51.5330,-36.1373,-70.3634,-11.4217,-6.7912,-42.1496,-82.7226,-84.9106,-39.4762,36.0457,47.6213,3.7890,-20.2580,-14.3883,-28.6451,62.7001,52.3976
-16.5136,-2.3545,15.0818,-5.2077,0.9656,21.8664,24.0436,-12.2045,-16.8016,20.2042,0.5144,-7.1975,-2.4605,-4.9139,-17.8152,-10.1401,7.4665,-10.3493,-5.3485,-6.1881,1.9136,12.8605,-2.7885,-9.7867,14.6760,17.2337,13.6150,14.4576,-4.3580,5.7251,10.0520,-6.5995,-14.3397,-2.9275,17.8300,-0.9496,-13.0239,30.1681,-5.9166,9.2444,-7.9541,14.4394,14.5983,11.2759,1.2782,-13.5091,-1.3993,-7.4113,7.6978,-11.8724,-15.1523,-17.0726,-17.4923,2.3265,-0.0056,-4.1943,16.8723,3.8738,-6.7918,-11.2451,9.3231,9.9994,18.1198,11.3487,-0.4274,-14.0425,-12.8718,13.2794,-7.1069,18.7799,-9.8034,-1.4120,10.2340,-6.2650,13.0298,11.6292,-4.8545,-8.3239,-21.0891,-10.5790,4.7914,17.8202,-6.2937,-4.1777,6.3582,-0.7993,6.4556,8.8610,12.1512,-8.1147,11.8175,3.7464,-10.9136,6.3891,0.8232,-2.6723,10.8939,-15.6918,-20.8963,4.3881,-12.0328,4.1740,14.0185,-10.9264,8.8886,-5.5721,-13.8707,-10.8967,9.5354,-3.9089,-6.9743,-8.5157,-11.7282,10.1698,10.7550,-14.7585,0.5446,-3.4334,21.6207,-3.7618,-3.8295,1.0568,-0.9327,-9.9429,-5.3517,5.2091,21.1916,11.4376,-3.2415,6.2386,18.6877,-22.7701,-3.9303,-18.6045,-3.4268,-8.5848,5.9043,18.0060,9.7036,6.0401,11.8554,-12.3440,-24.0172,-2.5674,-13.0089,6.1918,-12.0263,2.4249,3.3808,11.9193,0.3419,10.5038,-14.8979,9.6418,15.3494,-3.6452,-3.6586,10.7929,-16.3678,0.8457,-8.0481,-2.2046,0.4149,-18.7443,13.1610,-17.4652,-6.6530,-4.3713,-17.9796,-10.9611,-13.1690,-5.5071,-5.3581,-5.9055,-3.3986,-7.6830,-7.6361,20.1523,-7.0594,-7.4506,-1.9568,23.0613,-15.3180,-0.9856,3.0149,-6.2449,-17.2013,-2.7383,11.4109,9.4057,-24.1910,10.2343,0.3626,-3.6294,-6.5315,-20.0872,10.4888,-11.6122,3.1900,-8.6724,6.2412,-31.3007,6.0164,-1.2717,0.5944,-0.1673,5.6237,12.9944,-6.0160,27.8061,-11.0130,5.8460,4.2016,-2.3481,2.9260,6.2278,-2.7427,8.2916,6.0510,10.4532,-2.0782,14.8017,7.7390,-17.6620,11.5325,-24.7442,26.3177,12.6297,14.8948,23.3160,12.7546,5.2905,13.0105,-1.8396,-7.3693,-25.7005,4.0277,-5.4197,18.6179,1.3498,9.6775,-7.5930,-11.3369,10.8057,-3.2010,-3.6716,-4.0240,3.3705,7.0924,21.1438,8.9936,-3.0311,-22.7538,3.6559,0.2698,3.3194
-16.5136,-2.3545,15.0818,-5.2077,0.9656,21.8664,24.0436,-12.2045,-16.8016,20.2042,0.5144,-7.1975,-2.4605,-4.9139,-17.8152,-10.1401,7.4665,-10.3493,-5.3485,-6.1881,1.9136,12.8605,-2.7885,-9.7867,14.6760,17.2337,13.6150,14.4576,-4.3580,5.7251,10.0520,-6.5995,-14.3397,-2.9275,17.8300,-0.9496,-13.0239,30.1681,-5.9166,9.2444,-7.9541,14.4394,14.5983,11.2759,1.2782,-13.5091,-1.3993,-7.4113,7.6978,-11.8724,-15.1523,-17.0726,-17.4923,2.3265,-0.0056,-4.1943,16.8723,3.8738,-6.7918,-11.2451,9.3231,9.9994,18.1198,11.3487,-0.4274,-14.0425,-12.8718,13.2794,-7.1069,18.7799,-9.8034,-1.4120,10.2340,-6.2650,13.0298,11.6292,-4.8545,-8.3239,-21.0891,-10.5790,4.7914,17.8202,-6.2937,-4.1777,6.3582,-0.7993,6.4556,8.8610,12.1512,-8.1147,11.8175,3.7464,-10.9136,6.3891,0.8232,-2.6723,10.8939,-15.6918,-20.8963,4.3882,-12.0328,4.1740,14.0185,-10.9264,8.8886,-5.5721,-13.8707,-10.8967,9.5354,-3.9089,-6.9743,-8.5157,-11.7282,10.1698,10.7550,-14.7585,0.5446,-3.4334,21.6207,-3.7618,-3.8295,1.0568,-0.9327,-9.9429,-5.3517,5.2091,21.1916,11.4376,-3.2415,6.2386,18.6877,-22.7701,-3.9303,-18.6045,-3.4268,-8.5848,5.9043,18.0060,9.7036,6.0401,11.8554,-12.3440,-24.0172,-2.5674,-13.0089,6.1918,-12.0263,2.4249,3.3808,11.9193,0.3419,10.5038,-14.8979,9.6418,15.3494,-3.6452,-3.6586,10.7929,-16.3678,0.8457,-8.0481,-2.2046,0.4149,-18.7443,13.1610,-17.4652,-6.6530,-4.3713,-17.9796,-10.9611,-13.1690,-5.5071,-5.3581,-5.9055,-3.3986,-7.6830,-7.6361,20.1523,-7.0594,-7.4506,-1.9568,23.0613,-15.3180,-0.9856,3.0149,-6.2449,-17.2013,-2.7383,11.4109,9.4057,-24.1910,10.2343,0.3626,-3.6294,-6.5315,-20.0872,10.4888,-11.6122,3.1900,-8.6724,6.2412,-31.3007,6.0164,-1.2717,0.5944,-0.1673,5.6237,12.9944,-6.0160,27.8061,-11.0130,5.8460,4.2016,-2.3481,2.9260,6.2278,-2.7427,8.2916,6.0510,10.4532,-2.0782,14.8017,7.7390,-17.6620,11.5325,-24.7442,26.3177,12.6297,14.8948,23.3160,12.7546,5.2905,13.0105,-1.8396,-7.3693,-25.7005,4.0277,-5.4197,18.6179,1.3498,9.6775,-7.5930,-11.3369,10.8057,-3.2010,-3.6716,-4.0240,3.3705,7.0924,21.1438,8.9936,-3.0311,-22.7538,3.6559,0.2698,3.3194
-16.5136,-2.3545,15.0818,-5.2077,0.9656,21.8665,24.0436,-12.2045,-16.8016,20.2042,0.5144,-7.1975,-2.4605,-4.9139,-17.8152,-10.1401,7.4665,-10.3493,-5.3485,-6.1881,1.9136,12.8605,-2.7885,-9.7867,14.6760,17.2337,13.6150,14.4576,-4.3580,5.7251,10.0520,-6.5995,-14.3397,-2.9275,17.8300,-0.9496,-13.0239,30.1681,-5.9166,9.2444,-7.9541,14.4394,14.5983,11.2759,1.2782,-13.5091,-1.3993,-7.4113,7.6978,-11.8724,-15.1523,-17.0726,-17.4923,2.3265,-0.0056,-4.1943,16.8723,3.8738,-6.7918,-11.2451,9.3231,9.9994,18.1198,11.3487,-0.4274,-14.0425,-12.8718,13.2794,-7.1069,18.7799,-9.8034,-1.4120,10.2340,-6.2650,13.0298,11.6292,-4.8545,-8.3239,-21.0891,-10.5790,4.7914,17.8202,-6.2937,-4.1777,6.3582,-0.7993,6.4556,8.8610,12.1512,-8.1147,11.8175,3.7464,-10.9136,6.3891,0.8232,-2.6723,10.8939,-15.6918,-20.8963,4.3882,-12.0328,4.1740,14.0185,-10.9264,8.8886,-5.5721,-13.8707,-10.8967,9.5354,-3.9089,-6.9743,-8.5157,-11.7282,10.1698,10.7550,-14.7585,0.5446,-3.4334,21.6207,-3.7618,-3.8295,1.0568,-0.9327,-9.9429,-5.3517,5.2091,21.1916,11.4376,-3.2415,6.2386,18.6877,-22.7701,-3.9303,-18.6045,-3.4268,-8.5848,5.9043,18.0060,9.7036,6.0401,11.8554,-12.3440,-24.0172,-2.5674,-13.0089,6.1918,-12.0263,2.4249,3.3808,11.9193,0.3419,10.5038,-14.8979,9.6418,15.3494,-3.6452,-3.6586,10.7929,-16.3678,0.8457,-8.0481,-2.2046,0.4149,-18.7443,13.1610,-17.4652,-6.6530,-4.3713,-17.9796,-10.9611,-13.1690,-5.5071,-5.3581,-5.9055,-3.3986,-7.6830,-7.6361,20.1523,-7.0594,-7.4506,-1.9568,23.0613,-15.3180,-0.9856,3.0149,-6.2449,-17.2013,-2.7383,11.4109,9.4057,-24.1910,10.2343,0.3626,-3.6294,-6.5315,-20.0872,10.4888,-11.6122,3.1900,-8.6724,6.2412,-31.3007,6.0164,-1.2717,0.5944,-0.1673,5.6237,12.9944,-6.0160,27.8061,-11.0130,5.8460,4.2016,-2.3481,2.9260,6.2278,-2.7427,8.2916,6.0510,10.4532,-2.0782,14.8017,7.7390,-17.6620,11.5325,-24.7442,26.3177,12.6297,14.8948,23.3160,12.7546,5.2905,13.0105,-1.8396,-7.3693,-25.7005,4.0277,-5.4197,18.6179,1.3498,9.6775,-7.5930,-11.3369,10.8057,-3.2010,-3.6716,-4.0240,3.3705,7.0924,21.1438,8.9936,-3.0311,-22.7538,3.6559,0.2698,3.3194
-14.9746,-0.9448,-10.2041,7.6005,11.5381,19.2534,19.5265,2.9668,-12.2953,15.3873,13.7338,-0.4458,-20.6645,-9.7626,-26.7948,-0.6534,-1.9052,-0.1977,1.1313,-5.6915,22.1470,1.4515,10.8442,8.2483,21.1084,8.3319,10.1909,-7.4594,-3.8410,-9.0724,12.4265,-13.5742,2.8366,-10.2764,4.8309,-3.6939,11.6275,39.0466,12.8849,0.4256,-10.5687,1.4298,14.9997,-6.9872,-10.0348,-12.3291,-13.2547,-4.8581,8.9214,1.0708,1.8509,-2.9863,-0.1287,-0.9914,18.2038,-6.0096,1.2820,11.9136,-12.1706,-13.1271,-11.3794,7.8360,-2.2864,13.0208,1.9077,-19.8234,-11.1121,-5.1915,12.9073,0.5505,-1.6458,11.6006,0.1842,3.0049,10.3117,6.7455,-19.7380,-12.0767,2.0610,-0.5216,-4.4024,11.5291,-11.4762,-1.9738,2.6122,-5.3427,-0.2855,7.7149,2.7202,-7.6083,10.4307,10.8842,-13.9058,-8.1079,-3.0111,-0.1215,16.2003,-6.6760,3.0216,-2.2381,-5.5058,-15.9157,-11.1764,0.5099,5.3851,-0.7133,3.2812,-0.8049,12.6097,-3.8450,-2.8760,-12.7949,-7.4551,9.2240,1.3634,2.3162,-5.9571,14.3745,2.5736,11.9777,0.9649,12.1718,-2.7537,-8.6334,1.3629,1.6415,-8.1680,-0.2766,-10.9432,1.9008,0.5197,-31.2222,-2.4732,-3.6199,-7.4396,-0.3528,7.2114,1.9902,17.7713,-6.2247,13.6217,-13.4352,-8.1215,-2.0595,-16.0768,1.4677,-9.0375,11.4351,-6.8454,8.6782,13.8714,15.1388,-13.5984,1.4899,0.5008,9.1734,8.7381,7.6191,-5.0347,13.6954,0.6577,11.9044,-2.0058,-14.5661,-0.6011,9.0732,6.6663,0.8378,-15.9810,14.1031,4.0357,10.2238,18.4318,-12.7896,6.9282,-9.2587,-8.9560,0.1540,6.0355,-3.8385,-1.8135,23.3835,-19.7250,4.1454,-8.0822,-3.6485,5.6407,9.0451,22.2518,8.7118,-21.4589,-3.2277,-7.9284,11.4699,-14.9692,-20.8467,3.9099,8.3470,-10.1604,-8.0323,10.5370,-17.9745,21.8414,14.2554,-9.8260,4.8937,-3.0745,-1.1243,18.0112,-6.4162,-19.3498,-6.9781,-0.8848,1.6693,7.6369,14.0792,-15.7315,1.4152,-0.0693,22.7109,-6.4029,14.8420,-9.3388,-9.9798,6.9053,-18.3533,9.7789,12.6732,14.6770,6.4556,-9.7656,-0.9502,2.5536,-15.7246,-6.2204,-10.5184,4.1773,-7.2820,10.8509,-19.7675,-3.3622,-24.5128,17.7552,6.9642,-7.1253,0.2732,-13.6908,7.9405,10.0343,11.7623,11.3171,-2.7760,-9.7993,-8.0319,16.9591,10.4599
-14.7164,-4.2078,12.1153,-0.6042,12.6333,14.2248,11.2483,-8.9975,3.8403,13.8946,-0.4076,-3.2621,4.3166,9.3991,0.9611,-2.6917,-7.5494,2.0863,5.1721,-9.0472,22.7155,7.3885,10.8028,3.7775,7.4635,5.6327,10.0594,7.2850,9.9015,-4.1824,30.7188,1.6815,-5.8510,-9.8029,2.1636,-0.8383,5.6626,27.6378,-7.5031,9.7306,-2.4449,-3.1286,2.2775,-3.2746,-3.6003,-0.0778,-0.3523,-10.2536,-4.1113,8.4478,8.7432,10.9827,-3.0181,11.4329,-0.7514,0.7480,-9.5761,-2.4392,-0.9408,-4.5635,13.9932,2.0425,0.2156,15.4811,2.3887,-3.0683,-3.8051,-7.1205,3.9073,-6.5004,-4.7218,-6.6694,-13.9291,0.2070,-10.7382,16.5369,2.6333,-9.9134,7.6652,3.4867,-2.4711,20.1562,-2.1766,-1.6520,9.4901,-6.0137,10.3167,3.7065,-8.6823,-0.8292,10.0200,10.7290,16.9935,-16.8799,4.8867,-9.2563,-4.4665,6.7143,-0.9095,-8.6607,0.9947,-6.1764,5.7955,-16.3172,-16.6942,-8.5909,-2.8139,-12.8428,3.6257,1.8734,8.0252,-2.5136,-14.2378,-7.2465,-8.9888,-14.7036,6.4437,-15.7703,-1.8675,1.5724,10.5167,-14.4877,-7.2395,-4.2308,-9.0851,5.5519,14.6748,8.8538,2.2402,-0.8053,9.4424,-23.6732,5.0826,-5.7575,5.8233,5.2720,-0.3184,2.9478,16.3460,-9.2222,4.9928,-21.0739,-2.9143,16.0963,-12.6029,9.1145,-3.7747,0.6440,-4.1171,3.7206,9.1814,2.1653,-14.3769,15.7750,-9.5355,6.3313,6.3778,1.6655,5.5439,-0.3783,-2.4009,-5.7054,-0.8497,-12.1402,26.6056,4.9084,-0.8884,11.0243,-11.4724,-10.5726,7.7481,13.7977,13.3271,-1.6749,2.0371,-1.4175,18.8660,3.8337,-11.8567,5.1590,-6.9364,16.3597,-19.4289,-2.7888,13.1048,-8.6467,-3.6291,12.1788,11.1225,4.4463,-4.3002,3.8773,-18.9535,-6.3736,1.8084,-12.3491,4.2748,1.7922,11.2665,-4.4878,-6.5276,-20.9595,18.3664,-14.2973,0.1742,10.4032,-7.9623,-9.5962,-2.4253,10.4705,-5.2105,4.8181,-6.9838,10.8825,5.8294,-14.1637,-17.3015,1.2437,-9.1134,23.2071,8.4336,-7.6384,14.5791,-5.5592,-7.3165,-26.6073,8.8992,-7.9774,10.6087,11.3153,17.8047,16.6338,2.1835,-21.5812,12.8540,-6.5435,-0.8142,-3.4276,-2.2440,-7.3097,1.9384,-9.3571,3.5787,12.6054,10.0899,-4.6202,-19.4209,-11.7161,-5.0276,5.3121,7.5039,1.3806,-12.4791,-3.0278,-6.5172,8.1470
-14.7164,-4.2078,12.1153,-0.6042,12.6333,14.2248,11.2483,-8.9975,3.8403,13.8946,-0.4076,-3.2621,4.3166,9.3991,0.9611,-2.6917,-7.5494,2.0863,5.1721,-9.0472,22.7155,7.3885,10.8028,3.7775,7.4635,5.6327,10.0594,7.2850,9.9015,-4.1824,30.7188,1.6815,-5.8510,-9.8029,2.1636,-0.8383,5.6626,27.6378,-7.5031,9.7306,-2.4449,-3.1286,2.2775,-3.2746,-3.6003,-0.0778,-0.3523,-10.2536,-4.1113,8.4478,8.7432,10.9827,-3.0181,11.4329,-0.7514,0.7480,-9.5761,-2.4392,-0.9408,-4.5635,13.9932,2.0425,0.2156,15.4811,2.3887,-3.0683,-3.8051,-7.1205,3.9073,-6.5004,-4.7218,-6.6694,-13.9291,0.2070,-10.7382,16.5369,2.6333,-9.9134,7.6652,3.4867,-2.4711,20.1562,-2.1766,-1.6520,9.4901,-6.0137,10.3167,3.7065,-8.6823,-0.8292,10.0200,10.7290,16.9935,-16.8799,4.8867,-9.2563,-4.4665,6.7143,-0.9095,-8.6607,0.9947,-6.1764,5.7955,-16.3172,-16.6942,-8.5909,-2.8139,-12.8428,3.6257,1.8734,8.0252,-2.5136,-14.2378,-7.2465,-8.9888,-14.7036,6.4437,-15.7703,-1.8675,1.5724,10.5167,-14.4877,-7.2395,-4.2308,-9.0851,5.5519,14.6748,8.8538,2.2402,-0.8053,9.4424,-23.6732,5.0826,-5.7575,5.8233,5.2720,-0.3184,2.9478,16.3460,-9.2222,4.9928,-21.0739,-2.9143,16.0963,-12.6029,9.1145,-3.7747,0.6440,-4.1171,3.7206,9.1814,2.1653,-14.3769,15.7750,-9.5355,6.3313,6.3778,1.6655,5.5439,-0.3783,-2.4009,-5.7054,-0.8497,-12.1402,26.6056,4.9084,-0.8884,11.0243,-11.4724,-10.5726,7.7481,13.7978,13.3271,-1.6749,2.0371,-1.4175,18.8660,3.8337,-11.8568,5.1590,-6.9364,16.3597,-19.4289,-2.7888,13.1048,-8.6467,-3.6291,12.1788,11.1225,4.4463,-4.3002,3.8773,-18.9535,-6.3736,1.8084,-12.3491,4.2748,1.7922,11.2665,-4.4878,-6.5276,-20.9595,18.3664,-14.2973,0.1742,10.4032,-7.9623,-9.5962,-2.4253,10.4705,-5.2105,4.8181,-6.9838,10.8825,5.8294,-14.1637,-17.3015,1.2437,-9.1134,23.2071,8.4336,-7.6384,14.5791,-5.5592,-7.3165,-26.6073,8.8992,-7.9774,10.6087,11.3153,17.8047,16.6338,2.1835,-21.5812,12.8540,-6.5435,-0.8142,-3.4276,-2.2440,-7.3097,1.9384,-9.3571,3.5787,12.6054,10.0899,-4.6202,-19.4209,-11.7161,-5.0276,5.3121,7.5039,1.3806,-12.4791,-3.0278,-6.5172,8.1470
-14.7164,-4.2078,12.1153,-0.6042,12.6333,14.2248,11.2483,-8.9975,3.8403,13.8946,-0.4076,-3.2621,4.3166,9.3991,0.9611,-2.6917,-7.5494,2.0863,5.1721,-9.0472,22.7155,7.3885,10.8028,3.7775,7.4635,5.6327,10.0594,7.2850,9.9015,-4.1824,30.7188,1.6815,-5.8510,-9.8029,2.1636,-0.8383,5.6626,27.6378,-7.5031,9.7306,-2.4449,-3.1286,2.2775,-3.2746,-3.6003,-0.0778,-0.3523,-10.2536,-4.1113,8.4478,8.7432,10.9827,-3.0181,11.4329,-0.7514,0.7480,-9.5761,-2.4392,-0.9408,-4.5635,13.9932,2.0425,0.2156,15.4811,2.3887,-3.0683,-3.8051,-7.1205,3.9073,-6.5004,-4.7218,-6.6694,-13.9291,0.2070,-10.7382,16.5369,2.6333,-9.9134,7.6652,3.4867,-2.4711,20.1562,-2.1766,-1.6520,9.4901,-6.0137,10.3167,3.7065,-8.6823,-0.8292,10.0200,10.7290,16.9935,-16.8799,4.8867,-9.2563,-4.4665,6.7143,-0.9095,-8.6607,0.9947,-6.1764,5.7955,-16.3172,-16.6942,-8.5909,-2.8139,-12.8428,3.6257,1.8734,8.0252,-2.5136,-14.2378,-7.2465,-8.9888,-14.7036,6.4437,-15.7703,-1.8675,1.5724,10.5167,-14.4877,-7.2395,-4.2308,-9.0851,5.5519,14.6748,8.8538,2.2402,-0.8053,9.4424,-23.6732,5.0826,-5.7575,5.8233,5.2720,-0.3184,2.9478,16.3460,-9.2222,4.9928,-21.0739,-2.9143,16.0963,-12.6029,9.1145,-3.7747,0.6440,-4.1171,3.7206,9.1814,2.1653,-14.3769,15.7750,-9.5355,6.3313,6.3778,1.6655,5.5439,-0.3783,-2.4009,-5.7054,-0.8497,-12.1402,26.6056,4.9084,-0.8884,11.0243,-11.4724,-10.5726,7.7481,13.7978,13.3271,-1.6749,2.0371,-1.4175,18.8660,3.8337,-11.8567,5.1590,-6.9364,16.3597,-19.4289,-2.7888,13.1048,-8.6467,-3.6291,12.1788,11.1225,4.4463,-4.3002,3.8773,-18.9535,-6.3736,1.8084,-12.3491,4.2748,1.7922,11.2665,-4.4878,-6.5276,-20.9595,18.3664,-14.2973,0.1742,10.4032,-7.9623,-9.5962,-2.4254,10.4705,-5.2105,4.8181,-6.9838,10.8825,5.8294,-14.1637,-17.3015,1.2437,-9.1134,23.2071,8.4336,-7.6384,14.5791,-5.5592,-7.3165,-26.6073,8.8992,-7.9774,10.6087,11.3153,17.8047,16.6338,2.1835,-21.5812,12.8540,-6.5435,-0.8142,-3.4276,-2.2440,-7.3097,1.9384,-9.3571,3.5787,12.6054,10.0899,-4.6202,-19.4209,-11.7161,-5.0276,5.3121,7.5039,1.3806,-12.4791,-3.0278,-6.5172,8.1470
-14.7164,-4.2078,12.1153,-0.6042,12.6333,14.2248,11.2483,-8.9975,3.8403,13.8946,-0.4076,-3.2621,4.3166,9.3991,0.9611,-2.6917,-7.5494,2.0863,5.1721,-9.0472,22.7155,7.3885,10.8028,3.7775,7.4635,5.6327,10.0594,7.2850,9.9015,-4.1824,30.7188,1.6815,-5.8510,-9.8029,2.1636,-0.8383,5.6626,27.6378,-7.5031,9.7306,-2.4449,-3.1286,2.2775,-3.2746,-3.6003,-0.0778,-0.3523,-10.2536,-4.1113,8.4478,8.7432,10.9827,-3.0181,11.4329,-0.7514,0.7480,-9.5761,-2.4392,-0.9408,-4.5635,13.9932,2.0425,0.2156,15.4811,2.3887,-3.0683,-3.8051,-7.1205,3.9073,-6.5004,-4.7218,-6.6694,-13.9291,0.2070,-10.7382,16.5369,2.6333,-9.9134,7.6652,3.4867,-2.4711,20.1562,-2.1766,-1.6520,9.4901,-6.0137,10.3167,3.7065,-8.6823,-0.8292,10.0200,10.7290,16.9935,-16.8799,4.8867,-9.2563,-4.4665,6.7143,-0.9095,-8.6607,0.9947,-6.1764,5.7955,-16.3172,-16.6942,-8.5909,-2.8139,-12.8428,3.6257,1.8734,8.0252,-2.5136,-14.2378,-7.2465,-8.9888,-14.7036,6.4437,-15.7703,-1.8675,1.5724,10.5167,-14.4877,-7.2395,-4.2308,-9.0851,5.5519,14.6748,8.8538,2.2402,-0.8053,9.4424,-23.6732,5.0826,-5.7575,5.8233,5.2720,-0.3184,2.9478,16.3460,-9.2222,4.9928,-21.0739,-2.9143,16.0963,-12.6029,9.1145,-3.7747,0.6440,-4.1171,3.7206,9.1814,2.1653,-14.3769,15.7750,-9.5355,6.3313,6.3778,1.6655,5.5439,-0.3783,-2.4009,-5.7054,-0.8497,-12.1402,26.6056,4.9084,-0.8884,11.0243,-11.4724,-10.5726,7.7481,13.7978,13.3271,-1.6749,2.0371,-1.4175,18.8660,3.8337,-11.8567,5.1590,-6.9364,16.3597,-19.4289,-2.7888,13.1048,-8.6467,-3.6291,12.1788,11.1225,4.4463,-4.3002,3.8773,-18.9535,-6.3736,1.8084,-12.3491,4.2748,1.7922,11.2665,-4.4878,-6.5276,-20.9595,18.3664,-14.2973,0.1742,10.4032,-7.9623,-9.5962,-2.4253,10.4705,-5.2105,4.8181,-6.9838,10.8825,5.8294,-14.1637,-17.3015,1.2437,-9.1134,23.2071,8.4336,-7.6384,14.5791,-5.5592,-7.3165,-26.6073,8.8992,-7.9774,10.6087,11.3153,17.8047,16.6338,2.1835,-21.5812,12.8540,-6.5435,-0.8142,-3.4276,-2.2440,-7.3097,1.9384,-9.3571,3.5787,12.6054,10.0899,-4.6202,-19.4209,-11.7161,-5.0276,5.3121,7.5039,1.3806,-12.4791,-3.0278,-6.5172,8.1470
-14.7164,-4.2078,12.1153,-0.6042,12.6333,14.2248,11.2483,-8.9975,3.8403,13.8946,-0.4076,-3.2621,4.3166,9.3991,0.9611,-2.6917,-7.5494,2.0863,5.1721,-9.0472,22.7155,7.3885,10.8028,3.7775,7.4635,5.6327,10.0594,7.2850,9.9015,-4.1824,30.7188,1.6815,-5.8510,-9.8029,2.1636,-0.8383,5.6626,27.6378,-7.5031,9.7306,-2.4449,-3.1286,2.2775,-3.2746,-3.6003,-0.0778,-0.3523,-10.2536,-4.1113,8.4478,8.7432,10.9827,-3.0181,11.4329,-0.7514,0.7480,-9.5761,-2.4392,-0.9408,-4.5635,13.9932,2.0425,0.2156,15.4811,2.3887,-3.0683,-3.8051,-7.1205,3.9073,-6.5004,-4.7218,-6.6694,-13.9291,0.2070,-10.7382,16.5369,2.6333,-9.9134,7.6652,3.4867,-2.4711,20.1562,-2.1766,-1.6520,9.4901,-6.0137,10.3167,3.7065,-8.6823,-0.8292,10.0200,10.7290,16.9935,-16.8799,4.8867,-9.2563,-4.4665,6.7143,-0.9095,-8.6607,0.9947,-6.1764,5.7955,-16.3172,-16.6942,-8.5909,-2.8139,-12.8428,3.6257,1.8734,8.0252,-2.5136,-14.2378,-7.2465,-8.9888,-14.7036,6.4437,-15.7703,-1.8675,1.5724,10.5167,-14.4877,-7.2395,-4.2308,-9.0851,5.5519,14.6748,8.8538,2.2402,-0.8053,9.4424,-23.6732,5.0826,-5.7575,5.8233,5.2720,-0.3184,2.9478,16.3460,-9.2222,4.9928,-21.0739,-2.9143,16.0963,-12.6029,9.1145,-3.7747,0.6440,-4.1171,3.7206,9.1814,2.1653,-14.3768,15.7750,-9.5355,6.3313,6.3778,1.6655,5.5439,-0.3783,-2.4009,-5.7054,-0.8497,-12.1402,26.6056,4.9084,-0.8884,11.0243,-11.4724,-10.5726,7.7481,13.7978,13.3271,-1.6749,2.0371,-1.4175,18.8660,3.8337,-11.8568,5.1590,-6.9364,16.3597,-19.4289,-2.7888,13.1048,-8.6467,-3.6291,12.1788,11.1225,4.4463,-4.3002,3.8773,-18.9535,-6.3736,1.8084,-12.3491,4.2748,1.7922,11.2665,-4.4878,-6.5276,-20.9595,18.3664,-14.2973,0.1742,10.4032,-7.9623,-9.5962,-2.4253,10.4705,-5.2105,4.8181,-6.9838,10.8825,5.8294,-14.1637,-17.3015,1.2437,-9.1134,23.2071,8.4336,-7.6384,14.5791,-5.5592,-7.3165,-26.6073,8.8992,-7.9774,10.6087,11.3153,17.8047,16.6338,2.1835,-21.5812,12.8540,-6.5435,-0.8142,-3.4276,-2.2440,-7.3097,1.9384,-9.3571,3.5787,12.6054,10.0899,-4.6202,-19.4209,-11.7161,-5.0276,5.3121,7.5039,1.3806,-12.4791,-3.0278,-6.5172,8.1470
-14.4406,-14.8297,7.6191,-0.1698,-6.9556,18.6040,24.4667,-4.8722,-25.4089,20.8451,-7.9967,4.9110,-8.7627,21.1818,-0.5355,-10.1138,-2.8144,18.8884,-17.7522,16.3310,-4.8067,23.8076,1.5709,-15.1472,-2.0446,10.4515,20.9292,-1.1304,-10.6852,-9.9914,28.7952,6.8478,-30.3587,-13.6509,-5.8971,8.5659,-18.1736,24.7420,-1.8737,0.3133,10.7970,-7.4276,16.7155,8.8125,-9.0934,-1.7788,0.2559,-6.1771,-3.5610,-4.3256,1.0311,-13.9630,13.3174,-4.3927,-3.7563,-20.8721,2.2399,27.2678,5.6349,-10.8793,-1.7007,-12.4242,17.2055,-4.2502,6.1807,24.5351,-41.2774,0.9705,2.5679,15.4740,3.2156,-1.9081,-7.4316,10.7493,-13.0114,3.7840,-0.0902,15.3836,-1.2874,-26.5535,2.2458,-6.4959,-6.2135,-32.2515,-9.8688,3.1127,-1.5896,10.3178,-6.5945,12.2980,-13.1325,2.6414,13.2759,0.8515,16.7898,11.6611,8.1321,-9.0089,8.2582,14.2668,3.0815,0.0625,5.2930,5.2216,-0.1947,22.3427,8.1411,-12.0020,18.5588,26.5627,-15.6940,12.0610,-14.1747,-10.9129,-9.7180,2.3219,2.5146,-0.8339,-16.3298,1.5287,6.8650,-9.8870,-1.8318,26.6770,14.6036,-7.5472,-13.8401,9.8463,-3.1617,-12.8772,-12.8639,-25.0467,-3.1123,-0.1807,9.9183,3.9182,13.2118,8.7120,-5.7693,3.9334,-8.4373,-31.4605,-38.8385,5.9238,-16.9235,7.5512,-9.0462,11.5997,-10.1311,0.4412,-1.0835,-13.0705,-9.3816,-4.0258,-19.9668,-17.3478,-1.7490,1.0408,11.1973,-1.3985,-13.7123,-0.7842,-8.3375,3.8108,34.5968,-25.9278,-12.6009,1.8936,-7.5893,-10.2127,3.1854,7.0449,8.0407,-6.9562,-29.7078,4.3541,4.5426,-2.9783,-1.8228,3.4058,-32.1624,4.4381,-28.1889,14.9818,11.9150,-22.3911,-24.0339,-13.5990,15.0451,20.8356,-4.1381,9.7118,-9.0927,-13.9144,11.7583,-31.0101,0.7408,12.1615,-4.9166,-29.1521,-18.9324,-20.8629,25.8371,-7.7134,12.6670,23.3726,-19.4120,23.1941,-2.0663,14.8678,-5.8263,-5.1048,-18.6550,27.3758,10.7022,17.4981,-5.6178,-2.7354,20.3106,-1.4222,6.9183,-11.4754,9.2089,-8.0538,0.2116,-20.3354,5.3116,6.4704,0.5047,39.4067,15.8328,-7.6531,-21.8053,9.8155,-4.5335,8.6142,12.5689,-19.7662,-9.7271,-22.8319,-24.3892,-9.6039,8.3680,10.2451,-17.4566,-32.1329,-11.2246,-2.4223,12.7581,18.4288,-0.2027,-21.8251,-4.2187,-15.8509,9.1597,17.1864
-14.4406,-14.8297,7.6191,-0.1698,-6.9556,18.6040,24.4667,-4.8722,-25.4089,20.8451,-7.9967,4.9110,-8.7627,21.1818,-0.5355,-10.1138,-2.8144,18.8884,-17.7522,16.3310,-4.8067,23.8076,1.5709,-15.1472,-2.0446,10.4515,20.9292,-1.1304,-10.6852,-9.9914,28.7952,6.8478,-30.3587,-13.6509,-5.8971,8.5659,-18.1736,24.7420,-1.8737,0.3133,10.7970,-7.4276,16.7155,8.8125,-9.0934,-1.7788,0.2559,-6.1771,-3.5610,-4.3256,1.0311,-13.9630,13.3174,-4.3927,-3.7563,-20.8721,2.2399,27.2678,5.6349,-10.8793,-1.7007,-12.4242,17.2055,-4.2502,6.1807,24.5351,-41.2774,0.9705,2.5679,15.4740,3.2156,-1.9081,-7.4316,10.7493,-13.0114,3.7840,-0.0902,15.3836,-1.2874,-26.5535,2.2458,-6.4959,-6.2135,-32.2515,-9.8688,3.1127,-1.5896,10.3178,-6.5945,12.2980,-13.1325,2.6414,13.2759,0.8515,16.7898,11.6611,8.1321,-9.0089,8.2582,14.2668,3.0815,0.0625,5.2930,5.2216,-0.1947,22.3427,8.1411,-12.0020,18.5588,26.5627,-15.6940,12.0610,-14.1747,-10.9129,-9.7180,2.3219,2.5146,-0.8339,-16.3298,1.5287,6.8650,-9.8870,-1.8318,26.6770,14.6036,-7.5472,-13.8401,9.8463,-3.1617,-12.8772,-12.8639,-25.0467,-3.1123,-0.1807,9.9183,3.9182,13.2118,8.7120,-5.7693,3.9334,-8.4373,-31.4605,-38.8385,5.9238,-16.9235,7.5512,-9.0462,11.5997,-10.1311,0.4412,-1.0835,-13.0705,-9.3816,-4.0258,-19.9668,-17.3478,-1.7490,1.0408,11.1973,-1.3985,-13.7123,-0.7842,-8.3375,3.8108,34.5968,-25.9278,-12.6009,1.8936,-7.5893,-10.2127,3.1854,7.0449,8.0407,-6.9562,-29.7078,4.3541,4.5426,-2.9783,-1.8228,3.4058,-32.1624,4.4381,-28.1889,14.9818,11.9150,-22.3911,-24.0338,-13.5990,15.0451,20.8356,-4.1381,9.7118,-9.0927,-13.9144,11.7583,-31.0101,0.7408,12.1615,-4.9166,-29.1521,-18.9324,-20.8629,25.8371,-7.7134,12.6670,23.3726,-19.4120,23.1941,-2.0663,14.8678,-5.8263,-5.1048,-18.6550,27.3758,10.7022,17.4981,-5.6178,-2.7354,20.3106,-1.4222,6.9183,-11.4754,9.2089,-8.0538,0.2116,-20.3354,5.3116,6.4704,0.5047,39.4067,15.8328,-7.6531,-21.8053,9.8155,-4.5335,8.6142,12.5689,-19.7662,-9.7271,-22.8319,-24.3892,-9.6039,8.3680,10.2451,-17.4566,-32.1329,-11.2246,-2.4223,12.7581,18.4288,-0.2027,-21.8251,-4.2187,-15.8509,9.1597,17.1864
-13.2382,-3.6260,-1.0265,2.6544,1.4552,18.5829,19.3502,-4.8039,-8.5443,-2.2464,-3.2864,-4.3552,6.7347,-4.9036,-3.9425,1.5593,-3.9759,4.8232,7.6470,6.6862,-3.5092,4.4796,2.7264,1.6352,3.8797,2.6598,21.1889,13.0215,-2.9352,-6.8554,12.6796,-1.7707,-20.4299,6.1505,1.9216,3.1568,-0.5322,7.8843,-4.7604,-1.9806,3.9876,4.6580,0.1392,2.7836,6.9776,-4.4834,-1.7216,-5.2857,-5.1192,1.9839,-2.6446,2.9710,-10.4401,-0.5742,12.9697,-6.1303,4.8783,3.2499,-5.8701,-2.1894,1.3283,-3.2211,-0.7993,13.4217,-1.0586,8.3598,-2.0369,-6.0111,2.1663,0.2835,-1.0272,1.2086,-4.2325,-3.3174,5.5136,0.8710,-6.8767,1.0043,-8.5669,-2.1576,-1.0840,0.8014,-2.3946,4.8383,6.5506,-4.9154,8.0687,13.7031,-5.0408,12.5414,-1.1535,2.8036,-0.3767,10.0277,8.2277,4.5045,-2.2453,-3.1783,7.7219,7.8874,3.3137,7.3998,7.1839,-7.1627,3.5770,1.6442,-2.2251,8.2925,9.4948,-3.8243,1.0849,-2.2859,-7.6115,-10.1480,9.7713,-9.4533,-2.3737,-5.8945,-2.5349,-4.4024,4.7863,-4.9950,4.2808,-0.3735,-1.8280,-2.1824,-1.9502,1.4246,0.2340,3.1887,1.3336,-18.2441,2.0955,-3.9482,-0.1091,0.0358,4.3543,5.8788,-2.4208,-10.0057,6.4332,-7.7858,-19.0540,9.7559,-6.3648,-6.2677,-4.4775,-5.2210,-7.1709,-6.6109,6.7545,1.5542,2.4818,1.8974,2.4670,-7.1215,7.3174,1.2924,-2.1611,-5.6450,2.2221,-0.3686,2.4678,-3.6171,11.3658,-1.0118,2.8136,-12.9608,-13.3127,0.9816,-1.9124,-1.4956,-6.7792,3.6282,-6.7326,-0.7207,-5.7772,5.6498,-20.9661,-1.8440,-4.2398,-2.7030,2.3166,9.1758,13.9707,2.4572,-3.9101,-1.5629,-4.9890,3.9320,2.7714,1.0966,-3.2653,-5.0524,12.1890,-5.8127,-1.5457,-4.1180,-9.6790,-9.7571,-2.3488,-20.7973,5.6431,-0.3915,-8.2274,5.9785,2.2917,-9.7717,-6.6487,14.5298,-4.0042,-4.2899,0.1946,6.5602,-6.5408,2.8386,5.2321,8.0800,-10.2257,-1.8283,9.5262,-1.4857,-4.2781,1.8032,6.9965,-15.0708,4.4338,13.1251,-0.4829,11.3401,-4.7995,4.7141,-0.0746,1.5204,1.1401,-11.6414,0.2248,-4.9091,4.2464,-8.6251,3.5839,-4.5421,3.9165,-7.1566,9.0478,-10.2403,-18.9375,7.7003,-3.8813,2.9332,0.0418,-14.0321,-8.3054,9.7089,9.9434,11.4806
-13.2382,-3.6260,-1.0265,2.6544,1.4552,18.5829,19.3502,-4.8039,-8.5443,-2.2464,-3.2864,-4.3552,6.7347,-4.9036,-3.9425,1.5593,-3.9759,4.8232,7.6470,6.6862,-3.5092,4.4796,2.7264,1.6352,3.8797,2.6598,21.1889,13.0215,-2.9352,-6.8554,12.6796,-1.7707,-20.4299,6.1505,1.9216,3.1568,-0.5322,7.8843,-4.7604,-1.9806,3.9876,4.6580,0.1392,2.7836,6.9776,-4.4834,-1.7216,-5.2857,-5.1192,1.9839,-2.6446,2.9710,-10.4401,-0.5742,12.9697,-6.1303,4.8783,3.2499,-5.8701,-2.1894,1.3283,-3.2211,-0.7993,13.4217,-1.0586,8.3598,-2.0369,-6.0111,2.1663,0.2835,-1.0272,1.2086,-4.2325,-3.3174,5.5136,0.8710,-6.8767,1.0043,-8.5669,-2.1576,-1.0840,0.8014,-2.3946,4.8383,6.5506,-4.9154,8.0687,13.7031,-5.0408,12.5415,-1.1535,2.8036,-0.3767,10.0277,8.2277,4.5045,-2.2453,-3.1783,7.7219,7.8874,3.3137,7.3998,7.1839,-7.1627,3.5770,1.6442,-2.2251,8.2925,9.4948,-3.8243,1.0849,-2.2859,-7.6115,-10.1480,9.7713,-9.4533,-2.3737,-5.8945,-2.5349,-4.4024,4.7863,-4.9950,4.2808,-0.3735,-1.8280,-2.1824,-1.9502,1.4246,0.2340,3.1887,1.3336,-18.2441,2.0955,-3.9482,-0.1091,0.0358,4.3543,5.8788,-2.4208,-10.0057,6.4332,-7.7858,-19.0540,9.7559,-6.3648,-6.2677,-4.4775,-5.2210,-7.1709,-6.6109,6.7545,1.5542,2.4818,1.8974,2.4670,-7.1215,7.3174,1.2924,-2.1612,-5.6450,2.2221,-0.3686,2.4678,-3.6171,11.3658,-1.0118,2.8136,-12.9608,-13.3127,0.9816,-1.9124,-1.4956,-6.7792,3.6282,-6.7326,-0.7207,-5.7772,5.6498,-20.9661,-1.8440,-4.2398,-2.7030,2.3166,9.1758,13.9707,2.4572,-3.9101,-1.5629,-4.9890,3.9320,2.7714,1.0966,-3.2653,-5.0524,12.1890,-5.8127,-1.5457,-4.1180,-9.6790,-9.7571,-2.3488,-20.7973,5.6431,-0.3915,-8.2274,5.9785,2.2917,-9.7717,-6.6487,14.5298,-4.0042,-4.2899,0.1946,6.5602,-6.5408,2.8386,5.2321,8.0800,-10.2257,-1.8283,9.5262,-1.4857,-4.2781,1.8032,6.9965,-15.0708,4.4338,13.1251,-0.4829,11.3401,-4.7995,4.7141,-0.0746,1.5204,1.1401,-11.6414,0.2248,-4.9091,4.2464,-8.6251,3.5839,-4.5421,3.9165,-7.1566,9.0478,-10.2403,-18.9375,7.7003,-3.8813,2.9332,0.0418,-14.0321,-8.3054,9.7089,9.9434,11.4806
-13.2382,-3.6260,-1.0265,2.6544,1.4552,18.5829,19.3502,-4.8039,-8.5443,-2.2464,-3.2864,-4.3552,6.7347,-4.9036,-3.9425,1.5593,-3.9759,4.8232,7.6470,6.6862,-3.5092,4.4796,2.7264,1.6352,3.8797,2.6598,21.1889,13.0215,-2.9352,-6.8554,12.6796,-1.7707,-20.4299,6.1505,1.9216,3.1568,-0.5322,7.8843,-4.7604,-1.9806,3.9876,4.6580,0.1392,2.7836,6.9776,-4.4834,-1.7216,-5.2857,-5.1192,1.9839,-2.6446,2.9710,-10.4401,-0.5742,12.9697,-6.1303,4.8783,3.2499,-5.8701,-2.1894,1.3283,-3.2211,-0.7993,13.4217,-1.0586,8.3598,-2.0369,-6.0111,2.1663,0.2835,-1.0272,1.2086,-4.2325,-3.3174,5.5136,0.8710,-6.8767,1.0043,-8.5669,-2.1576,-1.0840,0.8014,-2.3946,4.8383,6.5506,-4.9154,8.0687,13.7031,-5.0408,12.5415,-1.1535,2.8036,-0.3767,10.0277,8.2277,4.5045,-2.2453,-3.1783,7.7219,7.8874,3.3137,7.3998,7.1839,-7.1627,3.5770,1.6442,-2.2251,8.2925,9.4948,-3.8243,1.0849,-2.2859,-7.6115,-10.1480,9.7713,-9.4533,-2.3737,-5.8945,-2.5349,-4.4024,4.7863,-4.9950,4.2808,-0.3735,-1.8280,-2.1824,-1.9502,1.4246,0.2340,3.1887,1.3336,-18.2441,2.0955,-3.9482,-0.1091,0.0358,4.3543,5.8788,-2.4208,-10.0057,6.4332,-7.7858,-19.0540,9.7559,-6.3648,-6.2677,-4.4775,-5.2210,-7.1709,-6.6109,6.7545,1.5542,2.4818,1.8974,2.4670,-7.1215,7.3174,1.2924,-2.1611,-5.6450,2.2221,-0.3686,2.4678,-3.6171,11.3658,-1.0118,2.8136,-12.9608,-13.3127,0.9816,-1.9124,-1.4956,-6.7792,3.6282,-6.7326,-0.7207,-5.7772,5.6498,-20.9661,-1.8440,-4.2398,-2.7030,2.3166,9.1758,13.9707,2.4572,-3.9101,-1.5629,-4.9890,3.9320,2.7714,1.0966,-3.2653,-5.0524,12.1889,-5.8127,-1.5457,-4.1180,-9.6790,-9.7571,-2.3488,-20.7973,5.6431,-0.3915,-8.2274,5.9785,2.2917,-9.7717,-6.6487,14.5298,-4.0042,-4.2899,0.1946,6.5602,-6.5408,2.8386,5.2321,8.0800,-10.2257,-1.8283,9.5262,-1.4857,-4.2781,1.8032,6.9965,-15.0708,4.4338,13.1251,-0.4829,11.3401,-4.7995,4.7141,-0.0746,1.5204,1.1401,-11.6414,0.2248,-4.9091,4.2464,-8.6251,3.5839,-4.5421,3.9165,-7.1566,9.0478,-10.2403,-18.9375,7.7003,-3.8813,2.9332,0.0418,-14.0321,-8.3054,9.7089,9.9434,11.4806
-13.2382,-3.6260,-1.0265,2.6544,1.4552,18.5829,19.3502,-4.8039,-8.5443,-2.2464,-3.2864,-4.3552,6.7347,-4.9036,-3.9425,1.5593,-3.9759,4.8232,7.6470,6.6862,-3.5092,4.4796,2.7264,1.6352,3.8797,2.6598,21.1889,13.0215,-2.9352,-6.8554,12.6796,-1.7707,-20.4299,6.1505,1.9216,3.1568,-0.5322,7.8843,-4.7604,-1.9806,3.9876,4.6580,0.1392,2.7836,6.9776,-4.4834,-1.7216,-5.2857,-5.1192,1.9839,-2.6446,2.9710,-10.4401,-0.5742,12.9697,-6.1303,4.8783,3.2499,-5.8701,-2.1894,1.3283,-3.2211,-0.7993,13.4217,-1.0586,8.3598,-2.0369,-6.0111,2.1663,0.2835,-1.0272,1.2086,-4.2325,-3.3174,5.5136,0.8710,-6.8767,1.0043,-8.5669,-2.1576,-1.0840,0.8014,-2.3946,4.8383,6.5506,-4.9154,8.0687,13.7031,-5.0408,12.5415,-1.1535,2.8036,-0.3767,10.0277,8.2277,4.5045,-2.2453,-3.1783,7.7219,7.8874,3.3137,7.3998,7.1839,-7.1627,3.5770,1.6442,-2.2251,8.2925,9.4948,-3.8243,1.0849,-2.2859,-7.6115,-10.1480,9.7713,-9.4533,-2.3737,-5.8945,-2.5349,-4.4024,4.7863,-4.9950,4.2808,-0.3735,-1.8280,-2.1824,-1.9502,1.4246,0.2340,3.1887,1.3336,-18.2441,2.0955,-3.9482,-0.1091,0.0358,4.3543,5.8788,-2.4208,-10.0057,6.4332,-7.7858,-19.0540,9.7559,-6.3648,-6.2677,-4.4775,-5.2210,-7.1709,-6.6109,6.7545,1.5542,2.4818,1.8974,2.4670,-7.1215,7.3174,1.2924,-2.1611,-5.6450,2.2221,-0.3686,2.4678,-3.6171,11.3658,-1.0118,2.8136,-12.9608,-13.3127,0.9816,-1.9124,-1.4956,-6.7792,3.6282,-6.7326,-0.7207,-5.7772,5.6498,-20.9661,-1.8440,-4.2398,-2.7030,2.3166,9.1758,13.9707,2.4572,-3.9101,-1.5629,-4.9890,3.9320,2.7714,1.0966,-3.2653,-5.0524,12.1890,-5.8127,-1.5457,-4.1180,-9.6790,-9.7571,-2.3488,-20.7973,5.6431,-0.3915,-8.2274,5.9785,2.2917,-9.7717,-6.6487,14.5298,-4.0042,-4.2899,0.1946,6.5602,-6.5408,2.8386,5.2321,8.0800,-10.2257,-1.8283,9.5262,-1.4857,-4.2781,1.8032,6.9965,-15.0708,4.4338,13.1251,-0.4829,11.3401,-4.7995,4.7141,-0.0746,1.5204,1.1401,-11.6414,0.2248,-4.9091,4.2464,-8.6251,3.5839,-4.5421,3.9165,-7.1566,9.0478,-10.2403,-18.9375,7.7003,-3.8813,2.9332,0.0418,-14.0321,-8.3054,9.7089,9.9434,11.4806
-13.2382,-3.6260,-1.0265,2.6544,1.4552,18.5829,19.3502,-4.8039,-8.5443,-2.2464,-3.2864,-4.3552,6.7347,-4.9036,-3.9425,1.5593,-3.9759,4.8232,7.6470,6.6862,-3.5092,4.4796,2.7264,1.6352,3.8797,2.6598,21.1889,13.0215,-2.9352,-6.8554,12.6796,-1.7707,-20.4299,6.1505,1.9216,3.1568,-0.5322,7.8843,-4.7604,-1.9806,3.9876,4.6580,0.1392,2.7836,6.9776,-4.4834,-1.7216,-5.2857,-5.1192,1.9839,-2.6446,2.9710,-10.4401,-0.5742,12.9697,-6.1303,4.8783,3.2499,-5.8701,-2.1894,1.3283,-3.2211,-0.7993,13.4217,-1.0586,8.3598,-2.0369,-6.0111,2.1663,0.2835,-1.0272,1.2086,-4.2325,-3.3174,5.5136,0.8710,-6.8767,1.0043,-8.5669,-2.1576,-1.0840,0.8014,-2.3946,4.8383,6.5506,-4.9154,8.0687,13.7031,-5.0408,12.5415,-1.1535,2.8036,-0.3767,10.0277,8.2277,4.5045,-2.2453,-3.1783,7.7219,7.8874,3.3137,7.3998,7.1839,-7.1627,3.5770,1.6442,-2.2251,8.2925,9.4948,-3.8243,1.0849,-2.2859,-7.6115,-10.1480,9.7713,-9.4533,-2.3737,-5.8945,-2.5349,-4.4024,4.7863,-4.9950,4.2808,-0.3735,-1.8280,-2.1824,-1.9502,1.4246,0.2340,3.1887,1.3336,-18.2441,2.0955,-3.9482,-0.1091,0.0358,4.3543,5.8788,-2.4208,-10.0057,6.4332,-7.7858,-19.0540,9.7559,-6.3648,-6.2677,-4.4775,-5.2210,-7.1709,-6.6109,6.7545,1.5542,2.4818,1.8974,2.4670,-7.1215,7.3174,1.2924,-2.1611,-5.6450,2.2221,-0.3686,2.4678,-3.6171,11.3658,-1.0118,2.8136,-12.9608,-13.3127,0.9816,-1.9124,-1.4956,-6.7792,3.6282,-6.7326,-0.7207,-5.7772,5.6498,-20.9661,-1.8440,-4.2398,-2.7030,2.3166,9.1758,13.9707,2.4572,-3.9101,-1.5629,-4.9890,3.9320,2.7714,1.0967,-3.2653,-5.0524,12.1890,-5.8127,-1.5457,-4.1180,-9.6790,-9.7571,-2.3488,-20.7973,5.6431,-0.3915,-8.2274,5.9785,2.2917,-9.7717,-6.6487,14.5298,-4.0042,-4.2899,0.1946,6.5602,-6.5408,2.8386,5.2321,8.0800,-10.2257,-1.8283,9.5262,-1.4857,-4.2781,1.8032,6.9965,-15.0708,4.4338,13.1251,-0.4829,11.3401,-4.7995,4.7141,-0.0746,1.5204,1.1401,-11.6414,0.2248,-4.9091,4.2464,-8.6251,3.5839,-4.5421,3.9165,-7.1566,9.0478,-10.2403,-18.9375,7.7003,-3.8813,2.9332,0.0418,-14.0321,-8.3054,9.7089,9.9434,11.4806
-13.2382,-3.6260,-1.0265,2.6544,1.4552,18.5829,19.3502,-4.8039,-8.5443,-2.2464,-3.2864,-4.3552,6.7347,-4.9036,-3.9425,1.5593,-3.9759,4.8232,7.6470,6.6862,-3.5092,4.4796,2.7264,1.6352,3.8797,2.6598,21.1889,13.0215,-2.9352,-6.8554,12.6796,-1.7707,-20.4299,6.1505,1.9216,3.1569,-0.5322,7.8843,-4.7604,-1.9806,3.9876,4.6580,0.1392,2.7836,6.9776,-4.4834,-1.7216,-5.2857,-5.1192,1.9839,-2.6446,2.9710,-10.4401,-0.5742,12.9697,-6.1303,4.8783,3.2499,-5.8701,-2.1894,1.3283,-3.2211,-0.7993,13.4217,-1.0586,8.3598,-2.0369,-6.0111,2.1663,0.2835,-1.0272,1.2086,-4.2325,-3.3174,5.5136,0.8710,-6.8767,1.0043,-8.5669,-2.1576,-1.0840,0.8014,-2.3946,4.8383,6.5506,-4.9154,8.0687,13.7031,-5.0408,12.5415,-1.1535,2.8036,-0.3767,10.0277,8.2277,4.5045,-2.2453,-3.1783,7.7219,7.8874,3.3137,7.3998,7.1839,-7.1627,3.5770,1.6442,-2.2251,8.2925,9.4948,-3.8243,1.0849,-2.2859,-7.6115,-10.1480,9.7713,-9.4533,-2.3737,-5.8945,-2.5349,-4.4024,4.7863,-4.9950,4.2808,-0.3735,-1.8280,-2.1824,-1.9502,1.4246,0.2340,3.1887,1.3336,-18.2441,2.0955,-3.9482,-0.1091,0.0358,4.3543,5.8788,-2.4208,-10.0057,6.4332,-7.7858,-19.0540,9.7559,-6.3648,-6.2677,-4.4775,-5.2210,-7.1709,-6.6109,6.7545,1.5542,2.4818,1.8974,2.4670,-7.1215,7.3174,1.2924,-2.1611,-5.6450,2.2221,-0.3686,2.4678,-3.6171,11.3658,-1.0118,2.8136,-12.9608,-13.3127,0.9816,-1.9124,-1.4956,-6.7792,3.6282,-6.7326,-0.7207,-5.7772,5.6498,-20.9661,-1.8440,-4.2398,-2.7030,2.3166,9.1758,13.9707,2.4572,-3.9101,-1.5629,-4.9890,3.9320,2.7714,1.0966,-3.2653,-5.0524,12.1890,-5.8127,-1.5457,-4.1180,-9.6790,-9.7571,-2.3488,-20.7973,5.6431,-0.3915,-8.2274,5.9785,2.2917,-9.7717,-6.6487,14.5298,-4.0042,-4.2899,0.1946,6.5602,-6.5408,2.8386,5.2321,8.0800,-10.2257,-1.8283,9.5262,-1.4857,-4.2781,1.8032,6.9965,-15.0708,4.4338,13.1251,-0.4829,11.3401,-4.7995,4.7141,-0.0746,1.5204,1.1401,-11.6414,0.2248,-4.9091,4.2464,-8.6251,3.5839,-4.5421,3.9165,-7.1566,9.0478,-10.2403,-18.9375,7.7003,-3.8813,2.9332,0.0418,-14.0321,-8.3054,9.7089,9.9434,11.4806
-12.6039,-10.1337,-6.8508,11.3957,0.8597,15.4273,25.0913,-10.9591,-4.2615,5.2674,-6.3490,2.7909,-6.8305,16.8250,9.8126,-1.6157,-1.8609,-0.0408,-2.5007,-2.3822,3.2852,6.4594,-4.0860,5.9949,-5.7492,13.9550,9.2533,4.1682,-1.7897,-2.4852,3.5240,8.4011,-9.3435,1.7204,5.4725,3.6363,1.1878,15.4778,1.1442,4.9259,2.5797,6.7962,7.2077,5.8555,-1.6517,0.9563,4.2853,-5.9056,7.2426,5.1096,-10.5111,-4.5379,3.6518,-12.7503,1.3960,-5.8036,-0.4966,15.0731,-6.6564,-13.8073,5.4051,-4.9294,1.4985,5.0079,7.2668,14.3703,-9.0715,-8.7906,-2.2356,8.6385,8.3905,-1.5055,4.0132,1.3476,-13.2473,3.8783,-9.1128,-1.9266,-9.3614,-1.7620,10.3634,-1.9392,-9.6913,-1.7657,3.7872,-14.2518,-2.0958,7.9089,0.2769,9.1097,2.0623,6.4903,6.1108,2.6801,1.4295,7.2617,-2.1250,-8.9617,2.9231,-1.0447,-3.1214,7.2081,5.4913,-5.4718,-4.6406,2.5765,-13.5012,9.5815,11.3328,14.7730,0.7790,1.5628,-3.6951,-7.0841,-5.6934,-10.4445,1.8000,-10.2730,2.8760,-11.3103,10.9404,4.8642,-13.9321,-1.4678,3.9702,-7.2391,0.3569,2.6644,0.9089,-7.6922,7.4320,-11.9129,0.4244,0.6977,-3.4319,1.3638,0.5007,-2.4764,-2.9008,-0.6061,-1.1653,-3.7948,-20.6546,6.5122,-7.5048,9.4562,6.0735,-1.4239,-6.7778,-11.2403,12.4343,-6.4804,-2.2287,-9.1847,-0.7836,-0.5878,3.4810,-9.6954,-4.5806,0.7564,-13.2189,-2.3737,-11.5054,-12.2078,10.1860,-11.3353,-9.9740,-8.5561,-6.1853,8.6323,-13.7803,-4.9054,-4.6306,0.0112,4.6329,5.3324,-5.4130,-5.0551,-11.8731,-3.1057,-7.7444,5.7139,-8.8922,8.5554,16.7299,-9.8220,-3.6667,-1.2099,5.2597,4.9585,-1.5431,-0.3500,-8.1603,-1.2558,9.6128,-1.2993,1.8376,-3.6229,-6.8684,-21.8356,-5.9630,-13.7342,5.3285,-2.0660,-3.7435,7.9763,-0.1963,0.2835,-6.0561,13.5986,2.6799,-9.3348,-4.8163,7.9238,2.7373,8.5116,-1.7762,3.3032,8.8447,-3.3963,5.0900,-8.7189,3.4501,-7.1701,6.0332,-0.7221,17.0528,12.0136,10.7304,8.8207,6.9788,7.6732,3.1786,-3.2992,0.0597,5.6449,3.6125,-12.0350,7.1023,-5.2413,1.3955,-4.8698,0.2259,2.7629,-8.5240,-10.0441,-9.1535,0.9237,3.0606,5.7658,2.0490,-15.7688,-7.3089,10.2506,0.6485,3.4837
-12.6039,-10.1337,-6.8508,11.3957,0.8597,15.4273,25.0913,-10.9591,-4.2615,5.2674,-6.3490,2.7909,-6.8305,16.8250,9.8126,-1.6157,-1.8609,-0.0408,-2.5007,-2.3822,3.2852,6.4594,-4.0860,5.9949,-5.7492,13.9550,9.2533,4.1682,-1.7897,-2.4852,3.5240,8.4011,-9.3435,1.7204,5.4725,3.6363,1.1878,15.4778,1.1442,4.9259,2.5797,6.7962,7.2077,5.8555,-1.6517,0.9563,4.2853,-5.9056,7.2426,5.1096,-10.5111,-4.5379,3.6518,-12.7503,1.3960,-5.8036,-0.4966,15.0731,-6.6564,-13.8073,5.4051,-4.9294,1.4985,5.0079,7.2668,14.3703,-9.0715,-8.7906,-2.2356,8.6385,8.3905,-1.5055,4.0132,1.3476,-13.2473,3.8783,-9.1128,-1.9266,-9.3614,-1.7620,10.3634,-1.9392,-9.6913,-1.7657,3.7872,-14.2518,-2.0958,7.9089,0.2769,9.1097,2.0623,6.4903,6.1108,2.6801,1.4295,7.2617,-2.1250,-8.9617,2.9231,-1.0447,-3.1214,7.2081,5.4913,-5.4718,-4.6406,2.5765,-13.5012,9.5815,11.3328,14.7730,0.7790,1.5628,-3.6951,-7.0841,-5.6934,-10.4445,1.8000,-10.2730,2.8760,-11.3103,10.9404,4.8642,-13.9321,-1.4678,3.9702,-7.2391,0.3569,2.6644,0.9089,-7.6922,7.4320,-11.9129,0.4244,0.6977,-3.4319,1.3638,0.5007,-2.4764,-2.9008,-0.6061,-1.1653,-3.7948,-20.6546,6.5122,-7.5048,9.4562,6.0735,-1.4239,-6.7778,-11.2403,12.4343,-6.4804,-2.2287,-9.1847,-0.7836,-0.5878,3.4810,-9.6954,-4.5806,0.7564,-13.2189,-2.3737,-11.5054,-12.2078,10.1860,-11.3353,-9.9740,-8.5561,-6.1853,8.6323,-13.7803,-4.9054,-4.6306,0.0112,4.6329,5.3324,-5.4130,-5.0551,-11.8731,-3.1057,-7.7444,5.7139,-8.8922,8.5554,16.7299,-9.8220,-3.6667,-1.2099,5.2597,4.9585,-1.5431,-0.3500,-8.1603,-1.2558,9.6128,-1.2993,1.8376,-3.6229,-6.8684,-21.8356,-5.9630,-13.7342,5.3285,-2.0660,-3.7435,7.9763,-0.1963,0.2835,-6.0561,13.5986,2.6799,-9.3348,-4.8163,7.9238,2.7373,8.5116,-1.7762,3.3032,8.8447,-3.3963,5.0900,-8.7189,3.4501,-7.1701,6.0332,-0.7221,17.0528,12.0136,10.7304,8.8207,6.9788,7.6732,3.1786,-3.2992,0.0597,5.6449,3.6125,-12.0350,7.1024,-5.2413,1.3955,-4.8698,0.2259,2.7629,-8.5240,-10.0441,-9.1535,0.9237,3.0606,5.7658,2.0490,-15.7688,-7.3089,10.2506,0.6485,3.4837
-12.6039,-10.1337,-6.8508,11.3957,0.8597,15.4273,25.0913,-10.9591,-4.2615,5.2674,-6.3490,2.7909,-6.8305,16.8250,9.8126,-1.6157,-1.8609,-0.0408,-2.5007,-2.3822,3.2852,6.4594,-4.0860,5.9949,-5.7492,13.9550,9.2533,4.1682,-1.7897,-2.4852,3.5240,8.4011,-9.3435,1.7204,5.4725,3.6363,1.1878,15.4778,1.1442,4.9259,2.5797,6.7962,7.2077,5.8555,-1.6517,0.9563,4.2853,-5.9056,7.2426,5.1096,-10.5111,-4.5379,3.6518,-12.7503,1.3960,-5.8036,-0.4966,15.0731,-6.6564,-13.8073,5.4051,-4.9294,1.4985,5.0079,7.2668,14.3703,-9.0715,-8.7906,-2.2356,8.6385,8.3905,-1.5055,4.0132,1.3476,-13.2473,3.8783,-9.1128,-1.9266,-9.3614,-1.7620,10.3634,-1.9392,-9.6913,-1.7657,3.7872,-14.2518,-2.0958,7.9089,0.2769,9.1097,2.0623,6.4903,6.1108,2.6801,1.4295,7.2617,-2.1250,-8.9617,2.9231,-1.0447,-3.1214,7.2081,5.4913,-5.4718,-4.6406,2.5765,-13.5012,9.5815,11.3328,14.7730,0.7790,1.5628,-3.6951,-7.0841,-5.6934,-10.4445,1.8000,-10.2730,2.8760,-11.3103,10.9404,4.8642,-13.9321,-1.4678,3.9702,-7.2391,0.3569,2.6644,0.9089,-7.6922,7.4320,-11.9129,0.4244,0.6977,-3.4319,1.3638,0.5007,-2.4764,-2.9008,-0.6061,-1.1653,-3.7948,-20.6546,6.5122,-7.5048,9.4562,6.0735,-1.4239,-6.7778,-11.2403,12.4343,-6.4804,-2.2287,-9.1847,-0.7836,-0.5878,3.4810,-9.6954,-4.5806,0.7564,-13.2189,-2.3737,-11.5054,-12.2078,10.1860,-11.3353,-9.9740,-8.5561,-6.1853,8.6323,-13.7803,-4.9054,-4.6306,0.0112,4.6329,5.3324,-5.4130,-5.0551,-11.8731,-3.1057,-7.7444,5.7139,-8.8922,8.5554,16.7299,-9.8220,-3.6667,-1.2099,5.2597,4.9585,-1.5431,-0.3500,-8.1603,-1.2558,9.6128,-1.2993,1.8376,-3.6229,-6.8684,-21.8356,-5.9630,-13.7342,5.3285,-2.0660,-3.7435,7.9763,-0.1963,0.2835,-6.0561,13.5986,2.6799,-9.3348,-4.8163,7.9238,2.7373,8.5116,-1.7762,3.3032,8.8447,-3.3963,5.0900,-8.7189,3.4501,-7.1701,6.0332,-0.7221,17.0528,12.0136,10.7304,8.8207,6.9788,7.6732,3.1786,-3.2992,0.0597,5.6449,3.6125,-12.0350,7.1024,-5.2412,1.3955,-4.8698,0.2259,2.7629,-8.5240,-10.0441,-9.1535,0.9237,3.0606,5.7658,2.0490,-15.7688,-7.3089,10.2506,0.6485,3.4837
-12.6039,-10.1337,-6.8508,11.3957,0.8597,15.4273,25.0913,-10.9591,-4.2615,5.2674,-6.3490,2.7909,-6.8305,16.8250,9.8126,-1.6157,-1.8609,-0.0408,-2.5007,-2.3822,3.2852,6.4594,-4.0860,5.9949,-5.7492,13.9550,9.2533,4.1682,-1.7897,-2.4852,3.5240,8.4011,-9.3435,1.7204,5.4725,3.6363,1.1878,15.4778,1.1442,4.9259,2.5797,6.7962,7.2077,5.8555,-1.6517,0.9563,4.2853,-5.9056,7.2426,5.1096,-10.5111,-4.5379,3.6518,-12.7503,1.3960,-5.8035,-0.4966,15.0731,-6.6564,-13.8073,5.4051,-4.9294,1.4985,5.0079,7.2668,14.3703,-9.0715,-8.7906,-2.2356,8.6385,8.3905,-1.5055,4.0132,1.3476,-13.2473,3.8783,-9.1128,-1.9266,-9.3614,-1.7620,10.3634,-1.9392,-9.6913,-1.7657,3.7872,-14.2518,-2.0958,7.9089,0.2769,9.1097,2.0623,6.4903,6.1108,2.6801,1.4295,7.2617,-2.1250,-8.9617,2.9231,-1.0447,-3.1214,7.2081,5.4913,-5.4718,-4.6406,2.5765,-13.5012,9.5815,11.3328,14.7730,0.7790,1.5628,-3.6951,-7.0841,-5.6934,-10.4445,1.8000,-10.2730,2.8760,-11.3103,10.9404,4.8642,-13.9321,-1.4678,3.9702,-7.2391,0.3569,2.6644,0.9089,-7.6922,7.4320,-11.9129,0.4244,0.6977,-3.4319,1.3638,0.5007,-2.4764,-2.9008,-0.6061,-1.1653,-3.7948,-20.6546,6.5122,-7.5048,9.4562,6.0735,-1.4239,-6.7778,-11.2403,12.4343,-6.4804,-2.2287,-9.1847,-0.7836,-0.5878,3.4810,-9.6954,-4.5806,0.7564,-13.2189,-2.3737,-11.5054,-12.2078,10.1860,-11.3353,-9.9740,-8.5561,-6.1853,8.6323,-13.7803,-4.9054,-4.6306,0.0112,4.6329,5.3324,-5.4130,-5.0551,-11.8731,-3.1057,-7.7444,5.7139,-8.8922,8.5554,16.7299,-9.8220,-3.6667,-1.2099,5.2597,4.9585,-1.5431,-0.3500,-8.1603,-1.2558,9.6128,-1.2993,1.8376,-3.6229,-6.8684,-21.8356,-5.9630,-13.7342,5.3285,-2.0660,-3.7435,7.9763,-0.1963,0.2835,-6.0561,13.5986,2.6799,-9.3348,-4.8163,7.9238,2.7373,8.5116,-1.7762,3.3032,8.8447,-3.3963,5.0900,-8.7189,3.4501,-7.1701,6.0332,-0.7221,17.0528,12.0136,10.7304,8.8207,6.9788,7.6732,3.1786,-3.2992,0.0597,5.6449,3.6125,-12.0350,7.1024,-5.2413,1.3955,-4.8698,0.2259,2.7629,-8.5240,-10.0441,-9.1535,0.9237,3.0606,5.7658,2.0490,-15.7688,-7.3089,10.2506,0.6485,3.4837
-12.6039,-10.1337,-6.8508,11.3957,0.8597,15.4273,25.0913,-10.9591,-4.2615,5.2674,-6.3490,2.7909,-6.8305,16.8250,9.8126,-1.6157,-1.8609,-0.0408,-2.5007,-2.3822,3.2853,6.4594,-4.0860,5.9949,-5.7492,13.9550,9.2533,4.1682,-1.7897,-2.4852,3.5240,8.4011,-9.3435,1.7204,5.4725,3.6363,1.1878,15.4778,1.1442,4.9259,2.5797,6.7962,7.2077,5.8555,-1.6517,0.9563,4.2853,-5.9056,7.2426,5.1096,-10.5111,-4.5379,3.6518,-12.7503,1.3960,-5.8036,-0.4966,15.0731,-6.6564,-13.8073,5.4051,-4.9294,1.4985,5.0079,7.2668,14.3703,-9.0715,-8.7906,-2.2356,8.6385,8.3905,-1.5055,4.0132,1.3476,-13.2473,3.8783,-9.1128,-1.9266,-9.3614,-1.7620,10.3634,-1.9392,-9.6913,-1.7657,3.7872,-14.2518,-2.0958,7.9089,0.2769,9.1097,2.0623,6.4903,6.1108,2.6801,1.4295,7.2617,-2.1250,-8.9617,2.9231,-1.0447,-3.1214,7.2081,5.4913,-5.4718,-4.6406,2.5765,-13.5012,9.5815,11.3328,14.7730,0.7790,1.5628,-3.6951,-7.0841,-5.6934,-10.4445,1.8000,-10.2730,2.8760,-11.3103,10.9404,4.8642,-13.9321,-1.4678,3.9702,-7.2391,0.3569,2.6644,0.9089,-7.6922,7.4320,-11.9129,0.4244,0.6977,-3.4319,1.3638,0.5007,-2.4764,-2.9008,-0.6061,-1.1653,-3.7948,-20.6546,6.5122,-7.5048,9.4562,6.0735,-1.4239,-6.7778,-11.2403,12.4343,-6.4804,-2.2287,-9.1847,-0.7836,-0.5878,3.4810,-9.6954,-4.5806,0.7564,-13.2189,-2.3737,-11.5054,-12.2078,10.1860,-11.3353,-9.9740,-8.5561,-6.1853,8.6323,-13.7803,-4.9054,-4.6306,0.0112,4.6329,5.3324,-5.4130,-5.0551,-11.8731,-3.1057,-7.7444,5.7139,-8.8922,8.5554,16.7299,-9.8220,-3.6667,-1.2099,5.2597,4.9585,-1.5431,-0.3500,-8.1603,-1.2558,9.6128,-1.2993,1.8376,-3.6229,-6.8684,-21.8356,-5.9630,-13.7342,5.3285,-2.0660,-3.7435,7.9763,-0.1963,0.2835,-6.0561,13.5986,2.6799,-9.3348,-4.8163,7.9238,2.7373,8.5116,-1.7762,3.3032,8.8447,-3.3963,5.0900,-8.7189,3.4501,-7.1701,6.0332,-0.7221,17.0528,12.0136,10.7304,8.8207,6.9788,7.6732,3.1786,-3.2992,0.0597,5.6449,3.6125,-12.0350,7.1024,-5.2413,1.3955,-4.8698,0.2259,2.7629,-8.5240,-10.0441,-9.1535,0.9237,3.0606,5.7658,2.0490,-15.7688,-7.3089,10.2506,0.6485,3.4837
-10.9577,-3.7213,-3.9464,-4.4503,-1.0711,11.1086,8.4396,2.1917,-6.2087,1.0242,2.9820,-1.1125,2.9012,-6.7951,-11.2574,3.6806,-3.2043,4.0535,7.5720,5.7664,6.0949,-1.7333,3.0767,-1.2108,11.0633,2.6555,11.5404,5.2434,3.8864,-2.3067,13.3461,-6.0938,-13.2084,1.8608,6.0938,2.6512,2.7925,11.1829,-3.0397,-6.2240,-0.1057,0.7553,-0.1645,-3.1889,-0.6713,-2.2967,-2.6182,-5.6602,5.9719,4.6601,3.2914,1.4012,2.3541,3.5357,4.6394,-9.8087,1.8298,10.0971,-7.8865,-0.2685,1.6803,1.1419,-1.4405,7.7920,-4.3404,-1.7584,-8.5894,-2.0431,6.8683,1.2293,-2.1752,4.1486,-1.1251,3.6039,4.8290,3.9040,-10.1451,1.5957,2.8747,2.1472,-1.7935,4.3022,-1.8338,-4.2695,-1.4340,-3.2285,-0.1965,7.6780,-0.1999,4.8548,-3.2482,1.0709,-8.7279,1.6886,0.7061,0.3666,2.3001,-4.0428,10.3450,0.9078,4.9664,-3.5950,-6.3736,-3.4553,0.2806,-0.8401,0.9310,5.4618,7.7042,-2.7144,-3.3157,1.3824,-7.4145,-4.4751,10.1641,-5.9510,0.6598,1.4544,-1.0975,-2.6486,3.8026,3.5895,4.7406,-6.2070,1.0055,-4.5484,-8.9330,-4.4270,-5.8492,-1.3969,-2.6919,-7.7246,1.8234,-4.8665,0.8555,-4.0464,0.8778,-0.6484,2.7389,-9.5965,4.6222,-15.8141,-9.7308,1.1935,-4.3945,5.5002,0.0003,4.6850,-1.1230,1.0914,3.8849,6.6946,-0.7756,-1.7121,3.6899,-6.4946,2.9834,-2.0428,-4.8844,0.4025,1.3084,5.9119,-0.2199,-11.6218,5.3266,3.4376,4.5822,-2.3775,-5.6628,6.1877,4.0653,2.7640,3.8441,-3.0451,0.5830,-1.6497,-5.0337,-4.6375,-8.7131,6.4158,-0.1762,0.4136,-7.5208,3.8960,2.3157,3.6255,6.6842,3.1650,5.1370,4.9908,-0.2256,-7.9264,-4.0251,-3.3337,-3.6217,-4.9182,5.6708,9.6514,-11.5636,-6.6471,0.9037,-15.3507,7.1768,5.3726,-4.6767,4.0036,-3.6987,1.9905,4.8568,-0.1191,-7.8927,-3.4955,-3.4705,-2.0483,-5.8653,5.4305,1.2966,-0.3249,-10.8665,0.8884,2.1536,3.4495,-6.7888,-6.0375,0.4806,-6.8931,1.1281,7.7585,3.1268,7.7399,-6.4385,2.4905,-1.0327,0.7760,-0.0882,-5.4262,1.1420,-3.0449,3.3454,-7.2507,-2.8396,-4.7734,2.8023,-3.7882,1.1740,1.1384,-10.4693,4.6673,-4.8892,1.5244,0.2386,-5.3736,-5.1892,2.5619,2.0941,8.4071
-10.9577,-3.7213,-3.9464,-4.4503,-1.0711,11.1086,8.4396,2.1917,-6.2087,1.0242,2.9820,-1.1125,2.9012,-6.7951,-11.2574,3.6806,-3.2043,4.0535,7.5720,5.7664,6.0949,-1.7333,3.0767,-1.2108,11.0633,2.6555,11.5404,5.2434,3.8864,-2.3067,13.3461,-6.0938,-13.2084,1.8608,6.0938,2.6512,2.7925,11.1829,-3.0397,-6.2240,-0.1057,0.7553,-0.1645,-3.1889,-0.6713,-2.2967,-2.6182,-5.6602,5.9719,4.6601,3.2914,1.4012,2.3541,3.5357,4.6394,-9.8087,1.8298,10.0971,-7.8865,-0.2685,1.6803,1.1419,-1.4405,7.7920,-4.3404,-1.7584,-8.5894,-2.0431,6.8683,1.2293,-2.1752,4.1486,-1.1251,3.6039,4.8290,3.9040,-10.1451,1.5957,2.8747,2.1472,-1.7935,4.3022,-1.8338,-4.2695,-1.4340,-3.2285,-0.1965,7.6780,-0.1999,4.8548,-3.2482,1.0709,-8.7279,1.6886,0.7061,0.3666,2.3001,-4.0428,10.3450,0.9078,4.9664,-3.5950,-6.3736,-3.4553,0.2806,-0.8401,0.9310,5.4618,7.7042,-2.7144,-3.3157,1.3824,-7.4145,-4.4751,10.1641,-5.9510,0.6598,1.4544,-1.0975,-2.6486,3.8026,3.5895,4.7406,-6.2070,1.0055,-4.5484,-8.9330,-4.4270,-5.8492,-1.3969,-2.6919,-7.7246,1.8234,-4.8665,0.8555,-4.0464,0.8778,-0.6484,2.7389,-9.5965,4.6222,-15.8141,-9.7308,1.1935,-4.3945,5.5002,0.0003,4.6851,-1.1230,1.0914,3.8849,6.6946,-0.7756,-1.7121,3.6899,-6.4946,2.9834,-2.0428,-4.8844,0.4025,1.3084,5.9119,-0.2199,-11.6218,5.3266,3.4376,4.5822,-2.3775,-5.6628,6.1877,4.0653,2.7640,3.8441,-3.0451,0.5830,-1.6497,-5.0337,-4.6375,-8.7131,6.4158,-0.1762,0.4136,-7.5208,3.8960,2.3157,3.6255,6.6842,3.1650,5.1370,4.9908,-0.2256,-7.9264,-4.0251,-3.3337,-3.6217,-4.9182,5.6708,9.6514,-11.5636,-6.6471,0.9037,-15.3507,7.1768,5.3726,-4.6767,4.0036,-3.6987,1.9905,4.8568,-0.1191,-7.8927,-3.4955,-3.4705,-2.0483,-5.8653,5.4305,1.2966,-0.3249,-10.8665,0.8884,2.1536,3.4495,-6.7888,-6.0375,0.4806,-6.8931,1.1281,7.7585,3.1268,7.7399,-6.4385,2.4905,-1.0327,0.7760,-0.0882,-5.4262,1.1420,-3.0449,3.3454,-7.2507,-2.8396,-4.7734,2.8023,-3.7882,1.1740,1.1384,-10.4693,4.6673,-4.8892,1.5244,0.2386,-5.3736,-5.1892,2.5619,2.0941,8.4071
-10.9577,-3.7213,-3.9464,-4.4503,-1.0711,11.1086,8.4396,2.1917,-6.2087,1.0242,2.9820,-1.1125,2.9012,-6.7951,-11.2574,3.6806,-3.2043,4.0535,7.5720,5.7664,6.0949,-1.7333,3.0767,-1.2108,11.0633,2.6555,11.5404,5.2434,3.8864,-2.3067,13.3461,-6.0938,-13.2084,1.8608,6.0938,2.6512,2.7925,11.1829,-3.0397,-6.2240,-0.1057,0.7553,-0.1645,-3.1889,-0.6713,-2.2967,-2.6182,-5.6602,5.9719,4.6601,3.2914,1.4012,2.3541,3.5357,4.6394,-9.8087,1.8298,10.0971,-7.8865,-0.2685,1.6803,1.1419,-1.4405,7.7920,-4.3404,-1.7584,-8.5894,-2.0431,6.8683,1.2293,-2.1752,4.1486,-1.1251,3.6039,4.8290,3.9040,-10.1451,1.5957,2.8747,2.1472,-1.7935,4.3022,-1.8338,-4.2695,-1.4340,-3.2285,-0.1965,7.6780,-0.1999,4.8548,-3.2482,1.0709,-8.7279,1.6886,0.7061,0.3666,2.3001,-4.0428,10.3450,0.9078,4.9664,-3.5950,-6.3736,-3.4553,0.2806,-0.8401,0.9310,5.4618,7.7042,-2.7144,-3.3157,1.3824,-7.4145,-4.4751,10.1641,-5.9510,0.6598,1.4544,-1.0975,-2.6486,3.8026,3.5895,4.7406,-6.2070,1.0055,-4.5484,-8.9330,-4.4270,-5.8492,-1.3969,-2.6919,-7.7246,1.8234,-4.8665,0.8555,-4.0464,0.8778,-0.6484,2.7389,-9.5965,4.6222,-15.8141,-9.7308,1.1935,-4.3945,5.5002,0.0003,4.6851,-1.1230,1.0914,3.8849,6.6946,-0.7756,-1.7121,3.6899,-6.4946,2.9834,-2.0428,-4.8844,0.4025,1.3084,5.9119,-0.2199,-11.6218,5.3266,3.4376,4.5822,-2.3775,-5.6628,6.1877,4.0653,2.7640,3.8441,-3.0451,0.5830,-1.6497,-5.0337,-4.6375,-8.7131,6.4158,-0.1762,0.4136,-7.5208,3.8960,2.3157,3.6255,6.6842,3.1650,5.1370,4.9908,-0.2256,-7.9264,-4.0251,-3.3337,-3.6217,-4.9182,5.6708,9.6514,-11.5636,-6.6471,0.9037,-15.3507,7.1768,5.3726,-4.6767,4.0036,-3.6987,1.9905,4.8568,-0.1191,-7.8927,-3.4955,-3.4705,-2.0483,-5.8653,5.4305,1.2966,-0.3249,-10.8665,0.8884,2.1536,3.4495,-6.7887,-6.0375,0.4806,-6.8931,1.1281,7.7585,3.1268,7.7399,-6.4385,2.4905,-1.0327,0.7760,-0.0882,-5.4262,1.1420,-3.0449,3.3454,-7.2507,-2.8396,-4.7734,2.8023,-3.7882,1.1740,1.1384,-10.4693,4.6673,-4.8892,1.5244,0.2386,-5.3736,-5.1892,2.5619,2.0941,8.4071
-10.7322,-1.8605,8.2301,2.0882,31.6658,10.8435,49.3186,4.2514,8.1217,17.2955,-27.8695,13.5767,-4.5556,1.6587,-6.5551,-22.4348,14.9888,9.5022,15.7327,-16.6149,13.6269,-12.4052,11.0465,-18.6237,19.4469,-24.6698,31.5103,16.2704,-0.9491,3.1591,14.8730,-0.4893,-33.4691,11.0109,7.0632,23.5043,15.4348,47.3068,12.9511,10.7125,2.8726,-6.6051,-12.2219,9.5309,-18.1885,8.9756,-11.7470,-4.6726,25.0760,-4.5683,-8.6001,-18.5357,-11.7967,-6.1862,7.6096,9.9496,17.5081,14.9356,-8.5814,-6.4973,24.6873,21.9573,-7.1531,14.5422,-11.9862,-5.0112,-22.2074,-3.6590,-3.7708,9.6468,-10.2857,18.3410,-22.6074,-13.8112,-4.2832,8.0677,-24.7387,-5.7280,22.1288,-12.0949,13.1837,-0.2114,-33.0180,-29.1886,18.2287,-18.7549,13.4524,6.8538,-11.3836,-2.9222,6.3591,17.3786,1.0916,-14.6293,14.6767,11.5522,19.6220,11.1918,17.2807,-24.9578,10.2720,-2.6045,4.4842,2.3127,-18.1480,-16.0965,-30.5506,-8.4477,16.7324,6.3225,5.6405,-0.0546,-16.7371,-11.3429,3.6426,-21.5603,1.2339,13.6590,-0.0476,18.9952,6.4256,3.6300,29.1562,-13.0932,-7.7524,-1.0700,-2.5400,-5.6560,8.6102,-0.0666,-24.0074,-40.1839,13.6235,-0.1004,-22.4983,26.3851,2.2436,-17.9391,24.0368,-20.4793,-3.5858,-37.0350,-28.0747,7.7190,1.3162,14.2565,-8.5019,-10.6197,-4.5235,-24.7202,32.5677,26.8773,-21.2330,9.7194,9.4403,-7.6466,-7.2486,-4.1864,-14.0064,1.1510,4.8542,9.3267,-12.0033,8.9687,42.7632,-12.8728,0.5900,-0.2095,-23.9777,0.5562,21.4535,26.5779,4.1304,-11.3764,22.8751,-8.5380,23.8839,-13.5124,-29.9130,-2.0125,0.4962,21.4640,-21.9657,3.8932,9.6303,11.9048,0.3823,10.9092,10.9108,-3.2185,-35.9250,-19.4081,-28.5839,9.4930,-0.3679,-4.1375,-7.5478,-2.4368,-16.7255,-12.6798,-10.5952,-54.6562,24.7833,-10.2944,4.8116,18.7868,-15.7003,-20.4643,-4.7599,-19.4923,-27.7654,-4.4982,-2.0713,-6.1981,4.5683,-13.8370,-24.3961,-19.0025,-8.6028,25.1179,20.5317,-6.7583,0.6165,-18.5964,-21.0768,-41.8342,19.0434,-8.0896,23.7532,9.5473,-3.8191,18.9944,8.0952,-26.4703,-0.3435,-23.8600,7.6898,-10.3456,-1.2040,-23.1846,6.1603,-18.5526,0.6748,-9.0767,-4.9562,-9.8055,-38.9779,2.6080,20.0230,6.8774,-5.0007,17.2885,0.5249,7.4998,-8.7669,8.4711
-10.7322,-1.8605,8.2301,2.0882,31.6658,10.8435,49.3186,4.2514,8.1217,17.2955,-27.8695,13.5767,-4.5556,1.6587,-6.5551,-22.4348,14.9888,9.5022,15.7327,-16.6149,13.6269,-12.4052,11.0465,-18.6237,19.4469,-24.6698,31.5103,16.2704,-0.9491,3.1591,14.8730,-0.4893,-33.4691,11.0109,7.0632,23.5043,15.4348,47.3068,12.9511,10.7125,2.8726,-6.6051,-12.2219,9.5309,-18.1885,8.9756,-11.7470,-4.6726,25.0760,-4.5683,-8.6001,-18.5357,-11.7967,-6.1862,7.6096,9.9496,17.5081,14.9356,-8.5814,-6.4973,24.6873,21.9573,-7.1531,14.5422,-11.9862,-5.0112,-22.2074,-3.6590,-3.7708,9.6468,-10.2857,18.3410,-22.6074,-13.8112,-4.2832,8.0677,-24.7387,-5.7280,22.1288,-12.0949,13.1837,-0.2114,-33.0180,-29.1886,18.2287,-18.7549,13.4524,6.8538,-11.3836,-2.9222,6.3591,17.3786,1.0916,-14.6293,14.6767,11.5522,19.6220,11.1918,17.2807,-24.9578,10.2720,-2.6045,4.4843,2.3127,-18.1480,-16.0965,-30.5506,-8.4477,16.7324,6.3225,5.6405,-0.0546,-16.7371,-11.3429,3.6426,-21.5603,1.2339,13.6590,-0.0476,18.9952,6.4256,3.6300,29.1562,-13.0932,-7.7524,-1.0700,-2.5400,-5.6560,8.6102,-0.0666,-24.0074,-40.1839,13.6235,-0.1004,-22.4983,26.3851,2.2436,-17.9391,24.0368,-20.4793,-3.5858,-37.0350,-28.0747,7.7190,1.3162,14.2565,-8.5019,-10.6197,-4.5235,-24.7202,32.5677,26.8773,-21.2330,9.7194,9.4403,-7.6466,-7.2486,-4.1864,-14.0064,1.1510,4.8542,9.3267,-12.0033,8.9687,42.7632,-12.8728,0.5900,-0.2095,-23.9777,0.5562,21.4535,26.5779,4.1304,-11.3764,22.8751,-8.5380,23.8839,-13.5124,-29.9130,-2.0125,0.4962,21.4640,-21.9657,3.8932,9.6303,11.9048,0.3823,10.9092,10.9108,-3.2185,-35.9250,-19.4081,-28.5839,9.4930,-0.3679,-4.1375,-7.5478,-2.4368,-16.7255,-12.6798,-10.5952,-54.6562,24.7833,-10.2944,4.8116,18.7868,-15.7003,-20.4643,-4.7599,-19.4923,-27.7654,-4.4982,-2.0713,-6.1981,4.5683,-13.8370,-24.3961,-19.0025,-8.6028,25.1179,20.5317,-6.7583,0.6165,-18.5964,-21.0768,-41.8342,19.0434,-8.0896,23.7532,9.5473,-3.8191,18.9944,8.0952,-26.4703,-0.3435,-23.8600,7.6898,-10.3456,-1.2040,-23.1846,6.1603,-18.5526,0.6748,-9.0767,-4.9562,-9.8055,-38.9779,2.6080,20.0230,6.8774,-5.0007,17.2885,0.5249,7.4998,-8.7669,8.4711
-10.5956,-10.9877,11.7815,-10.1753,-2.6043,11.3514,-1.6498,-17.4784,-3.8701,-0.2905,0.7294,1.0149,11.5091,7.0523,5.7587,-3.3293,4.1059,3.0296,0.5187,-16.3220,2.3462,7.8441,-6.3183,-3.1357,-2.6079,-9.8498,3.4485,-6.4420,7.2763,6.5389,16.1099,5.5884,-18.9970,-2.3151,3.0885,-9.3017,12.1783,16.1419,7.5944,-1.1117,-5.6083,5.6903,0.5197,-2.4936,-15.4236,4.1633,-7.8254,13.7619,-5.0060,-10.9997,-1.9536,-18.9918,-3.9208,3.6274,-1.7894,-4.3352,11.4737,10.4742,-11.6907,-13.3726,-1.4284,-1.3439,-8.9387,7.5726,1.1776,-2.7534,-13.4331,0.6118,6.8797,8.6368,-0.1918,4.3829,-12.0223,6.1913,0.0688,11.9574,-6.0437,-12.1391,0.9416,-7.7269,-7.0148,-1.9681,7.2912,-10.8940,-3.9290,10.4659,7.0312,7.1155,1.0730,-1.0490,9.8380,2.0405,7.2043,-13.6903,-3.7104,5.1774,-2.3271,-13.9282,3.7163,3.9872,-0.2870,2.2059,-3.4649,-15.5041,2.3049,3.9876,-3.2848,-8.3375,12.5837,13.1458,-5.0679,5.0877,-5.2246,-6.5207,1.6418,-12.9721,7.7197,4.3247,-1.2896,12.4359,10.9920,-14.1689,3.8787,0.1332,-6.4518,-6.2301,16.1918,-11.2416,-3.4936,-4.4395,-3.9606,-7.0582,0.5790,-8.3509,-7.3218,-3.9215,10.7659,1.6161,-2.6041,-2.1789,-10.0192,-3.1597,-13.9802,9.5502,0.6561,3.2223,-10.6140,6.2141,-0.7750,-15.5480,-0.6961,0.9137,-7.5306,7.1939,-15.2951,-4.6779,7.2821,-14.4618,6.9512,-5.2247,-12.1025,1.7883,-2.3092,-0.8769,18.2532,-16.1837,-4.0491,10.7688,5.5207,-4.7183,-8.4514,4.8789,-1.3736,-9.9194,-3.9629,-9.0860,15.8731,1.1471,-12.4225,7.2829,4.6845,17.0182,-1.1319,3.2195,-0.4524,-11.5431,-4.8693,-0.4308,7.6438,18.0969,-9.9738,7.8808,-3.4689,5.5042,17.1650,-3.3409,13.1119,-4.1028,-7.3841,0.3149,2.4269,-17.1067,10.2460,-0.1718,-1.8744,7.0345,-17.6063,-12.1633,-13.9485,10.1788,7.2679,2.6093,-6.2471,4.1939,6.9631,-2.4523,-15.0364,-3.0372,-2.3655,-1.8744,-3.9569,6.8509,-9.2679,-17.4045,-17.0309,-23.2187,0.5537,5.3611,19.5032,22.9154,7.3577,2.1273,-2.0967,-11.4078,-3.0336,-4.2719,8.3024,-15.4071,-3.1530,-0.9509,-12.9323,-10.6654,8.3694,5.2287,-5.9432,-12.8680,-20.2348,-15.9069,11.0017,14.8028,-4.3159,-0.3048,10.7657,-3.6138,10.6624,13.6168
-10.5956,-10.9877,11.7815,-10.1753,-2.6043,11.3514,-1.6498,-17.4784,-3.8701,-0.2905,0.7294,1.0149,11.5091,7.0523,5.7587,-3.3293,4.1059,3.0296,0.5187,-16.3220,2.3462,7.8441,-6.3183,-3.1357,-2.6079,-9.8498,3.4485,-6.4420,7.2763,6.5389,16.1099,5.5884,-18.9970,-2.3151,3.0885,-9.3017,12.1783,16.1419,7.5944,-1.1117,-5.6083,5.6903,0.5197,-2.4936,-15.4236,4.1633,-7.8254,13.7619,-5.0060,-10.9997,-1.9536,-18.9918,-3.9208,3.6274,-1.7894,-4.3352,11.4737,10.4742,-11.6907,-13.3726,-1.4284,-1.3439,-8.9387,7.5726,1.1776,-2.7534,-13.4331,0.6119,6.8797,8.6368,-0.1918,4.3829,-12.0223,6.1913,0.0688,11.9574,-6.0437,-12.1391,0.9416,-7.7269,-7.0148,-1.9681,7.2912,-10.8940,-3.9290,10.4659,7.0312,7.1155,1.0730,-1.0490,9.8380,2.0405,7.2043,-13.6903,-3.7104,5.1774,-2.3271,-13.9282,3.7163,3.9872,-0.2870,2.2059,-3.4649,-15.5041,2.3049,3.9876,-3.2848,-8.3375,12.5837,13.1458,-5.0679,5.0877,-5.2246,-6.5207,1.6418,-12.9721,7.7197,4.3247,-1.2896,12.4359,10.9920,-14.1689,3.8787,0.1332,-6.4518,-6.2301,16.1918,-11.2416,-3.4936,-4.4395,-3.9606,-7.0582,0.5790,-8.3509,-7.3218,-3.9215,10.7659,1.6161,-2.6041,-2.1789,-10.0192,-3.1597,-13.9802,9.5502,0.6561,3.2223,-10.6140,6.2141,-0.7750,-15.5480,-0.6961,0.9137,-7.5306,7.1939,-15.2951,-4.6779,7.2821,-14.4618,6.9512,-5.2247,-12.1025,1.7883,-2.3092,-0.8769,18.2532,-16.1837,-4.0491,10.7688,5.5207,-4.7183,-8.4514,4.8789,-1.3736,-9.9194,-3.9629,-9.0860,15.8731,1.1471,-12.4225,7.2829,4.6845,17.0182,-1.1319,3.2195,-0.4524,-11.5431,-4.8693,-0.4308,7.6438,18.0969,-9.9738,7.8808,-3.4689,5.5042,17.1650,-3.3409,13.1119,-4.1028,-7.3841,0.3149,2.4269,-17.1067,10.2460,-0.1718,-1.8744,7.0345,-17.6063,-12.1633,-13.9485,10.1788,7.2679,2.6093,-6.2471,4.1939,6.9631,-2.4523,-15.0364,-3.0372,-2.3655,-1.8744,-3.9569,6.8509,-9.2679,-17.4045,-17.0309,-23.2187,0.5537,5.3611,19.5032,22.9154,7.3577,2.1273,-2.0967,-11.4078,-3.0336,-4.2719,8.3024,-15.4071,-3.1530,-0.9509,-12.9323,-10.6654,8.3694,5.2287,-5.9432,-12.8680,-20.2348,-15.9069,11.0017,14.8028,-4.3159,-0.3048,10.7657,-3.6138,10.6624,13.6168
-10.5956,-10.9877,11.7815,-10.1753,-2.6043,11.3514,-1.6498,-17.4784,-3.8701,-0.2905,0.7294,1.0149,11.5091,7.0523,5.7587,-3.3293,4.1059,3.0296,0.5187,-16.3220,2.3462,7.8441,-6.3183,-3.1357,-2.6079,-9.8498,3.4485,-6.4420,7.2763,6.5389,16.1099,5.5884,-18.9970,-2.3151,3.0885,-9.3017,12.1783,16.1419,7.5944,-1.1117,-5.6083,5.6903,0.5197,-2.4936,-15.4236,4.1633,-7.8254,13.7619,-5.0060,-10.9997,-1.9536,-18.9918,-3.9208,3.6274,-1.7894,-4.3352,11.4737,10.4742,-11.6907,-13.3726,-1.4284,-1.3439,-8.9387,7.5726,1.1776,-2.7534,-13.4331,0.6119,6.8797,8.6368,-0.1918,4.3829,-12.0223,6.1913,0.0688,11.9574,-6.0437,-12.1391,0.9416,-7.7269,-7.0148,-1.9681,7.2912,-10.8940,-3.9290,10.4659,7.0312,7.1155,1.0730,-1.0490,9.8380,2.0405,7.2043,-13.6903,-3.7104,5.1774,-2.3271,-13.9282,3.7163,3.9872,-0.2870,2.2059,-3.4649,-15.5041,2.3049,3.9876,-3.2848,-8.3375,12.5837,13.1458,-5.0679,5.0877,-5.2246,-6.5207,1.6418,-12.9721,7.7197,4.3247,-1.2896,12.4359,10.9920,-14.1689,3.8787,0.1332,-6.4518,-6.2301,16.1918,-11.2416,-3.4936,-4.4395,-3.9606,-7.0582,0.5790,-8.3509,-7.3218,-3.9215,10.7659,1.6161,-2.6041,-2.1789,-10.0192,-3.1597,-13.9802,9.5502,0.6561,3.2223,-10.6140,6.2141,-0.7750,-15.5480,-0.6961,0.9137,-7.5306,7.1939,-15.2951,-4.6779,7.2821,-14.4618,6.9512,-5.2247,-12.1025,1.7883,-2.3092,-0.8769,18.2532,-16.1837,-4.0491,10.7688,5.5207,-4.7183,-8.4514,4.8789,-1.3736,-9.9194,-3.9629,-9.0860,15.8731,1.1471,-12.4224,7.2829,4.6845,17.0182,-1.1319,3.2195,-0.4524,-11.5431,-4.8693,-0.4308,7.6438,18.0969,-9.9738,7.8808,-3.4689,5.5042,17.1650,-3.3409,13.1119,-4.1028,-7.3841,0.3149,2.4269,-17.1067,10.2460,-0.1718,-1.8744,7.0345,-17.6063,-12.1633,-13.9485,10.1788,7.2679,2.6093,-6.2471,4.1939,6.9631,-2.4523,-15.0364,-3.0372,-2.3655,-1.8744,-3.9569,6.8509,-9.2679,-17.4045,-17.0309,-23.2187,0.5537,5.3611,19.5032,22.9154,7.3577,2.1273,-2.0967,-11.4078,-3.0336,-4.2719,8.3024,-15.4071,-3.1530,-0.9509,-12.9323,-10.6654,8.3694,5.2287,-5.9432,-12.8680,-20.2348,-15.9069,11.0017,14.8028,-4.3159,-0.3048,10.7657,-3.6138,10.6624,13.6168
-10.3083,-15.3366,-10.0749,13.3261,-1.0217,28.3107,43.3381,-11.6566,-20.6250,-0.6027,-2.5015,12.2701,-23.8896,12.5770,-22.5206,11.1068,-4.5198,-13.9788,2.8639,-11.2723,26.4721,-15.4680,-9.3560,28.8393,-15.5206,9.1613,18.0595,-1.2499,8.8707,-6.0184,13.9758,14.4103,-15.4416,28.5913,53.2759,8.9384,17.2176,63.4342,-5.2532,18.6303,1.1273,19.0267,12.2667,8.2336,-25.7191,-21.2351,-30.5189,1.0266,21.8343,15.3938,-10.1468,1.8369,6.4550,-22.5197,19.7670,-6.8020,25.6716,48.3004,-0.4108,-24.3861,-13.1231,5.2771,-6.3801,14.0216,-10.3570,-2.1325,-49.7270,-25.1783,-3.7699,6.7221,6.5508,21.5820,2.1865,25.6128,-1.1297,12.6848,-44.6369,-16.3040,3.9934,7.3456,5.4312,5.0262,-1.2213,-0.8639,12.5304,-9.2155,6.6174,19.0848,-10.8399,18.3389,1.0947,37.5034,-1.5300,-34.9351,17.0413,33.8601,15.6018,-13.7868,11.5140,-17.8117,-6.2953,-12.8151,7.8594,0.5092,-11.9170,6.5367,-23.7628,18.4905,37.7483,19.9945,-21.4262,11.7440,-20.4445,-5.7608,-1.2955,-26.4411,17.3510,-3.4777,19.1666,15.9403,19.5267,14.5596,-5.4591,-20.3273,-4.9280,-19.1239,12.7575,-30.1800,-24.0908,6.5331,2.3684,-35.0423,14.2372,1.8179,-20.7659,-4.4475,23.4119,26.2155,5.7782,-11.1377,2.7958,-9.6185,-21.5387,13.3582,-0.5751,2.5818,19.1952,-9.7808,2.5540,-23.1450,9.0295,-6.5839,-0.6477,-18.8511,1.2329,-0.6458,36.2964,-17.7194,11.1404,1.8248,-11.0364,3.7289,-11.2967,-30.3048,35.2269,-12.7907,-8.7662,-11.2690,-20.4247,18.0069,-20.7405,-20.3512,6.7598,-20.3644,10.5362,5.0223,-2.0144,-10.7545,-37.2572,-12.0229,-10.5224,21.9063,-30.1644,26.5639,11.8660,-4.6371,7.7564,15.6851,-5.8964,12.2440,-16.8041,-1.9090,-25.2418,-1.2206,-0.5005,-11.8072,17.3063,3.0987,-45.6194,-26.2482,-6.7307,-52.6844,33.6128,2.9282,-6.6594,9.1277,-13.2549,-20.4368,19.2187,2.6200,-19.4301,-37.1026,-22.8305,-6.0868,-13.6244,29.7417,-13.0248,5.2443,20.0582,-7.7373,20.6360,-4.9049,8.0175,-33.4086,17.7217,-45.5425,24.6160,19.1262,15.7993,29.2233,2.3172,22.4138,8.7215,-6.2252,5.3945,-11.2736,38.9310,-31.3527,5.2176,-10.8160,0.5172,-19.3540,-7.5160,16.7303,-15.7015,-17.2614,1.3763,-3.8497,15.2671,-4.2573,26.2319,-12.3340,-10.1865,-16.3733,4.5199,35.7762
-10.3083,-15.3366,-10.0749,13.3261,-1.0217,28.3107,43.3381,-11.6566,-20.6250,-0.6027,-2.5015,12.2701,-23.8896,12.5770,-22.5206,11.1068,-4.5198,-13.9788,2.8639,-11.2723,26.4721,-15.4680,-9.3560,28.8393,-15.5206,9.1613,18.0595,-1.2499,8.8707,-6.0184,13.9758,14.4103,-15.4416,28.5913,53.2759,8.9384,17.2176,63.4342,-5.2532,18.6303,1.1273,19.0267,12.2667,8.2336,-25.7191,-21.2351,-30.5189,1.0266,21.8343,15.3938,-10.1468,1.8369,6.4550,-22.5197,19.7670,-6.8020,25.6716,48.3004,-0.4108,-24.3861,-13.1231,5.2771,-6.3801,14.0216,-10.3570,-2.1325,-49.7270,-25.1783,-3.7699,6.7221,6.5508,21.5820,2.1865,25.6128,-1.1297,12.6848,-44.6369,-16.3040,3.9934,7.3456,5.4312,5.0262,-1.2213,-0.8639,12.5304,-9.2155,6.6174,19.0848,-10.8399,18.3389,1.0947,37.5034,-1.5300,-34.9351,17.0413,33.8601,15.6018,-13.7868,11.5140,-17.8117,-6.2953,-12.8151,7.8594,0.5092,-11.9170,6.5367,-23.7627,18.4905,37.7483,19.9945,-21.4262,11.7440,-20.4445,-5.7608,-1.2955,-26.4411,17.3510,-3.4777,19.1666,15.9403,19.5267,14.5596,-5.4591,-20.3273,-4.9280,-19.1239,12.7575,-30.1800,-24.0908,6.5331,2.3684,-35.0423,14.2372,1.8179,-20.7659,-4.4475,23.4119,26.2155,5.7782,-11.1377,2.7958,-9.6185,-21.5387,13.3582,-0.5751,2.5818,19.1952,-9.7808,2.5540,-23.1450,9.0295,-6.5839,-0.6477,-18.8511,1.2329,-0.6458,36.2964,-17.7194,11.1404,1.8248,-11.0364,3.7289,-11.2967,-30.3048,35.2269,-12.7907,-8.7662,-11.2690,-20.4247,18.0069,-20.7405,-20.3512,6.7598,-20.3644,10.5362,5.0223,-2.0144,-10.7545,-37.2572,-12.0229,-10.5224,21.9063,-30.1644,26.5639,11.8660,-4.6371,7.7564,15.6851,-5.8964,12.2440,-16.8041,-1.9090,-25.2418,-1.2206,-0.5005,-11.8072,17.3063,3.0987,-45.6194,-26.2482,-6.7307,-52.6844,33.6128,2.9282,-6.6594,9.1277,-13.2549,-20.4368,19.2187,2.6200,-19.4301,-37.1026,-22.8305,-6.0868,-13.6244,29.7417,-13.0248,5.2443,20.0582,-7.7373,20.6360,-4.9049,8.0175,-33.4086,17.7217,-45.5425,24.6160,19.1262,15.7993,29.2233,2.3172,22.4138,8.7215,-6.2252,5.3945,-11.2736,38.9310,-31.3527,5.2176,-10.8160,0.5172,-19.3540,-7.5160,16.7303,-15.7015,-17.2614,1.3763,-3.8497,15.2671,-4.2573,26.2319,-12.3340,-10.1865,-16.3733,4.5199,35.7762
-9.9587,-3.9643,9.3161,17.7501,-4.5557,24.7388,16.2560,-8.7058,8.4831,13.3468,11.5726,13.4861,2.5523,14.1188,-9.5917,3.0651,-8.8470,-4.1792,12.9787,-11.9857,17.9890,-9.8071,-2.8251,2.4520,-0.6518,3.7399,2.3638,-7.3587,8.0547,-8.6134,17.7116,6.4123,-9.6201,-5.1167,8.6808,-14.7795,9.8453,26.0317,-6.7544,0.2130,-2.0792,20.8250,10.4318,2.0727,-10.7246,-1.8650,-6.3545,-5.9588,10.7395,0.8252,6.3127,12.0787,2.7925,-7.2632,7.9485,-8.8672,0.2898,-3.5586,-11.2718,4.5382,3.5860,3.7981,2.2751,6.6897,1.4513,-2.9740,-19.2148,-1.6817,3.7574,-9.7263,1.8780,2.9225,-15.5971,1.4689,-1.6913,16.1898,0.0578,0.6963,3.5252,-11.4718,9.9604,21.2131,-8.8798,-10.0565,-1.8472,-10.0218,14.6139,0.6020,-11.1459,-3.8608,-2.2659,15.3018,15.2693,-11.6651,8.2595,-5.6099,-15.0362,15.0413,12.9318,-2.9986,-8.6819,-9.0983,-2.1718,-11.1214,-0.1071,-9.3490,-3.6725,-17.1376,21.0226,-4.4988,13.0125,-8.7763,-10.2985,10.6445,-4.5408,3.8650,11.1010,5.5410,-6.7344,-8.1719,10.8046,0.0857,2.4233,-9.9536,-20.7669,-17.2681,3.5733,-5.6709,10.8090,-6.4159,11.6746,-19.7677,10.9310,-6.8784,2.1465,4.7343,-0.2337,19.2857,9.8885,4.2644,-1.1514,-3.0857,-8.5965,8.2377,-11.5596,-3.7225,-17.8811,-7.0434,-9.3418,-6.9169,10.8860,4.1247,-2.7379,4.8584,-9.9988,6.0059,11.9461,-10.2904,0.1519,3.3171,-5.4982,-6.9824,10.7284,-3.4919,23.4404,-8.6467,-15.9147,11.1354,-1.6013,-12.3410,-7.8884,5.0734,-16.0506,11.2345,-4.6312,-11.6039,14.9581,7.7607,-14.5677,-5.6252,-11.7607,22.7330,-12.0721,8.3677,-3.6173,-1.4431,-4.8443,-8.9822,6.2499,-1.4477,-11.7570,8.1689,-18.7320,-13.7982,14.7972,5.7821,-6.3627,-8.1061,-3.7136,-5.1905,-10.7299,-23.1213,8.0634,-9.7957,15.0797,15.5994,-17.1853,-6.2368,-4.6876,10.1239,-8.7786,-2.9573,2.1596,-3.4285,5.8384,-9.3626,-9.7993,4.0865,-10.9850,17.5855,-12.0694,0.7505,7.5503,-16.4309,-7.7278,-10.3411,2.4446,6.6150,13.5444,6.9586,9.8579,7.1126,-6.5856,-17.3022,-4.0690,3.5243,1.7266,-1.3811,-6.3602,-6.3841,-2.6917,-24.5632,0.7622,-6.4911,5.6295,-12.9317,-12.2649,-18.0187,3.2822,-6.8554,10.4976,-12.5608,0.1419,-2.1365,12.5147,2.1369
-9.9587,-3.9643,9.3161,17.7501,-4.5557,24.7388,16.2560,-8.7058,8.4831,13.3468,11.5726,13.4861,2.5523,14.1188,-9.5917,3.0651,-8.8470,-4.1792,12.9787,-11.9857,17.9890,-9.8071,-2.8251,2.4520,-0.6518,3.7399,2.3638,-7.3587,8.0547,-8.6134,17.7116,6.4123,-9.6201,-5.1167,8.6808,-14.7795,9.8453,26.0317,-6.7544,0.2130,-2.0792,20.8250,10.4318,2.0727,-10.7246,-1.8650,-6.3545,-5.9588,10.7395,0.8252,6.3127,12.0787,2.7925,-7.2632,7.9485,-8.8672,0.2898,-3.5586,-11.2718,4.5382,3.5860,3.7981,2.2751,6.6897,1.4513,-2.9740,-19.2148,-1.6817,3.7574,-9.7263,1.8780,2.9226,-15.5971,1.4689,-1.6913,16.1898,0.0578,0.6963,3.5252,-11.4718,9.9604,21.2131,-8.8798,-10.0565,-1.8472,-10.0218,14.6139,0.6020,-11.1459,-3.8608,-2.2659,15.3018,15.2693,-11.6651,8.2595,-5.6099,-15.0362,15.0413,12.9318,-2.9986,-8.6819,-9.0983,-2.1718,-11.1214,-0.1071,-9.3490,-3.6725,-17.1376,21.0226,-4.4988,13.0125,-8.7763,-10.2985,10.6445,-4.5408,3.8650,11.1010,5.5410,-6.7344,-8.1719,10.8046,0.0857,2.4233,-9.9536,-20.7669,-17.2681,3.5733,-5.6709,10.8090,-6.4159,11.6746,-19.7677,10.9310,-6.8784,2.1465,4.7343,-0.2337,19.2857,9.8885,4.2644,-1.1514,-3.0857,-8.5965,8.2377,-11.5596,-3.7225,-17.8811,-7.0434,-9.3418,-6.9169,10.8860,4.1247,-2.7379,4.8584,-9.9988,6.0059,11.9461,-10.2904,0.1519,3.3171,-5.4982,-6.9824,10.7284,-3.4919,23.4404,-8.6467,-15.9147,11.1354,-1.6013,-12.3410,-7.8884,5.0734,-16.0506,11.2345,-4.6312,-11.6039,14.9581,7.7607,-14.5677,-5.6252,-11.7607,22.7330,-12.0721,8.3677,-3.6173,-1.4431,-4.8443,-8.9822,6.2499,-1.4477,-11.7570,8.1689,-18.7320,-13.7982,14.7972,5.7821,-6.3627,-8.1061,-3.7136,-5.1905,-10.7299,-23.1213,8.0634,-9.7957,15.0797,15.5994,-17.1853,-6.2368,-4.6876,10.1239,-8.7786,-2.9573,2.1596,-3.4285,5.8384,-9.3626,-9.7993,4.0865,-10.9850,17.5855,-12.0694,0.7505,7.5503,-16.4309,-7.7278,-10.3411,2.4446,6.6150,13.5444,6.9586,9.8579,7.1126,-6.5856,-17.3022,-4.0690,3.5243,1.7266,-1.3811,-6.3602,-6.3841,-2.6917,-24.5632,0.7622,-6.4911,5.6295,-12.9317,-12.2649,-18.0187,3.2822,-6.8554,10.4976,-12.5608,0.1419,-2.1365,12.5147,2.1369
-9.9587,-3.9643,9.3161,17.7501,-4.5557,24.7388,16.2560,-8.7058,8.4832,13.3468,11.5726,13.4861,2.5523,14.1188,-9.5917,3.0651,-8.8470,-4.1792,12.9787,-11.9857,17.9890,-9.8071,-2.8251,2.4520,-0.6518,3.7399,2.3638,-7.3587,8.0547,-8.6134,17.7116,6.4123,-9.6201,-5.1167,8.6808,-14.7795,9.8453,26.0317,-6.7544,0.2130,-2.0792,20.8250,10.4318,2.0727,-10.7246,-1.8650,-6.3545,-5.9588,10.7395,0.8252,6.3127,12.0787,2.7925,-7.2632,7.9485,-8.8672,0.2898,-3.5586,-11.2718,4.5382,3.5860,3.7981,2.2751,6.6897,1.4513,-2.9740,-19.2148,-1.6817,3.7574,-9.7263,1.8780,2.9226,-15.5971,1.4689,-1.6913,16.1898,0.0578,0.6963,3.5252,-11.4718,9.9604,21.2131,-8.8798,-10.0565,-1.8472,-10.0218,14.6139,0.6020,-11.1459,-3.8608,-2.2659,15.3018,15.2693,-11.6651,8.2595,-5.6099,-15.0362,15.0413,12.9318,-2.9986,-8.6819,-9.0983,-2.1718,-11.1214,-0.1071,-9.3490,-3.6725,-17.1376,21.0226,-4.4988,13.0125,-8.7763,-10.2985,10.6445,-4.5408,3.8650,11.1010,5.5410,-6.7344,-8.1719,10.8046,0.0857,2.4233,-9.9536,-20.7669,-17.2681,3.5733,-5.6709,10.8090,-6.4159,11.6746,-19.7677,10.9310,-6.8784,2.1465,4.7343,-0.2337,19.2857,9.8885,4.2644,-1.1514,-3.0857,-8.5965,8.2377,-11.5596,-3.7225,-17.8811,-7.0434,-9.3418,-6.9169,10.8860,4.1247,-2.7379,4.8584,-9.9988,6.0059,11.9461,-10.2904,0.1519,3.3171,-5.4982,-6.9824,10.7284,-3.4919,23.4404,-8.6467,-15.9147,11.1354,-1.6013,-12.3410,-7.8884,5.0734,-16.0506,11.2345,-4.6312,-11.6039,14.9581,7.7607,-14.5677,-5.6252,-11.7607,22.7330,-12.0721,8.3677,-3.6173,-1.4431,-4.8443,-8.9822,6.2499,-1.4477,-11.7570,8.1689,-18.7320,-13.7982,14.7972,5.7821,-6.3627,-8.1061,-3.7136,-5.1905,-10.7299,-23.1213,8.0634,-9.7957,15.0797,15.5994,-17.1853,-6.2368,-4.6876,10.1239,-8.7786,-2.9573,2.1596,-3.4285,5.8384,-9.3626,-9.7993,4.0865,-10.9850,17.5855,-12.0694,0.7505,7.5503,-16.4309,-7.7278,-10.3411,2.4446,6.6150,13.5444,6.9586,9.8579,7.1126,-6.5856,-17.3022,-4.0690,3.5243,1.7266,-1.3811,-6.3602,-6.3841,-2.6917,-24.5632,0.7622,-6.4911,5.6295,-12.9317,-12.2649,-18.0187,3.2822,-6.8554,10.4976,-12.5608,0.1419,-2.1365,12.5147,2.1369
-9.5901,-18.6389,15.3212,24.2097,31.0560,2.4697,41.1687,-14.1723,-10.7618,14.2557,-16.5708,13.6346,-12.6546,21.4381,-6.9514,-7.4449,-8.3738,3.7840,-0.5165,-33.1787,7.8759,0.2513,-3.3037,-4.8126,-3.5150,4.2197,17.1348,-6.3750,-10.4471,-14.5608,7.3944,5.7782,-21.2576,9.3405,34.5808,19.0490,6.9780,35.3247,3.9969,-5.6197,-0.4622,12.0665,4.5039,2.5082,-16.5044,12.7940,6.4159,2.4443,20.5485,1.4728,-13.9124,-11.0384,-8.4364,-13.5099,-14.8021,-1.3023,11.6329,34.7709,10.3705,-10.1893,7.8576,15.0665,-7.8529,10.2291,2.7946,4.3904,-36.8686,8.0699,-24.9932,12.3850,8.1117,7.7985,-1.6832,-4.6652,-10.4175,14.9052,-21.1666,-2.2292,-9.0696,-4.4457,15.5513,-1.8565,-10.3979,-20.1234,17.4950,-26.4082,4.7440,6.3760,-12.5471,-1.2200,11.6945,14.5848,-7.8971,-0.5405,14.0542,18.8377,21.3994,-5.4585,-2.9500,-16.6348,2.3657,3.9706,12.7618,-11.6737,-5.4775,-9.0334,-26.3601,12.8498,1.2833,8.7856,3.5563,5.9979,-9.6069,7.1796,0.9567,-21.7737,-9.4145,-14.0461,3.9941,-6.3566,4.6773,13.0159,12.2872,-17.8168,-14.7999,-2.1379,15.8979,-2.5796,-16.7229,-0.9844,-4.5799,-27.1514,10.5745,-0.5492,-16.2437,20.9950,-23.0509,-11.2663,-0.7685,10.0529,-3.0600,-7.8253,-20.9644,-3.7379,10.0633,17.8628,7.1117,-4.0465,-1.6208,-30.9293,17.9361,0.2113,8.7100,-4.6194,-4.5800,1.5251,-10.3908,-12.7625,-11.3826,4.6020,-5.0140,13.1009,-0.9767,12.1616,22.3187,-18.7942,-12.4730,-15.3432,-23.3573,29.1671,-20.3927,4.6897,-0.0122,-0.4085,18.1592,7.0387,-9.3005,-11.1730,-26.2493,-22.1948,2.4776,12.6121,-6.7328,2.1787,4.0953,-7.9372,6.9876,11.1916,2.6838,-14.0901,-25.4792,5.5158,-15.7090,1.9543,-8.2962,6.7542,-1.4948,1.0769,-17.9625,-42.5154,-14.0954,-39.1692,8.0024,-12.6837,2.6161,1.9566,-19.8014,-9.3082,-1.3075,1.4775,-13.8465,0.9043,-1.7711,-4.8481,8.8939,-17.0657,-17.5164,-8.0824,11.8222,2.2156,11.8921,-15.7239,11.9895,-26.6103,-2.5709,-12.4713,48.5587,11.0611,20.4719,9.1611,5.8291,17.7609,17.8721,-12.0160,-14.9094,-14.9557,12.9739,-22.3264,11.9332,-8.0213,16.5970,-22.4255,-4.9142,-5.5366,-15.6935,-13.8206,-14.7787,-25.4750,22.4724,5.6263,7.1098,2.3055,5.9415,-2.2385,11.2921,-19.9900
-9.5901,-18.6389,15.3212,24.2097,31.0560,2.4697,41.1687,-14.1723,-10.7618,14.2557,-16.5708,13.6346,-12.6546,21.4381,-6.9514,-7.4449,-8.3738,3.7840,-0.5165,-33.1787,7.8759,0.2513,-3.3037,-4.8126,-3.5150,4.2197,17.1348,-6.3750,-10.4471,-14.5608,7.3944,5.7782,-21.2576,9.3405,34.5808,19.0490,6.9780,35.3247,3.9970,-5.6197,-0.4622,12.0665,4.5039,2.5082,-16.5044,12.7940,6.4159,2.4443,20.5485,1.4728,-13.9124,-11.0384,-8.4364,-13.5099,-14.8021,-1.3023,11.6329,34.7709,10.3705,-10.1893,7.8576,15.0665,-7.8529,10.2291,2.7946,4.3904,-36.8686,8.0699,-24.9932,12.3850,8.1117,7.7985,-1.6832,-4.6652,-10.4175,14.9052,-21.1666,-2.2292,-9.0696,-4.4457,15.5513,-1.8565,-10.3979,-20.1234,17.4950,-26.4082,4.7440,6.3760,-12.5471,-1.2200,11.6945,14.5848,-7.8971,-0.5405,14.0542,18.8377,21.3994,-5.4585,-2.9500,-16.6348,2.3657,3.9706,12.7618,-11.6737,-5.4775,-9.0334,-26.3601,12.8498,1.2833,8.7856,3.5563,5.9979,-9.6069,7.1796,0.9567,-21.7737,-9.4145,-14.0461,3.9941,-6.3566,4.6773,13.0159,12.2872,-17.8168,-14.7999,-2.1379,15.8979,-2.5796,-16.7229,-0.9844,-4.5799,-27.1514,10.5745,-0.5492,-16.2437,20.9950,-23.0509,-11.2663,-0.7685,10.0529,-3.0600,-7.8253,-20.9644,-3.7379,10.0633,17.8628,7.1117,-4.0465,-1.6208,-30.9293,17.9361,0.2113,8.7100,-4.6194,-4.5800,1.5251,-10.3908,-12.7625,-11.3826,4.6020,-5.0140,13.1009,-0.9767,12.1615,22.3187,-18.7942,-12.4730,-15.3432,-23.3573,29.1671,-20.3927,4.6897,-0.0122,-0.4085,18.1592,7.0387,-9.3005,-11.1730,-26.2493,-22.1948,2.4776,12.6121,-6.7328,2.1787,4.0953,-7.9372,6.9876,11.1916,2.6838,-14.0901,-25.4792,5.5158,-15.7090,1.9543,-8.2962,6.7542,-1.4948,1.0769,-17.9625,-42.5154,-14.0954,-39.1692,8.0024,-12.6837,2.6161,1.9566,-19.8014,-9.3082,-1.3075,1.4775,-13.8465,0.9043,-1.7711,-4.8481,8.8939,-17.0657,-17.5164,-8.0824,11.8222,2.2156,11.8921,-15.7239,11.9895,-26.6103,-2.5709,-12.4713,48.5587,11.0611,20.4719,9.1611,5.8291,17.7609,17.8721,-12.0160,-14.9094,-14.9557,12.9739,-22.3264,11.9332,-8.0213,16.5970,-22.4255,-4.9142,-5.5366,-15.6935,-13.8206,-14.7787,-25.4750,22.4724,5.6263,7.1098,2.3055,5.9415,-2.2385,11.2921,-19.9900
-9.5901,-18.6389,15.3212,24.2097,31.0560,2.4697,41.1687,-14.1723,-10.7618,14.2557,-16.5708,13.6346,-12.6546,21.4381,-6.9514,-7.4449,-8.3738,3.7840,-0.5165,-33.1787,7.8759,0.2513,-3.3037,-4.8126,-3.5150,4.2197,17.1348,-6.3750,-10.4471,-14.5608,7.3944,5.7782,-21.2576,9.3405,34.5808,19.0490,6.9780,35.3247,3.9970,-5.6197,-0.4622,12.0665,4.5039,2.5082,-16.5044,12.7940,6.4159,2.4443,20.5485,1.4728,-13.9124,-11.0384,-8.4364,-13.5099,-14.8021,-1.3023,11.6329,34.7709,10.3705,-10.1893,7.8576,15.0665,-7.8529,10.2291,2.7946,4.3904,-36.8686,8.0699,-24.9932,12.3850,8.1117,7.7985,-1.6832,-4.6652,-10.4175,14.9052,-21.1666,-2.2292,-9.0696,-4.4457,15.5513,-1.8565,-10.3979,-20.1234,17.4950,-26.4082,4.7440,6.3760,-12.5471,-1.2200,11.6945,14.5848,-7.8971,-0.5405,14.0542,18.8377,21.3994,-5.4585,-2.9500,-16.6348,2.3657,3.9706,12.7618,-11.6737,-5.4775,-9.0334,-26.3601,12.8498,1.2833,8.7856,3.5563,5.9979,-9.6069,7.1796,0.9567,-21.7737,-9.4145,-14.0461,3.9941,-6.3566,4.6773,13.0159,12.2872,-17.8168,-14.7999,-2.1379,15.8979,-2.5796,-16.7229,-0.9844,-4.5799,-27.1514,10.5745,-0.5492,-16.2437,20.9950,-23.0509,-11.2663,-0.7685,10.0529,-3.0600,-7.8253,-20.9644,-3.7379,10.0633,17.8628,7.1117,-4.0465,-1.6208,-30.9293,17.9361,0.2113,8.7100,-4.6194,-4.5800,1.5251,-10.3908,-12.7625,-11.3826,4.6020,-5.0140,13.1009,-0.9767,12.1616,22.3187,-18.7942,-12.4730,-15.3432,-23.3573,29.1671,-20.3927,4.6897,-0.0122,-0.4085,18.1592,7.0387,-9.3005,-11.1730,-26.2493,-22.1948,2.4776,12.6121,-6.7328,2.1787,4.0953,-7.9372,6.9876,11.1916,2.6838,-14.0901,-25.4792,5.5158,-15.7090,1.9543,-8.2962,6.7542,-1.4948,1.0769,-17.9625,-42.5154,-14.0954,-39.1692,8.0024,-12.6837,2.6161,1.9566,-19.8014,-9.3082,-1.3075,1.4775,-13.8465,0.9043,-1.7711,-4.8481,8.8939,-17.0657,-17.5164,-8.0824,11.8222,2.2156,11.8921,-15.7239,11.9895,-26.6103,-2.5709,-12.4713,48.5587,11.0611,20.4719,9.1611,5.8291,17.7609,17.8721,-12.0160,-14.9094,-14.9557,12.9739,-22.3264,11.9332,-8.0213,16.5970,-22.4255,-4.9142,-5.5366,-15.6935,-13.8206,-14.7787,-25.4750,22.4724,5.6263,7.1098,2.3055,5.9415,-2.2385,11.2921,-19.9900
-9.4738,-7.3150,1.0490,7.9542,-2.6116,17.5892,21.9246,0.1832,-4.8541,17.8465,0.4121,4.0937,-11.2374,2.3247,-4.8148,-5.1434,-5.7313,9.3976,-7.6070,2.2216,-5.1634,14.2713,2.1809,0.9674,1.4819,-2.0111,6.3523,5.2991,-8.3218,3.1343,12.3985,5.0133,-2.0326,-5.7008,-4.9573,-10.9891,3.4436,19.7109,8.7948,-2.5694,13.0622,-3.2893,-5.9251,9.8990,-2.0780,2.5989,-12.1750,-8.7562,-6.2274,-3.2887,-1.6997,-5.6375,-5.7179,-4.1402,1.4357,-0.1433,4.3834,3.3918,0.8432,-17.9458,-4.3383,-1.0034,9.5925,7.8097,8.3221,11.0384,-11.4703,-11.6155,7.5651,3.1009,-9.5705,-2.1935,-4.8774,6.0333,-10.4429,3.8034,-7.1528,1.0159,-7.5632,-14.7031,-0.1885,-1.4062,-11.0795,-8.9736,0.4773,-10.3857,1.1269,3.6719,-13.7091,-1.7599,0.0285,18.0765,15.2199,12.5547,-6.1413,7.4372,10.2279,-16.3256,10.9434,7.9922,-7.8585,-0.2021,4.8117,-1.1527,-8.1202,8.8148,-6.7297,5.0701,18.7999,13.3885,2.0984,3.3248,-8.3506,-0.1679,-4.3122,-7.6321,8.8638,-4.5967,3.1282,-1.1807,7.1476,-6.5192,-2.7978,9.5962,-1.8785,6.5614,1.8034,6.6918,10.2252,-11.6017,4.0149,-15.9960,4.8729,-4.6835,-2.2402,-3.6977,13.1156,1.0548,-2.2213,-1.2702,0.9531,-10.1970,-10.8003,17.3575,-8.0893,-0.7706,1.1614,9.8270,-15.5436,-6.0947,15.0025,10.2022,-12.6135,8.9869,-7.7099,4.4759,2.4832,1.2452,-1.0499,6.5903,-8.4133,-3.1653,-10.1956,-1.9400,14.6708,-2.1361,-13.8490,-4.1892,2.8588,-8.6084,7.3907,-2.6750,-0.0248,12.9565,-7.3591,-9.2416,-0.9135,8.8362,-2.9627,-7.7870,-17.9836,-1.1865,-4.3030,8.2056,12.8102,-3.5209,-12.9586,0.5700,7.1636,10.4200,-11.1828,6.5089,-5.7975,8.8526,14.7108,-16.6696,-10.8882,6.7043,3.3968,-11.1311,-5.2911,-17.5504,10.8239,5.1357,8.2132,4.1770,-14.9294,-2.3046,2.0257,15.3982,-3.7415,2.9746,-3.3039,1.1608,-1.1489,10.3591,-3.5774,10.5080,3.3348,-5.3998,2.0449,-7.0509,-2.9116,-5.8639,0.6077,-15.2939,6.9506,13.2180,-4.0404,14.7922,-2.6897,3.7328,-4.9644,-1.7539,3.3596,-1.5483,-3.8412,-17.2006,-3.9670,-15.2514,-7.6008,-10.8991,11.5483,6.5452,-5.2975,-8.8148,-8.9515,4.9987,5.6252,4.2145,-0.5496,-5.1470,-11.4072,-8.5791,12.6230,9.9147
-9.4738,-7.3150,1.0490,7.9542,-2.6116,17.5892,21.9246,0.1832,-4.8541,17.8465,0.4121,4.0937,-11.2374,2.3247,-4.8148,-5.1434,-5.7313,9.3976,-7.6070,2.2216,-5.1634,14.2713,2.1809,0.9674,1.4819,-2.0111,6.3523,5.2991,-8.3218,3.1343,12.3985,5.0133,-2.0326,-5.7008,-4.9573,-10.9891,3.4436,19.7109,8.7948,-2.5694,13.0622,-3.2893,-5.9251,9.8990,-2.0780,2.5989,-12.1750,-8.7562,-6.2274,-3.2887,-1.6997,-5.6375,-5.7179,-4.1402,1.4357,-0.1433,4.3834,3.3918,0.8432,-17.9458,-4.3383,-1.0034,9.5925,7.8097,8.3221,11.0384,-11.4703,-11.6155,7.5651,3.1009,-9.5705,-2.1935,-4.8774,6.0333,-10.4429,3.8034,-7.1528,1.0159,-7.5632,-14.7031,-0.1885,-1.4062,-11.0795,-8.9736,0.4773,-10.3857,1.1269,3.6719,-13.7091,-1.7599,0.0285,18.0765,15.2199,12.5547,-6.1413,7.4372,10.2279,-16.3256,10.9434,7.9922,-7.8585,-0.2021,4.8117,-1.1527,-8.1202,8.8148,-6.7297,5.0701,18.7999,13.3885,2.0984,3.3248,-8.3506,-0.1679,-4.3122,-7.6321,8.8638,-4.5967,3.1282,-1.1807,7.1476,-6.5192,-2.7978,9.5962,-1.8785,6.5614,1.8034,6.6918,10.2252,-11.6017,4.0149,-15.9960,4.8729,-4.6835,-2.2402,-3.6977,13.1156,1.0548,-2.2213,-1.2702,0.9531,-10.1970,-10.8003,17.3575,-8.0893,-0.7706,1.1614,9.8270,-15.5436,-6.0947,15.0025,10.2022,-12.6135,8.9869,-7.7099,4.4759,2.4832,1.2452,-1.0499,6.5903,-8.4133,-3.1653,-10.1956,-1.9400,14.6708,-2.1361,-13.8490,-4.1892,2.8588,-8.6084,7.3907,-2.6750,-0.0248,12.9565,-7.3591,-9.2416,-0.9135,8.8362,-2.9627,-7.7870,-17.9836,-1.1865,-4.3030,8.2056,12.8102,-3.5209,-12.9586,0.5700,7.1636,10.4200,-11.1828,6.5089,-5.7975,8.8526,14.7108,-16.6696,-10.8882,6.7044,3.3968,-11.1311,-5.2911,-17.5504,10.8239,5.1357,8.2132,4.1770,-14.9294,-2.3046,2.0257,15.3982,-3.7415,2.9746,-3.3039,1.1608,-1.1489,10.3591,-3.5774,10.5080,3.3348,-5.3998,2.0449,-7.0509,-2.9116,-5.8639,0.6077,-15.2939,6.9506,13.2180,-4.0404,14.7922,-2.6897,3.7328,-4.9644,-1.7539,3.3596,-1.5483,-3.8412,-17.2006,-3.9670,-15.2514,-7.6008,-10.8991,11.5483,6.5452,-5.2975,-8.8148,-8.9515,4.9987,5.6252,4.2145,-0.5496,-5.1470,-11.4072,-8.5791,12.6230,9.9147
-9.4738,-7.3150,1.0490,7.9542,-2.6116,17.5892,21.9246,0.1832,-4.8541,17.8465,0.4121,4.0937,-11.2374,2.3247,-4.8148,-5.1434,-5.7313,9.3976,-7.6070,2.2216,-5.1634,14.2713,2.1809,0.9674,1.4819,-2.0111,6.3523,5.2991,-8.3217,3.1343,12.3985,5.0133,-2.0326,-5.7008,-4.9573,-10.9891,3.4436,19.7109,8.7948,-2.5694,13.0622,-3.2893,-5.9251,9.8990,-2.0780,2.5989,-12.1750,-8.7562,-6.2274,-3.2887,-1.6997,-5.6375,-5.7179,-4.1402,1.4357,-0.1433,4.3834,3.3918,0.8432,-17.9458,-4.3383,-1.0034,9.5925,7.8097,8.3221,11.0384,-11.4703,-11.6155,7.5651,3.1009,-9.5705,-2.1935,-4.8774,6.0333,-10.4429,3.8034,-7.1528,1.0159,-7.5632,-14.7031,-0.1885,-1.4062,-11.0795,-8.9736,0.4773,-10.3857,1.1269,3.6719,-13.7091,-1.7599,0.0285,18.0765,15.2199,12.5547,-6.1413,7.4372,10.2279,-16.3256,10.9434,7.9922,-7.8585,-0.2021,4.8117,-1.1527,-8.1202,8.8148,-6.7297,5.0701,18.7999,13.3885,2.0984,3.3248,-8.3506,-0.1679,-4.3122,-7.6321,8.8638,-4.5967,3.1282,-1.1807,7.1476,-6.5192,-2.7978,9.5962,-1.8785,6.5614,1.8034,6.6918,10.2252,-11.6017,4.0149,-15.9960,4.8729,-4.6835,-2.2402,-3.6977,13.1156,1.0548,-2.2213,-1.2702,0.9531,-10.1970,-10.8003,17.3575,-8.0893,-0.7706,1.1614,9.8270,-15.5436,-6.0947,15.0025,10.2022,-12.6135,8.9869,-7.7099,4.4759,2.4832,1.2452,-1.0499,6.5903,-8.4133,-3.1653,-10.1956,-1.9400,14.6708,-2.1361,-13.8490,-4.1892,2.8588,-8.6084,7.3907,-2.6750,-0.0248,12.9565,-7.3591,-9.2416,-0.9135,8.8362,-2.9627,-7.7870,-17.9836,-1.1865,-4.3030,8.2056,12.8102,-3.5209,-12.9586,0.5700,7.1636,10.4200,-11.1828,6.5089,-5.7975,8.8526,14.7108,-16.6696,-10.8882,6.7044,3.3968,-11.1311,-5.2911,-17.5504,10.8239,5.1357,8.2132,4.1770,-14.9294,-2.3046,2.0257,15.3982,-3.7415,2.9746,-3.3039,1.1608,-1.1489,10.3591,-3.5774,10.5080,3.3348,-5.3998,2.0449,-7.0509,-2.9116,-5.8639,0.6077,-15.2939,6.9506,13.2180,-4.0404,14.7922,-2.6897,3.7328,-4.9644,-1.7539,3.3596,-1.5483,-3.8412,-17.2006,-3.9670,-15.2514,-7.6008,-10.8991,11.5483,6.5452,-5.2975,-8.8148,-8.9515,4.9987,5.6252,4.2145,-0.5496,-5.1470,-11.4072,-8.5791,12.6230,9.9147
-9.4738,-7.3150,1.0490,7.9542,-2.6116,17.5892,21.9246,0.1832,-4.8541,17.8465,0.4121,4.0937,-11.2374,2.3247,-4.8148,-5.1434,-5.7313,9.3976,-7.6070,2.2216,-5.1634,14.2713,2.1809,0.9674,1.4819,-2.0111,6.3523,5.2991,-8.3217,3.1343,12.3985,5.0133,-2.0326,-5.7008,-4.9573,-10.9891,3.4436,19.7109,8.7948,-2.5694,13.0622,-3.2893,-5.9251,9.8990,-2.0780,2.5989,-12.1750,-8.7562,-6.2274,-3.2887,-1.6997,-5.6375,-5.7179,-4.1402,1.4357,-0.1433,4.3834,3.3918,0.8432,-17.9458,-4.3383,-1.0034,9.5925,7.8097,8.3221,11.0384,-11.4703,-11.6155,7.5651,3.1009,-9.5705,-2.1935,-4.8774,6.0333,-10.4429,3.8034,-7.1528,1.0159,-7.5632,-14.7031,-0.1885,-1.4062,-11.0795,-8.9736,0.4773,-10.3857,1.1269,3.6719,-13.7091,-1.7599,0.0285,18.0765,15.2199,12.5547,-6.1413,7.4372,10.2279,-16.3256,10.9434,7.9922,-7.8585,-0.2021,4.8117,-1.1527,-8.1202,8.8148,-6.7297,5.0701,18.7999,13.3885,2.0984,3.3248,-8.3506,-0.1679,-4.3122,-7.6321,8.8638,-4.5967,3.1282,-1.1807,7.1476,-6.5192,-2.7978,9.5962,-1.8785,6.5614,1.8034,6.6918,10.2252,-11.6017,4.0149,-15.9960,4.8729,-4.6835,-2.2402,-3.6977,13.1156,1.0548,-2.2213,-1.2702,0.9531,-10.1970,-10.8003,17.3575,-8.0893,-0.7706,1.1614,9.8270,-15.5436,-6.0947,15.0025,10.2022,-12.6135,8.9869,-7.7099,4.4759,2.4832,1.2452,-1.0499,6.5903,-8.4133,-3.1653,-10.1956,-1.9400,14.6708,-2.1361,-13.8490,-4.1892,2.8588,-8.6084,7.3907,-2.6750,-0.0248,12.9565,-7.3591,-9.2416,-0.9135,8.8362,-2.9627,-7.7870,-17.9836,-1.1865,-4.3030,8.2056,12.8102,-3.5209,-12.9586,0.5700,7.1636,10.4200,-11.1828,6.5089,-5.7975,8.8526,14.7108,-16.6696,-10.8882,6.7044,3.3968,-11.1311,-5.2911,-17.5504,10.8239,5.1357,8.2132,4.1770,-14.9294,-2.3046,2.0257,15.3982,-3.7415,2.9747,-3.3039,1.1608,-1.1489,10.3591,-3.5774,10.5080,3.3348,-5.3998,2.0449,-7.0509,-2.9116,-5.8639,0.6077,-15.2939,6.9506,13.2180,-4.0404,14.7922,-2.6897,3.7328,-4.9644,-1.7539,3.3596,-1.5483,-3.8412,-17.2006,-3.9670,-15.2514,-7.6008,-10.8991,11.5483,6.5452,-5.2975,-8.8148,-8.9515,4.9987,5.6252,4.2145,-0.5496,-5.1470,-11.4072,-8.5791,12.6230,9.9147
-9.3112,6.8276,-3.6774,4.0127,0.7048,13.7934,12.0827,-10.2066,-1.0714,12.2668,-9.0823,3.9286,-2.5048,-1.0554,-13.0938,-7.4497,4.4665,2.6296,-3.5444,-10.7624,19.6419,1.6291,9.7619,1.1939,13.9362,9.3654,-3.0354,7.3122,-11.8125,4.3903,16.3556,-7.6993,-5.3525,0.3134,10.1247,0.0076,5.6820,17.7559,4.5792,0.4983,-7.8970,0.8273,6.5879,-2.7584,-10.1755,-5.1262,-8.6993,-11.2600,4.4811,-5.1137,2.1023,4.0089,0.8306,2.0667,3.4651,-16.0304,6.6275,3.5038,-10.4321,-7.2269,-3.7254,4.5472,13.0786,5.5894,1.8889,-9.5614,-9.6794,7.9803,-1.7749,2.9499,-11.2220,4.6680,-5.1881,1.2105,4.3419,5.2056,-12.3660,-2.2068,3.4558,-5.6306,2.0072,16.9756,5.2782,-7.5351,4.9433,-7.3938,-0.7521,-3.3245,1.1994,2.9723,8.1188,12.6700,-2.2854,0.1009,-3.6976,-4.6985,8.7172,-13.0041,0.3533,0.0186,1.0024,0.5941,-0.0835,-2.5347,0.0729,-6.5108,2.0063,-4.9919,8.3014,-0.8839,1.4980,-7.6069,-17.0070,-3.3819,3.4714,-0.6321,1.7371,0.7801,12.1055,-3.0986,8.1828,3.5941,-4.7219,-7.7035,-4.4316,3.6658,-1.4062,1.2959,-3.7900,-2.3411,6.4937,-8.0720,6.1555,1.7865,9.3977,-12.3971,-7.4764,14.2984,14.1693,0.7619,-1.9277,-15.1581,-3.5088,10.4674,-1.8759,9.4719,-3.8655,0.6617,-3.0188,2.9856,-3.0393,14.9095,-3.8996,-2.3495,10.0930,-0.9680,4.6829,-4.6589,-12.8428,-3.7494,2.8474,-4.7450,-0.3350,-15.3415,11.2430,-5.8988,-2.5266,5.8274,-3.4644,-5.5498,-0.9047,11.5812,1.6618,-8.3152,5.2212,-6.9355,1.6282,11.3417,2.1420,-0.2974,5.2946,14.9634,-9.8618,1.0038,-0.9464,-8.2708,-8.1097,-7.3957,15.0141,1.3287,-9.6949,0.1052,-1.6178,-0.1264,1.0179,-5.8330,3.6628,-1.8341,-0.2525,-5.4150,0.2880,-24.4392,7.7927,5.5490,2.0688,5.3526,0.0157,10.4750,4.6686,16.7726,-18.0324,-9.5314,-2.9532,2.7615,-5.7410,12.1072,-6.5499,0.1722,0.2261,14.6098,0.3818,12.1491,8.2864,-2.6079,4.4010,-12.0952,14.3677,5.0442,10.6007,5.0782,6.7484,5.0101,0.7876,-3.3045,-7.0200,-7.3203,18.6355,-7.2995,1.3132,1.7958,10.8777,-2.8446,-2.2007,-4.3314,-1.9402,-0.0508,2.2818,-0.2420,1.6821,10.0275,6.6023,-5.4130,-13.6483,5.6760,2.4779,-0.7528
-9.3112,6.8276,-3.6774,4.0127,0.7048,13.7934,12.0827,-10.2066,-1.0714,12.2668,-9.0823,3.9286,-2.5048,-1.0554,-13.0938,-7.4497,4.4665,2.6296,-3.5444,-10.7624,19.6419,1.6291,9.7619,1.1939,13.9362,9.3654,-3.0354,7.3122,-11.8125,4.3903,16.3556,-7.6993,-5.3525,0.3134,10.1247,0.0076,5.6820,17.7559,4.5792,0.4983,-7.8970,0.8273,6.5879,-2.7584,-10.1755,-5.1262,-8.6993,-11.2600,4.4811,-5.1137,2.1023,4.0089,0.8306,2.0667,3.4651,-16.0304,6.6275,3.5038,-10.4321,-7.2269,-3.7254,4.5472,13.0786,5.5894,1.8889,-9.5614,-9.6794,7.9803,-1.7749,2.9499,-11.2220,4.6680,-5.1881,1.2105,4.3419,5.2056,-12.3660,-2.2068,3.4558,-5.6306,2.0072,16.9756,5.2782,-7.5351,4.9433,-7.3938,-0.7521,-3.3245,1.1994,2.9723,8.1188,12.6700,-2.2854,0.1009,-3.6976,-4.6985,8.7172,-13.0041,0.3533,0.0186,1.0024,0.5941,-0.0835,-2.5347,0.0729,-6.5108,2.0063,-4.9919,8.3014,-0.8839,1.4980,-7.6069,-17.0070,-3.3819,3.4714,-0.6321,1.7371,0.7801,12.1055,-3.0986,8.1828,3.5941,-4.7219,-7.7035,-4.4316,3.6658,-1.4062,1.2959,-3.7900,-2.3411,6.4937,-8.0720,6.1555,1.7865,9.3977,-12.3971,-7.4764,14.2984,14.1693,0.7619,-1.9277,-15.1581,-3.5088,10.4674,-1.8759,9.4719,-3.8655,0.6617,-3.0188,2.9856,-3.0393,14.9095,-3.8996,-2.3495,10.0930,-0.9680,4.6829,-4.6589,-12.8428,-3.7494,2.8474,-4.7450,-0.3350,-15.3415,11.2430,-5.8988,-2.5266,5.8274,-3.4644,-5.5498,-0.9047,11.5812,1.6618,-8.3152,5.2212,-6.9355,1.6282,11.3417,2.1420,-0.2974,5.2946,14.9634,-9.8618,1.0038,-0.9464,-8.2708,-8.1097,-7.3957,15.0141,1.3287,-9.6949,0.1052,-1.6178,-0.1264,1.0179,-5.8330,3.6628,-1.8341,-0.2525,-5.4150,0.2880,-24.4392,7.7927,5.5490,2.0688,5.3526,0.0157,10.4750,4.6686,16.7726,-18.0324,-9.5314,-2.9532,2.7615,-5.7410,12.1072,-6.5499,0.1722,0.2261,14.6098,0.3819,12.1491,8.2864,-2.6079,4.4010,-12.0952,14.3677,5.0442,10.6007,5.0782,6.7484,5.0101,0.7876,-3.3045,-7.0200,-7.3203,18.6355,-7.2995,1.3132,1.7958,10.8777,-2.8446,-2.2007,-4.3314,-1.9402,-0.0508,2.2818,-0.2420,1.6821,10.0275,6.6023,-5.4130,-13.6483,5.6760,2.4779,-0.7528
-9.3112,6.8276,-3.6774,4.0127,0.7048,13.7934,12.0827,-10.2066,-1.0714,12.2668,-9.0823,3.9286,-2.5048,-1.0554,-13.0938,-7.4497,4.4665,2.6296,-3.5444,-10.7624,19.6419,1.6291,9.7619,1.1939,13.9362,9.3654,-3.0354,7.3122,-11.8125,4.3903,16.3556,-7.6993,-5.3525,0.3134,10.1247,0.0076,5.6820,17.7559,4.5792,0.4983,-7.8970,0.8273,6.5879,-2.7584,-10.1755,-5.1262,-8.6993,-11.2600,4.4811,-5.1137,2.1023,4.0089,0.8306,2.0667,3.4651,-16.0304,6.6275,3.5038,-10.4321,-7.2269,-3.7254,4.5472,13.0786,5.5894,1.8889,-9.5614,-9.6794,7.9803,-1.7749,2.9499,-11.2220,4.6680,-5.1881,1.2105,4.3419,5.2056,-12.3660,-2.2068,3.4558,-5.6306,2.0072,16.9756,5.2782,-7.5351,4.9433,-7.3938,-0.7521,-3.3245,1.1994,2.9723,8.1188,12.6700,-2.2854,0.1009,-3.6976,-4.6985,8.7172,-13.0041,0.3533,0.0186,1.0024,0.5941,-0.0835,-2.5347,0.0729,-6.5108,2.0063,-4.9919,8.3014,-0.8839,1.4980,-7.6069,-17.0070,-3.3819,3.4714,-0.6321,1.7371,0.7801,12.1055,-3.0986,8.1828,3.5941,-4.7219,-7.7035,-4.4316,3.6658,-1.4062,1.2959,-3.7900,-2.3411,6.4937,-8.0720,6.1555,1.7865,9.3977,-12.3971,-7.4764,14.2984,14.1693,0.7619,-1.9277,-15.1581,-3.5088,10.4674,-1.8759,9.4719,-3.8655,0.6617,-3.0188,2.9856,-3.0393,14.9095,-3.8996,-2.3495,10.0930,-0.9680,4.6829,-4.6589,-12.8428,-3.7494,2.8474,-4.7450,-0.3350,-15.3415,11.2430,-5.8988,-2.5266,5.8274,-3.4644,-5.5498,-0.9047,11.5812,1.6618,-8.3152,5.2212,-6.9355,1.6282,11.3417,2.1420,-0.2974,5.2946,14.9634,-9.8618,1.0038,-0.9464,-8.2708,-8.1097,-7.3957,15.0141,1.3287,-9.6949,0.1052,-1.6178,-0.1264,1.0179,-5.8330,3.6628,-1.8341,-0.2525,-5.4150,0.2880,-24.4392,7.7927,5.5490,2.0688,5.3526,0.0157,10.4750,4.6686,16.7726,-18.0324,-9.5314,-2.9532,2.7615,-5.7410,12.1072,-6.5499,0.1722,0.2261,14.6098,0.3819,12.1491,8.2864,-2.6079,4.4010,-12.0952,14.3677,5.0442,10.6008,5.0782,6.7484,5.0101,0.7876,-3.3045,-7.0200,-7.3203,18.6355,-7.2995,1.3132,1.7958,10.8777,-2.8446,-2.2007,-4.3314,-1.9402,-0.0508,2.2818,-0.2420,1.6821,10.0275,6.6023,-5.4130,-13.6483,5.6760,2.4779,-0.7528
-9.3112,6.8276,-3.6774,4.0127,0.7048,13.7934,12.0827,-10.2066,-1.0714,12.2668,-9.0823,3.9286,-2.5048,-1.0554,-13.0938,-7.4497,4.4665,2.6296,-3.5444,-10.7624,19.6419,1.6291,9.7619,1.1939,13.9362,9.3654,-3.0354,7.3122,-11.8125,4.3903,16.3556,-7.6993,-5.3525,0.3134,10.1247,0.0076,5.6820,17.7559,4.5792,0.4983,-7.8970,0.8273,6.5879,-2.7584,-10.1755,-5.1262,-8.6993,-11.2600,4.4811,-5.1137,2.1023,4.0089,0.8306,2.0667,3.4651,-16.0304,6.6275,3.5038,-10.4321,-7.2269,-3.7254,4.5472,13.0786,5.5894,1.8889,-9.5614,-9.6794,7.9803,-1.7749,2.9499,-11.2220,4.6680,-5.1881,1.2105,4.3419,5.2056,-12.3660,-2.2068,3.4558,-5.6306,2.0072,16.9756,5.2782,-7.5351,4.9433,-7.3938,-0.7521,-3.3245,1.1994,2.9723,8.1188,12.6700,-2.2854,0.1009,-3.6976,-4.6985,8.7172,-13.0041,0.3533,0.0186,1.0024,0.5941,-0.0835,-2.5347,0.0729,-6.5108,2.0063,-4.9919,8.3014,-0.8839,1.4980,-7.6069,-17.0070,-3.3819,3.4714,-0.6321,1.7371,0.7801,12.1055,-3.0986,8.1828,3.5941,-4.7219,-7.7035,-4.4316,3.6658,-1.4062,1.2959,-3.7900,-2.3411,6.4937,-8.0720,6.1555,1.7865,9.3977,-12.3971,-7.4764,14.2984,14.1693,0.7619,-1.9277,-15.1581,-3.5088,10.4674,-1.8759,9.4719,-3.8655,0.6617,-3.0188,2.9856,-3.0393,14.9095,-3.8996,-2.3495,10.0930,-0.9680,4.6829,-4.6589,-12.8428,-3.7494,2.8474,-4.7450,-0.3350,-15.3415,11.2430,-5.8988,-2.5266,5.8274,-3.4644,-5.5498,-0.9047,11.5812,1.6618,-8.3152,5.2212,-6.9355,1.6282,11.3417,2.1420,-0.2974,5.2946,14.9634,-9.8618,1.0038,-0.9464,-8.2708,-8.1097,-7.3957,15.0141,1.3287,-9.6949,0.1052,-1.6178,-0.1264,1.0179,-5.8330,3.6628,-1.8341,-0.2525,-5.4150,0.2880,-24.4392,7.7927,5.5490,2.0688,5.3526,0.0157,10.4750,4.6686,16.7727,-18.0324,-9.5314,-2.9532,2.7615,-5.7410,12.1072,-6.5499,0.1722,0.2261,14.6098,0.3819,12.1491,8.2864,-2.6079,4.4010,-12.0952,14.3677,5.0442,10.6007,5.0782,6.7484,5.0101,0.7876,-3.3045,-7.0200,-7.3203,18.6355,-7.2995,1.3132,1.7958,10.8777,-2.8446,-2.2007,-4.3314,-1.9402,-0.0508,2.2818,-0.2420,1.6821,10.0275,6.6023,-5.4130,-13.6483,5.6760,2.4779,-0.7528
-9.3112,6.8276,-3.6774,4.0127,0.7048,13.7934,12.0827,-10.2066,-1.0714,12.2668,-9.0823,3.9286,-2.5048,-1.0554,-13.0938,-7.4497,4.4665,2.6296,-3.5444,-10.7624,19.6419,1.6291,9.7619,1.1939,13.9362,9.3654,-3.0354,7.3122,-11.8125,4.3903,16.3556,-7.6993,-5.3525,0.3134,10.1247,0.0076,5.6820,17.7559,4.5792,0.4983,-7.8970,0.8273,6.5879,-2.7584,-10.1755,-5.1262,-8.6993,-11.2600,4.4811,-5.1137,2.1023,4.0089,0.8306,2.0667,3.4651,-16.0304,6.6275,3.5038,-10.4321,-7.2269,-3.7254,4.5472,13.0786,5.5894,1.8889,-9.5614,-9.6794,7.9803,-1.7749,2.9499,-11.2220,4.6680,-5.1881,1.2105,4.3419,5.2056,-12.3660,-2.2068,3.4558,-5.6306,2.0072,16.9756,5.2782,-7.5351,4.9433,-7.3938,-0.7521,-3.3245,1.1994,2.9723,8.1188,12.6700,-2.2854,0.1009,-3.6976,-4.6985,8.7172,-13.0041,0.3533,0.0186,1.0024,0.5941,-0.0835,-2.5347,0.0729,-6.5108,2.0063,-4.9919,8.3014,-0.8839,1.4980,-7.6069,-17.0070,-3.3819,3.4714,-0.6321,1.7371,0.7801,12.1055,-3.0986,8.1828,3.5941,-4.7219,-7.7035,-4.4316,3.6658,-1.4062,1.2959,-3.7900,-2.3411,6.4937,-8.0720,6.1555,1.7865,9.3977,-12.3971,-7.4764,14.2984,14.1693,0.7619,-1.9277,-15.1581,-3.5088,10.4674,-1.8759,9.4719,-3.8655,0.6617,-3.0188,2.9856,-3.0393,14.9095,-3.8996,-2.3495,10.0930,-0.9680,4.6829,-4.6589,-12.8428,-3.7494,2.8474,-4.7450,-0.3350,-15.3415,11.2430,-5.8988,-2.5266,5.8274,-3.4644,-5.5498,-0.9047,11.5812,1.6618,-8.3152,5.2212,-6.9355,1.6283,11.3417,2.1420,-0.2974,5.2946,14.9634,-9.8618,1.0038,-0.9464,-8.2708,-8.1097,-7.3957,15.0141,1.3287,-9.6949,0.1052,-1.6178,-0.1264,1.0179,-5.8330,3.6628,-1.8341,-0.2525,-5.4150,0.2880,-24.4392,7.7927,5.5490,2.0688,5.3526,0.0157,10.4750,4.6686,16.7726,-18.0324,-9.5314,-2.9532,2.7615,-5.7410,12.1072,-6.5499,0.1722,0.2261,14.6098,0.3818,12.1491,8.2864,-2.6079,4.4010,-12.0952,14.3677,5.0442,10.6007,5.0782,6.7484,5.0101,0.7876,-3.3045,-7.0200,-7.3203,18.6355,-7.2995,1.3132,1.7958,10.8777,-2.8446,-2.2007,-4.3314,-1.9402,-0.0508,2.2818,-0.2420,1.6821,10.0275,6.6023,-5.4130,-13.6483,5.6760,2.4779,-0.7528
-9.3112,6.8276,-3.6774,4.0127,0.7048,13.7934,12.0827,-10.2066,-1.0714,12.2668,-9.0823,3.9286,-2.5048,-1.0554,-13.0938,-7.4497,4.4665,2.6296,-3.5444,-10.7624,19.6419,1.6291,9.7619,1.1939,13.9362,9.3654,-3.0354,7.3122,-11.8125,4.3903,16.3556,-7.6993,-5.3525,0.3134,10.1247,0.0076,5.6820,17.7559,4.5792,0.4983,-7.8970,0.8273,6.5879,-2.7584,-10.1755,-5.1262,-8.6993,-11.2600,4.4811,-5.1137,2.1023,4.0089,0.8306,2.0667,3.4651,-16.0304,6.6275,3.5038,-10.4321,-7.2269,-3.7254,4.5472,13.0786,5.5894,1.8889,-9.5614,-9.6794,7.9803,-1.7749,2.9499,-11.2220,4.6680,-5.1881,1.2105,4.3419,5.2056,-12.3660,-2.2068,3.4558,-5.6306,2.0072,16.9756,5.2782,-7.5351,4.9433,-7.3938,-0.7521,-3.3245,1.1994,2.9723,8.1188,12.6700,-2.2854,0.1009,-3.6976,-4.6985,8.7172,-13.0041,0.3533,0.0186,1.0024,0.5941,-0.0835,-2.5347,0.0729,-6.5108,2.0063,-4.9919,8.3014,-0.8839,1.4980,-7.6069,-17.0070,-3.3819,3.4714,-0.6321,1.7371,0.7801,12.1055,-3.0986,8.1828,3.5941,-4.7219,-7.7035,-4.4316,3.6658,-1.4062,1.2959,-3.7900,-2.3411,6.4937,-8.0720,6.1555,1.7865,9.3977,-12.3971,-7.4764,14.2984,14.1693,0.7619,-1.9277,-15.1581,-3.5088,10.4674,-1.8759,9.4719,-3.8655,0.6617,-3.0188,2.9856,-3.0393,14.9095,-3.8996,-2.3495,10.0930,-0.9680,4.6829,-4.6589,-12.8428,-3.7494,2.8474,-4.7450,-0.3350,-15.3415,11.2430,-5.8988,-2.5266,5.8274,-3.4644,-5.5498,-0.9047,11.5812,1.6618,-8.3152,5.2212,-6.9355,1.6283,11.3417,2.1420,-0.2974,5.2946,14.9634,-9.8618,1.0038,-0.9464,-8.2708,-8.1097,-7.3957,15.0141,1.3287,-9.6949,0.1052,-1.6178,-0.1264,1.0179,-5.8330,3.6628,-1.8341,-0.2525,-5.4150,0.2880,-24.4392,7.7927,5.5490,2.0688,5.3526,0.0157,10.4750,4.6686,16.7726,-18.0324,-9.5314,-2.9532,2.7615,-5.7410,12.1072,-6.5499,0.1722,0.2261,14.6098,0.3819,12.1491,8.2864,-2.6079,4.4010,-12.0952,14.3677,5.0442,10.6007,5.0782,6.7484,5.0101,0.7876,-3.3045,-7.0200,-7.3203,18.6355,-7.2995,1.3132,1.7958,10.8777,-2.8446,-2.2007,-4.3314,-1.9402,-0.0508,2.2818,-0.2420,1.6821,10.0275,6.6023,-5.4130,-13.6483,5.6760,2.4779,-0.7528
-9.3112,6.8276,-3.6774,4.0127,0.7048,13.7934,12.0827,-10.2066,-1.0714,12.2668,-9.0823,3.9286,-2.5048,-1.0554,-13.0938,-7.4497,4.4665,2.6296,-3.5444,-10.7624,19.6419,1.6291,9.7619,1.1939,13.9362,9.3654,-3.0354,7.3122,-11.8125,4.3903,16.3556,-7.6993,-5.3525,0.3134,10.1247,0.0076,5.6820,17.7559,4.5792,0.4983,-7.8970,0.8273,6.5879,-2.7584,-10.1755,-5.1262,-8.6993,-11.2600,4.4811,-5.1137,2.1023,4.0089,0.8306,2.0667,3.4651,-16.0304,6.6275,3.5038,-10.4321,-7.2269,-3.7254,4.5472,13.0786,5.5894,1.8889,-9.5614,-9.6794,7.9803,-1.7749,2.9499,-11.2220,4.6680,-5.1881,1.2105,4.3419,5.2056,-12.3660,-2.2068,3.4558,-5.6306,2.0072,16.9756,5.2782,-7.5351,4.9433,-7.3938,-0.7521,-3.3245,1.1994,2.9723,8.1188,12.6700,-2.2854,0.1009,-3.6976,-4.6985,8.7172,-13.0041,0.3533,0.0186,1.0024,0.5941,-0.0835,-2.5347,0.0729,-6.5108,2.0063,-4.9919,8.3014,-0.8839,1.4980,-7.6069,-17.0070,-3.3819,3.4714,-0.6321,1.7371,0.7801,12.1055,-3.0986,8.1828,3.5941,-4.7219,-7.7035,-4.4316,3.6658,-1.4062,1.2959,-3.7900,-2.3411,6.4937,-8.0720,6.1555,1.7865,9.3977,-12.3971,-7.4764,14.2984,14.1693,0.7619,-1.9277,-15.1581,-3.5088,10.4674,-1.8759,9.4719,-3.8655,0.6617,-3.0188,2.9856,-3.0393,14.9095,-3.8996,-2.3495,10.0930,-0.9680,4.6829,-4.6589,-12.8428,-3.7494,2.8474,-4.7450,-0.3350,-15.3415,11.2430,-5.8988,-2.5266,5.8274,-3.4644,-5.5498,-0.9047,11.5812,1.6618,-8.3152,5.2212,-6.9355,1.6283,11.3417,2.1420,-0.2974,5.2946,14.9634,-9.8618,1.0038,-0.9464,-8.2708,-8.1097,-7.3957,15.0141,1.3287,-9.6949,0.1052,-1.6178,-0.1264,1.0179,-5.8330,3.6628,-1.8341,-0.2525,-5.4150,0.2880,-24.4392,7.7927,5.5490,2.0688,5.3526,0.0157,10.4750,4.6686,16.7727,-18.0324,-9.5314,-2.9532,2.7615,-5.7410,12.1072,-6.5499,0.1722,0.2261,14.6098,0.3819,12.1491,8.2864,-2.6079,4.4010,-12.0952,14.3677,5.0442,10.6007,5.0782,6.7484,5.0101,0.7876,-3.3045,-7.0200,-7.3203,18.6355,-7.2995,1.3132,1.7958,10.8777,-2.8446,-2.2007,-4.3314,-1.9402,-0.0508,2.2818,-0.2420,1.6821,10.0275,6.6023,-5.4130,-13.6483,5.6760,2.4779,-0.7528
-9.3112,6.8276,-3.6774,4.0127,0.7048,13.7934,12.0827,-10.2066,-1.0714,12.2668,-9.0823,3.9286,-2.5048,-1.0554,-13.0938,-7.4497,4.4665,2.6296,-3.5444,-10.7624,19.6419,1.6291,9.7619,1.1939,13.9362,9.3654,-3.0354,7.3122,-11.8125,4.3903,16.3556,-7.6993,-5.3525,0.3134,10.1247,0.0076,5.6820,17.7559,4.5792,0.4983,-7.8970,0.8273,6.5879,-2.7584,-10.1755,-5.1262,-8.6993,-11.2600,4.4811,-5.1137,2.1023,4.0089,0.8306,2.0667,3.4651,-16.0304,6.6275,3.5038,-10.4321,-7.2269,-3.7254,4.5472,13.0786,5.5894,1.8889,-9.5614,-9.6794,7.9803,-1.7749,2.9499,-11.2220,4.6680,-5.1881,1.2105,4.3419,5.2056,-12.3660,-2.2068,3.4558,-5.6306,2.0072,16.9756,5.2782,-7.5351,4.9433,-7.3938,-0.7521,-3.3245,1.1994,2.9723,8.1188,12.6700,-2.2854,0.1009,-3.6976,-4.6985,8.7172,-13.0041,0.3533,0.0186,1.0024,0.5941,-0.0835,-2.5347,0.0729,-6.5108,2.0063,-4.9919,8.3014,-0.8839,1.4980,-7.6069,-17.0070,-3.3819,3.4714,-0.6321,1.7371,0.7801,12.1055,-3.0986,8.1828,3.5941,-4.7219,-7.7035,-4.4316,3.6658,-1.4062,1.2959,-3.7900,-2.3411,6.4937,-8.0720,6.1555,1.7865,9.3977,-12.3971,-7.4764,14.2984,14.1693,0.7619,-1.9277,-15.1581,-3.5088,10.4674,-1.8759,9.4719,-3.8655,0.6617,-3.0188,2.9856,-3.0393,14.9095,-3.8996,-2.3495,10.0930,-0.9680,4.6829,-4.6589,-12.8428,-3.7494,2.8474,-4.7450,-0.3350,-15.3415,11.2430,-5.8988,-2.5266,5.8274,-3.4644,-5.5498,-0.9047,11.5812,1.6618,-8.3152,5.2212,-6.9354,1.6282,11.3417,2.1420,-0.2974,5.2946,14.9634,-9.8618,1.0038,-0.9464,-8.2708,-8.1097,-7.3957,15.0141,1.3287,-9.6949,0.1052,-1.6178,-0.1264,1.0179,-5.8330,3.6628,-1.8341,-0.2525,-5.4150,0.2880,-24.4392,7.7927,5.5490,2.0688,5.3526,0.0157,10.4750,4.6686,16.7726,-18.0324,-9.5314,-2.9532,2.7615,-5.7410,12.1072,-6.5499,0.1722,0.2261,14.6098,0.3818,12.1491,8.2864,-2.6079,4.4010,-12.0952,14.3677,5.0442,10.6008,5.0782,6.7484,5.0101,0.7876,-3.3045,-7.0200,-7.3203,18.6355,-7.2995,1.3132,1.7958,10.8777,-2.8446,-2.2007,-4.3314,-1.9402,-0.0508,2.2818,-0.2420,1.6821,10.0275,6.6023,-5.4130,-13.6483,5.6760,2.4779,-0.7528
-9.3112,6.8276,-3.6774,4.0127,0.7048,13.7934,12.0827,-10.2066,-1.0714,12.2668,-9.0823,3.9286,-2.5048,-1.0554,-13.0938,-7.4497,4.4665,2.6296,-3.5444,-10.7624,19.6419,1.6291,9.7619,1.1939,13.9362,9.3654,-3.0354,7.3122,-11.8125,4.3903,16.3556,-7.6993,-5.3525,0.3134,10.1247,0.0076,5.6820,17.7559,4.5792,0.4983,-7.8970,0.8273,6.5879,-2.7584,-10.1755,-5.1262,-8.6993,-11.2600,4.4811,-5.1137,2.1023,4.0089,0.8306,2.0667,3.4651,-16.0304,6.6275,3.5038,-10.4321,-7.2269,-3.7254,4.5472,13.0786,5.5894,1.8889,-9.5614,-9.6794,7.9803,-1.7749,2.9499,-11.2220,4.6680,-5.1881,1.2105,4.3419,5.2056,-12.3660,-2.2068,3.4558,-5.6306,2.0072,16.9756,5.2782,-7.5351,4.9433,-7.3938,-0.7521,-3.3245,1.1994,2.9723,8.1188,12.6700,-2.2854,0.1009,-3.6976,-4.6985,8.7172,-13.0041,0.3533,0.0186,1.0024,0.5941,-0.0835,-2.5347,0.0729,-6.5108,2.0063,-4.9919,8.3014,-0.8839,1.4980,-7.6069,-17.0070,-3.3819,3.4714,-0.6321,1.7371,0.7801,12.1055,-3.0986,8.1828,3.5941,-4.7219,-7.7035,-4.4316,3.6658,-1.4062,1.2959,-3.7900,-2.3411,6.4937,-8.0720,6.1555,1.7865,9.3977,-12.3971,-7.4764,14.2984,14.1693,0.7619,-1.9277,-15.1581,-3.5088,10.4674,-1.8759,9.4719,-3.8655,0.6617,-3.0188,2.9856,-3.0393,14.9095,-3.8996,-2.3495,10.0930,-0.9680,4.6829,-4.6589,-12.8428,-3.7494,2.8474,-4.7450,-0.3350,-15.3415,11.2430,-5.8988,-2.5266,5.8274,-3.4644,-5.5498,-0.9047,11.5812,1.6618,-8.3152,5.2212,-6.9354,1.6282,11.3417,2.1420,-0.2974,5.2946,14.9634,-9.8618,1.0038,-0.9464,-8.2708,-8.1097,-7.3957,15.0141,1.3287,-9.6949,0.1052,-1.6178,-0.1264,1.0179,-5.8330,3.6628,-1.8341,-0.2525,-5.4150,0.2880,-24.4392,7.7927,5.5490,2.0688,5.3526,0.0157,10.4750,4.6686,16.7726,-18.0324,-9.5314,-2.9532,2.7615,-5.7410,12.1072,-6.5499,0.1722,0.2261,14.6098,0.3819,12.1491,8.2864,-2.6079,4.4010,-12.0952,14.3677,5.0442,10.6007,5.0782,6.7484,5.0101,0.7876,-3.3045,-7.0200,-7.3203,18.6355,-7.2995,1.3132,1.7958,10.8777,-2.8446,-2.2007,-4.3314,-1.9402,-0.0508,2.2818,-0.2420,1.6821,10.0275,6.6023,-5.4130,-13.6483,5.6760,2.4779,-0.7528
-9.3112,6.8276,-3.6774,4.0127,0.7048,13.7934,12.0827,-10.2066,-1.0714,12.2668,-9.0823,3.9286,-2.5048,-1.0554,-13.0938,-7.4497,4.4665,2.6296,-3.5444,-10.7624,19.6419,1.6291,9.7619,1.1939,13.9362,9.3654,-3.0354,7.3122,-11.8125,4.3903,16.3556,-7.6993,-5.3525,0.3134,10.1247,0.0076,5.6820,17.7559,4.5792,0.4983,-7.8970,0.8273,6.5879,-2.7584,-10.1755,-5.1262,-8.6993,-11.2600,4.4811,-5.1137,2.1023,4.0089,0.8306,2.0667,3.4651,-16.0304,6.6275,3.5038,-10.4321,-7.2269,-3.7254,4.5472,13.0786,5.5894,1.8889,-9.5614,-9.6794,7.9803,-1.7749,2.9499,-11.2220,4.6680,-5.1881,1.2105,4.3419,5.2056,-12.3660,-2.2068,3.4558,-5.6306,2.0072,16.9756,5.2782,-7.5351,4.9433,-7.3938,-0.7521,-3.3245,1.1994,2.9723,8.1188,12.6700,-2.2854,0.1009,-3.6976,-4.6985,8.7172,-13.0041,0.3533,0.0186,1.0024,0.5941,-0.0835,-2.5347,0.0729,-6.5108,2.0063,-4.9919,8.3014,-0.8839,1.4980,-7.6069,-17.0070,-3.3819,3.4714,-0.6321,1.7371,0.7801,12.1055,-3.0986,8.1828,3.5941,-4.7219,-7.7035,-4.4316,3.6658,-1.4062,1.2959,-3.7900,-2.3411,6.4937,-8.0720,6.1555,1.7865,9.3977,-12.3971,-7.4764,14.2984,14.1693,0.7619,-1.9277,-15.1581,-3.5088,10.4674,-1.8759,9.4719,-3.8655,0.6617,-3.0188,2.9856,-3.0393,14.9095,-3.8996,-2.3495,10.0930,-0.9680,4.6829,-4.6589,-12.8428,-3.7494,2.8474,-4.7450,-0.3350,-15.3415,11.2430,-5.8988,-2.5266,5.8274,-3.4644,-5.5498,-0.9047,11.5812,1.6618,-8.3152,5.2212,-6.9354,1.6283,11.3417,2.1420,-0.2974,5.2946,14.9634,-9.8618,1.0038,-0.9464,-8.2708,-8.1097,-7.3957,15.0141,1.3287,-9.6949,0.1052,-1.6178,-0.1264,1.0179,-5.8330,3.6628,-1.8341,-0.2525,-5.4150,0.2880,-24.4392,7.7927,5.5490,2.0688,5.3526,0.0157,10.4750,4.6686,16.7727,-18.0324,-9.5314,-2.9532,2.7615,-5.7410,12.1072,-6.5499,0.1722,0.2261,14.6098,0.3819,12.1491,8.2864,-2.6079,4.4010,-12.0952,14.3677,5.0442,10.6007,5.0782,6.7484,5.0101,0.7876,-3.3045,-7.0200,-7.3203,18.6355,-7.2995,1.3132,1.7958,10.8777,-2.8446,-2.2007,-4.3314,-1.9402,-0.0508,2.2818,-0.2420,1.6821,10.0275,6.6023,-5.4130,-13.6483,5.6760,2.4779,-0.7528
-9.2319,-5.1898,8.2677,-0.4705,2.2921,7.9448,4.9728,-13.5677,-6.3975,-1.9677,-1.8598,-1.5317,6.6123,3.1986,2.7091,6.4218,-0.8079,-2.4212,-2.0449,-4.5425,7.9368,12.0000,0.5128,-2.7217,0.1785,-9.7820,4.7605,5.0783,4.0252,2.3409,2.3741,-8.2072,-17.2404,-0.1860,13.9344,-3.0179,-4.1634,17.3173,-0.7607,-9.7224,-8.4957,1.0384,7.7243,-2.9099,-6.2991,6.8393,-6.6675,7.8992,3.9121,1.6253,-7.4505,-11.8914,-5.0953,0.9905,-1.6882,-4.8955,7.8399,18.5079,-4.4182,-11.9240,1.9535,12.1919,-4.3561,10.3880,0.2386,-7.5853,-15.9971,2.2239,7.3346,13.4409,-10.6997,-0.6092,-6.4085,8.9474,4.8900,1.2798,-4.9947,-10.2648,-1.3529,-5.0824,-9.3322,2.4314,-0.0912,-3.1070,-1.8068,-6.1216,3.2350,10.9385,5.1116,-2.8641,12.0579,0.4062,8.3504,-4.9937,5.9892,-2.1767,-8.7631,-6.1554,-5.0550,-1.1087,3.5971,-6.5774,-7.5109,-14.0562,-0.1646,7.1194,-6.7916,-2.6060,7.8983,0.9787,-3.6716,6.4475,4.9466,-4.5837,7.3951,-6.8927,4.3592,2.2130,-5.3177,0.1242,8.2815,-4.2534,-3.9551,-2.8673,-3.7693,-11.7530,1.4533,-0.3393,-7.3237,-9.0884,-9.4507,-2.4987,8.6552,0.7138,-8.4078,-1.5070,-4.3163,-4.8458,3.2889,0.0509,-6.8116,0.5313,-8.9403,10.9719,-0.0432,6.8665,-2.2354,12.6763,3.3549,-8.8365,-2.5772,8.0362,-9.9111,11.1761,-10.7885,0.0198,6.7249,-1.6693,-0.1886,-3.0301,-4.4749,4.3432,-13.1382,4.9393,1.0225,-7.4844,-2.0631,10.4359,4.0666,6.0357,-7.4185,10.8722,-6.4989,-7.5047,4.7171,-15.5257,10.0167,4.1042,-6.2521,3.1805,3.9871,8.5687,-0.5796,3.3771,2.6543,3.6234,4.1309,-2.0565,14.5891,5.9735,-11.5193,-5.9882,-5.9617,12.4986,5.1507,-1.9536,5.1895,-2.1605,-6.9481,-6.7469,7.5044,-16.2580,-1.7763,1.0071,-1.3481,3.3713,-14.6772,-0.8154,-2.0339,5.0204,6.4877,-5.4418,-13.0589,5.2748,-1.3332,-1.4805,-14.5288,-0.7606,-9.0435,1.7108,2.8869,3.6347,-0.6786,-12.2307,-6.9052,-13.5502,3.8172,12.6634,4.3195,12.7185,10.4156,4.7314,8.8682,-6.0110,-4.5886,-9.5744,12.7004,-15.1610,-4.6085,0.9216,-5.8506,-11.6882,6.1979,2.5910,-2.7920,-5.6582,-10.9808,-7.0087,-1.5882,14.4896,6.7446,7.0634,-0.6987,2.2781,0.6353,13.1763
-8.6095,0.8304,0.9549,-9.5247,16.4362,21.6523,18.2159,-15.6966,-20.1034,11.8826,-11.8477,-3.8521,-2.0413,-0.6790,0.3257,14.3084,-4.2086,-8.4162,-5.2357,6.0144,24.2555,-0.2786,-0.5739,-11.0403,17.3486,-5.0607,-0.7483,-1.1964,2.3392,-0.3572,31.1376,3.6905,-15.4839,-8.2204,15.0555,3.0969,2.8406,26.1713,5.8341,-14.4528,7.8530,-0.3695,4.7045,3.4884,-6.9248,6.8730,11.3151,7.5369,12.0506,8.0704,-7.5505,-12.4783,0.8542,4.5567,-4.2456,-7.5040,5.8578,20.6948,-7.4115,-13.6850,0.3220,12.0177,0.3680,5.1637,-5.4539,11.7673,-9.6933,-12.1547,8.4357,14.4982,-0.9729,6.6020,1.1271,6.3802,-14.2023,8.1020,-8.1664,-11.0854,0.7432,-11.0535,-10.5876,10.2347,2.9333,-13.0239,2.4861,-6.7897,-7.0337,5.3557,-11.0996,-4.6061,17.2020,11.0564,-2.2998,-5.7746,2.7860,14.1932,1.4962,-13.3356,-12.4826,-15.1512,-2.1943,-5.4571,-5.5241,-3.5465,-13.6800,1.7612,-1.6949,-3.5146,15.4771,2.0671,3.9606,6.6361,-9.5640,-1.9505,1.7493,-13.7042,2.2433,-0.9883,-5.5461,16.0659,11.7501,9.2561,-7.6512,0.9113,-0.7471,-9.4941,6.3773,11.4678,-4.8313,-12.0921,-16.3622,-16.6522,16.0307,3.3778,6.1988,12.0406,3.7303,-5.7788,11.5141,2.2383,0.2841,-15.9438,-3.7228,11.9864,-6.5501,13.2866,5.2246,1.4982,7.9120,-4.4933,1.8381,5.4017,-15.8869,12.1476,-2.5640,-2.9478,-0.5590,2.6302,-9.4707,-6.8475,5.1578,4.3832,5.0046,-7.3928,18.4434,-5.0371,-8.3249,18.3115,-24.5315,1.6232,0.7240,15.6829,0.5438,-6.0476,0.0408,-12.0572,2.7058,1.0543,-5.5695,16.4998,-8.4069,4.7538,-20.6266,-3.1807,28.9486,-7.6145,8.5895,2.6011,19.3708,8.4135,-11.2768,-10.4331,-25.4592,8.4910,-9.5661,-20.1117,0.0819,14.3436,-6.5148,-14.6462,2.8722,-29.7436,11.1972,7.1211,-4.2087,24.9628,-18.3732,2.9024,8.0928,2.3969,0.4053,-14.2132,-18.7434,13.9707,-4.5899,9.0561,-17.1957,-3.1812,-14.5660,16.7270,9.2881,12.5112,10.2866,-9.1750,-9.3856,-22.5205,12.0122,3.4390,8.0777,4.7727,14.3768,-6.7198,2.2381,-7.2880,-2.0927,-19.0247,19.1128,-17.3557,1.9400,-5.0774,-6.1999,-24.0214,12.6017,-0.9131,-11.1234,-6.1799,-17.3901,-6.9563,-14.4517,14.4503,3.3082,-1.3434,-7.1902,10.2802,-2.4292,26.5973
-7.8128,-13.3023,18.6339,-0.9628,4.2231,11.8714,-4.0547,0.1745,11.8205,11.5835,1.4136,8.5117,-8.9060,3.7218,1.5335,-5.7172,-15.2107,2.6822,2.0574,-2.9301,11.6871,2.9323,-0.6217,-9.8231,-12.0008,10.7227,11.4539,11.6992,10.2522,-9.0445,25.6705,10.4730,-7.1448,-18.0777,4.2190,1.0840,6.7621,32.2667,-8.6548,5.2628,-5.4180,5.7298,18.2484,-2.6666,-16.1995,-1.6750,7.4405,-5.3581,0.2877,10.3272,-12.7138,-1.3136,-5.9078,-5.1600,-6.5798,-9.2041,-2.6968,0.5242,-4.6753,-16.2255,7.9333,6.7504,3.7890,15.5766,-11.8482,9.5982,-18.3026,-1.3078,-8.5766,-8.3961,6.8009,-4.4947,-15.6607,-4.1968,6.0141,27.7264,0.6126,5.8238,4.1825,0.1692,-7.5324,11.2042,5.1360,11.7195,-1.5728,-3.3291,18.4301,17.3933,-11.3654,9.5508,5.5260,1.6613,14.1317,-1.0511,21.9063,-5.3674,-3.8123,12.1207,-7.1653,-4.3905,-6.9166,9.9814,7.1195,-14.9050,-14.0852,-20.3139,-4.9294,-12.2839,19.1247,2.1988,16.9660,0.3876,-3.4761,1.4854,-0.1208,2.5860,-1.5073,-1.7636,1.1141,9.8705,6.1836,-3.6433,9.9277,2.9109,-3.1352,9.2951,16.8692,4.0453,-3.3684,-11.3354,-8.2584,-22.7067,6.8032,-11.5586,-11.2256,-6.9914,-1.6445,0.7284,4.3200,-14.3367,-3.8898,-12.9754,2.1517,-4.4244,-13.9513,-1.0594,0.3429,2.0172,-5.6418,-18.0553,14.2555,-5.1064,1.9572,6.5266,-20.5314,-8.6477,6.9006,11.5436,10.5369,3.0739,-11.6491,3.2720,3.5873,3.4139,27.6155,-8.7784,1.3946,7.7927,-4.9178,3.4788,-4.7813,16.9343,4.3007,10.5151,0.2544,3.6857,7.9570,-1.6928,-18.0271,-0.5023,-11.5373,8.1668,-17.5152,11.1331,17.2789,-3.2555,-8.8958,12.6800,-14.2695,14.0660,4.8335,9.5505,-11.3925,-14.9981,5.2254,-20.7651,-11.6546,3.1102,-15.3057,-14.1828,-20.8898,-4.9681,3.4083,-8.8687,12.4611,8.5684,1.5127,1.9591,-0.1182,14.0262,-4.6134,8.3113,-10.8247,-0.8221,12.6770,-11.2076,-9.9028,-0.5383,1.1122,17.8039,3.6185,-11.3692,14.8500,3.1567,-26.3486,-17.5226,22.8028,4.9394,3.0791,15.1703,20.3534,11.8430,12.9211,-25.8876,7.7311,-4.2624,-3.2556,-7.3581,1.3448,-13.4977,-6.0067,-7.8488,9.6638,5.9126,12.2918,-12.8813,-34.3879,-12.6546,6.2252,17.6564,4.1925,-8.4097,4.2339,-12.8333,5.4773,-0.1053
-7.8128,-13.3023,18.6339,-0.9628,4.2231,11.8714,-4.0547,0.1745,11.8205,11.5835,1.4136,8.5117,-8.9060,3.7218,1.5335,-5.7172,-15.2107,2.6822,2.0574,-2.9301,11.6871,2.9323,-0.6217,-9.8231,-12.0008,10.7227,11.4539,11.6992,10.2522,-9.0445,25.6705,10.4730,-7.1448,-18.0777,4.2190,1.0840,6.7621,32.2667,-8.6548,5.2628,-5.4180,5.7298,18.2484,-2.6666,-16.1995,-1.6750,7.4405,-5.3581,0.2877,10.3272,-12.7138,-1.3136,-5.9078,-5.1600,-6.5798,-9.2041,-2.6968,0.5242,-4.6753,-16.2255,7.9333,6.7504,3.7890,15.5766,-11.8482,9.5982,-18.3026,-1.3078,-8.5766,-8.3961,6.8009,-4.4947,-15.6607,-4.1968,6.0141,27.7264,0.6126,5.8238,4.1825,0.1692,-7.5324,11.2042,5.1360,11.7195,-1.5728,-3.3291,18.4301,17.3933,-11.3654,9.5508,5.5260,1.6613,14.1317,-1.0511,21.9063,-5.3674,-3.8123,12.1207,-7.1653,-4.3905,-6.9166,9.9814,7.1195,-14.9050,-14.0852,-20.3139,-4.9294,-12.2839,19.1247,2.1988,16.9660,0.3876,-3.4761,1.4855,-0.1208,2.5860,-1.5073,-1.7636,1.1141,9.8705,6.1836,-3.6433,9.9277,2.9109,-3.1352,9.2951,16.8692,4.0453,-3.3684,-11.3354,-8.2584,-22.7067,6.8032,-11.5586,-11.2256,-6.9914,-1.6445,0.7284,4.3200,-14.3367,-3.8898,-12.9754,2.1517,-4.4244,-13.9513,-1.0594,0.3429,2.0172,-5.6418,-18.0553,14.2555,-5.1064,1.9572,6.5266,-20.5314,-8.6477,6.9006,11.5436,10.5369,3.0739,-11.6491,3.2720,3.5873,3.4139,27.6155,-8.7784,1.3946,7.7927,-4.9178,3.4787,-4.7813,16.9343,4.3007,10.5151,0.2544,3.6857,7.9570,-1.6928,-18.0271,-0.5023,-11.5373,8.1668,-17.5152,11.1331,17.2789,-3.2555,-8.8958,12.6800,-14.2695,14.0660,4.8335,9.5505,-11.3925,-14.9981,5.2254,-20.7651,-11.6546,3.1102,-15.3057,-14.1828,-20.8898,-4.9681,3.4083,-8.8687,12.4611,8.5684,1.5127,1.9591,-0.1182,14.0262,-4.6134,8.3113,-10.8247,-0.8221,12.6770,-11.2076,-9.9028,-0.5383,1.1122,17.8039,3.6185,-11.3692,14.8500,3.1567,-26.3486,-17.5226,22.8028,4.9394,3.0791,15.1703,20.3534,11.8430,12.9211,-25.8876,7.7311,-4.2624,-3.2556,-7.3581,1.3448,-13.4977,-6.0067,-7.8488,9.6638,5.9126,12.2918,-12.8813,-34.3879,-12.6546,6.2252,17.6564,4.1925,-8.4097,4.2339,-12.8333,5.4773,-0.1053
-7.8128,-13.3023,18.6339,-0.9628,4.2231,11.8714,-4.0547,0.1745,11.8205,11.5835,1.4136,8.5117,-8.9060,3.7218,1.5335,-5.7172,-15.2107,2.6822,2.0574,-2.9301,11.6871,2.9323,-0.6217,-9.8231,-12.0008,10.7227,11.4539,11.6992,10.2522,-9.0445,25.6705,10.4730,-7.1448,-18.0777,4.2190,1.0840,6.7621,32.2667,-8.6548,5.2628,-5.4180,5.7298,18.2484,-2.6666,-16.1995,-1.6750,7.4405,-5.3581,0.2877,10.3272,-12.7138,-1.3136,-5.9078,-5.1600,-6.5798,-9.2041,-2.6968,0.5242,-4.6753,-16.2255,7.9333,6.7504,3.7890,15.5766,-11.8482,9.5982,-18.3026,-1.3078,-8.5766,-8.3961,6.8009,-4.4947,-15.6607,-4.1968,6.0141,27.7264,0.6126,5.8238,4.1825,0.1692,-7.5324,11.2042,5.1360,11.7195,-1.5728,-3.3291,18.4301,17.3933,-11.3654,9.5508,5.5260,1.6613,14.1317,-1.0511,21.9063,-5.3674,-3.8123,12.1207,-7.1653,-4.3905,-6.9166,9.9814,7.1195,-14.9050,-14.0852,-20.3139,-4.9294,-12.2839,19.1247,2.1988,16.9660,0.3876,-3.4761,1.4855,-0.1208,2.5860,-1.5073,-1.7636,1.1141,9.8705,6.1836,-3.6433,9.9277,2.9109,-3.1352,9.2951,16.8692,4.0453,-3.3684,-11.3354,-8.2584,-22.7067,6.8032,-11.5586,-11.2256,-6.9914,-1.6445,0.7284,4.3200,-14.3367,-3.8898,-12.9754,2.1517,-4.4244,-13.9513,-1.0594,0.3429,2.0172,-5.6418,-18.0553,14.2555,-5.1064,1.9572,6.5266,-20.5314,-8.6477,6.9006,11.5436,10.5369,3.0739,-11.6491,3.2720,3.5873,3.4139,27.6155,-8.7784,1.3946,7.7927,-4.9178,3.4788,-4.7813,16.9343,4.3007,10.5151,0.2544,3.6857,7.9570,-1.6928,-18.0271,-0.5023,-11.5373,8.1668,-17.5152,11.1331,17.2789,-3.2555,-8.8958,12.6800,-14.2695,14.0660,4.8335,9.5505,-11.3925,-14.9981,5.2254,-20.7651,-11.6546,3.1102,-15.3057,-14.1828,-20.8898,-4.9681,3.4083,-8.8687,12.4611,8.5684,1.5127,1.9591,-0.1182,14.0262,-4.6134,8.3113,-10.8247,-0.8221,12.6770,-11.2076,-9.9028,-0.5383,1.1122,17.8039,3.6185,-11.3692,14.8500,3.1567,-26.3486,-17.5226,22.8028,4.9394,3.0791,15.1703,20.3534,11.8430,12.9211,-25.8876,7.7311,-4.2624,-3.2556,-7.3581,1.3448,-13.4977,-6.0067,-7.8488,9.6638,5.9126,12.2918,-12.8813,-34.3879,-12.6546,6.2252,17.6564,4.1925,-8.4097,4.2339,-12.8333,5.4773,-0.1053
-7.8128,-13.3023,18.6339,-0.9628,4.2231,11.8714,-4.0547,0.1745,11.8205,11.5835,1.4136,8.5117,-8.9060,3.7218,1.5335,-5.7172,-15.2107,2.6822,2.0574,-2.9301,11.6871,2.9323,-0.6217,-9.8231,-12.0008,10.7227,11.4539,11.6992,10.2522,-9.0445,25.6705,10.4730,-7.1448,-18.0777,4.2190,1.0840,6.7621,32.2667,-8.6548,5.2628,-5.4180,5.7298,18.2484,-2.6666,-16.1995,-1.6750,7.4405,-5.3581,0.2877,10.3272,-12.7138,-1.3136,-5.9078,-5.1600,-6.5798,-9.2041,-2.6968,0.5242,-4.6753,-16.2255,7.9333,6.7504,3.7890,15.5766,-11.8482,9.5982,-18.3026,-1.3078,-8.5766,-8.3961,6.8009,-4.4947,-15.6607,-4.1968,6.0141,27.7264,0.6126,5.8238,4.1825,0.1692,-7.5324,11.2042,5.1360,11.7195,-1.5728,-3.3291,18.4301,17.3933,-11.3653,9.5508,5.5260,1.6613,14.1317,-1.0511,21.9063,-5.3674,-3.8123,12.1207,-7.1653,-4.3905,-6.9166,9.9814,7.1195,-14.9050,-14.0852,-20.3139,-4.9294,-12.2839,19.1247,2.1988,16.9660,0.3876,-3.4761,1.4854,-0.1208,2.5860,-1.5073,-1.7636,1.1141,9.8705,6.1836,-3.6433,9.9277,2.9109,-3.1352,9.2951,16.8692,4.0453,-3.3684,-11.3354,-8.2584,-22.7067,6.8032,-11.5586,-11.2256,-6.9914,-1.6445,0.7284,4.3200,-14.3367,-3.8898,-12.9754,2.1517,-4.4244,-13.9513,-1.0594,0.3429,2.0172,-5.6418,-18.0553,14.2555,-5.1064,1.9572,6.5266,-20.5314,-8.6477,6.9006,11.5436,10.5369,3.0739,-11.6491,3.2720,3.5873,3.4139,27.6155,-8.7784,1.3946,7.7927,-4.9178,3.4788,-4.7813,16.9343,4.3007,10.5151,0.2544,3.6857,7.9570,-1.6928,-18.0271,-0.5023,-11.5373,8.1668,-17.5152,11.1331,17.2789,-3.2555,-8.8958,12.6800,-14.2695,14.0660,4.8335,9.5505,-11.3925,-14.9981,5.2254,-20.7651,-11.6546,3.1102,-15.3057,-14.1828,-20.8898,-4.9681,3.4083,-8.8687,12.4611,8.5684,1.5127,1.9591,-0.1182,14.0262,-4.6134,8.3113,-10.8247,-0.8221,12.6770,-11.2076,-9.9028,-0.5383,1.1122,17.8039,3.6185,-11.3692,14.8500,3.1567,-26.3486,-17.5226,22.8028,4.9394,3.0791,15.1703,20.3534,11.8430,12.9211,-25.8876,7.7311,-4.2624,-3.2556,-7.3581,1.3448,-13.4977,-6.0067,-7.8488,9.6638,5.9126,12.2918,-12.8813,-34.3879,-12.6546,6.2252,17.6564,4.1925,-8.4097,4.2339,-12.8333,5.4773,-0.1053
-7.8128,-13.3023,18.6339,-0.9628,4.2231,11.8714,-4.0547,0.1745,11.8205,11.5835,1.4136,8.5117,-8.9060,3.7218,1.5335,-5.7172,-15.2107,2.6822,2.0574,-2.9301,11.6871,2.9323,-0.6217,-9.8231,-12.0008,10.7227,11.4539,11.6992,10.2522,-9.0445,25.6705,10.4730,-7.1448,-18.0777,4.2190,1.0840,6.7621,32.2667,-8.6548,5.2628,-5.4180,5.7298,18.2484,-2.6666,-16.1995,-1.6750,7.4405,-5.3581,0.2877,10.3272,-12.7138,-1.3136,-5.9078,-5.1600,-6.5798,-9.2041,-2.6968,0.5243,-4.6753,-16.2255,7.9333,6.7504,3.7890,15.5766,-11.8482,9.5982,-18.3026,-1.3078,-8.5766,-8.3961,6.8009,-4.4947,-15.6607,-4.1968,6.0141,27.7264,0.6126,5.8238,4.1825,0.1692,-7.5324,11.2042,5.1360,11.7195,-1.5728,-3.3291,18.4301,17.3933,-11.3654,9.5508,5.5260,1.6613,14.1317,-1.0511,21.9063,-5.3674,-3.8123,12.1207,-7.1653,-4.3905,-6.9166,9.9814,7.1195,-14.9050,-14.0852,-20.3139,-4.9294,-12.2839,19.1247,2.1988,16.9660,0.3876,-3.4761,1.4854,-0.1208,2.5860,-1.5073,-1.7636,1.1141,9.8705,6.1836,-3.6433,9.9277,2.9109,-3.1352,9.2951,16.8692,4.0453,-3.3684,-11.3354,-8.2584,-22.7067,6.8032,-11.5586,-11.2256,-6.9914,-1.6445,0.7284,4.3200,-14.3367,-3.8898,-12.9754,2.1517,-4.4244,-13.9513,-1.0594,0.3429,2.0172,-5.6418,-18.0553,14.2555,-5.1064,1.9572,6.5266,-20.5314,-8.6477,6.9006,11.5436,10.5369,3.0739,-11.6491,3.2720,3.5873,3.4139,27.6155,-8.7784,1.3946,7.7927,-4.9178,3.4787,-4.7813,16.9343,4.3007,10.5151,0.2544,3.6857,7.9570,-1.6928,-18.0271,-0.5023,-11.5373,8.1668,-17.5152,11.1331,17.2789,-3.2555,-8.8958,12.6800,-14.2695,14.0660,4.8335,9.5505,-11.3925,-14.9981,5.2254,-20.7651,-11.6546,3.1102,-15.3057,-14.1828,-20.8898,-4.9681,3.4083,-8.8687,12.4611,8.5684,1.5127,1.9591,-0.1182,14.0262,-4.6134,8.3113,-10.8247,-0.8221,12.6770,-11.2076,-9.9028,-0.5383,1.1122,17.8039,3.6185,-11.3692,14.8500,3.1567,-26.3486,-17.5226,22.8028,4.9394,3.0791,15.1703,20.3534,11.8430,12.9211,-25.8876,7.7311,-4.2624,-3.2556,-7.3581,1.3448,-13.4977,-6.0067,-7.8488,9.6638,5.9126,12.2918,-12.8813,-34.3879,-12.6546,6.2252,17.6564,4.1925,-8.4097,4.2339,-12.8333,5.4773,-0.1053
-7.8128,-13.3023,18.6339,-0.9628,4.2231,11.8714,-4.0547,0.1745,11.8205,11.5835,1.4136,8.5117,-8.9060,3.7218,1.5335,-5.7172,-15.2107,2.6822,2.0574,-2.9301,11.6871,2.9323,-0.6217,-9.8231,-12.0008,10.7227,11.4539,11.6992,10.2522,-9.0445,25.6705,10.4730,-7.1448,-18.0777,4.2190,1.0840,6.7621,32.2667,-8.6548,5.2628,-5.4180,5.7298,18.2484,-2.6666,-16.1995,-1.6750,7.4405,-5.3581,0.2877,10.3272,-12.7138,-1.3136,-5.9078,-5.1600,-6.5798,-9.2041,-2.6968,0.5243,-4.6753,-16.2255,7.9333,6.7504,3.7890,15.5766,-11.8482,9.5982,-18.3026,-1.3078,-8.5766,-8.3961,6.8009,-4.4947,-15.6607,-4.1968,6.0141,27.7264,0.6126,5.8238,4.1825,0.1692,-7.5324,11.2042,5.1360,11.7195,-1.5728,-3.3291,18.4301,17.3933,-11.3654,9.5508,5.5260,1.6613,14.1317,-1.0511,21.9063,-5.3674,-3.8123,12.1207,-7.1653,-4.3905,-6.9166,9.9814,7.1195,-14.9050,-14.0852,-20.3139,-4.9294,-12.2839,19.1247,2.1988,16.9660,0.3876,-3.4761,1.4854,-0.1208,2.5860,-1.5073,-1.7636,1.1141,9.8705,6.1836,-3.6433,9.9277,2.9109,-3.1352,9.2951,16.8692,4.0453,-3.3684,-11.3354,-8.2584,-22.7067,6.8032,-11.5586,-11.2256,-6.9914,-1.6445,0.7284,4.3200,-14.3367,-3.8898,-12.9754,2.1517,-4.4244,-13.9513,-1.0594,0.3429,2.0172,-5.6418,-18.0553,14.2555,-5.1064,1.9572,6.5266,-20.5314,-8.6477,6.9006,11.5436,10.5369,3.0739,-11.6491,3.2720,3.5873,3.4139,27.6155,-8.7784,1.3946,7.7927,-4.9178,3.4788,-4.7813,16.9343,4.3007,10.5151,0.2544,3.6857,7.9570,-1.6928,-18.0271,-0.5023,-11.5373,8.1668,-17.5152,11.1331,17.2789,-3.2555,-8.8958,12.6800,-14.2695,14.0660,4.8335,9.5505,-11.3925,-14.9981,5.2254,-20.7651,-11.6546,3.1102,-15.3057,-14.1828,-20.8898,-4.9681,3.4083,-8.8687,12.4611,8.5684,1.5127,1.9591,-0.1182,14.0262,-4.6134,8.3113,-10.8247,-0.8221,12.6770,-11.2076,-9.9028,-0.5383,1.1122,17.8039,3.6185,-11.3692,14.8500,3.1567,-26.3486,-17.5226,22.8028,4.9394,3.0791,15.1703,20.3534,11.8430,12.9211,-25.8876,7.7311,-4.2624,-3.2556,-7.3581,1.3448,-13.4977,-6.0067,-7.8488,9.6638,5.9126,12.2918,-12.8813,-34.3879,-12.6546,6.2252,17.6564,4.1925,-8.4097,4.2339,-12.8333,5.4773,-0.1053
-7.8128,-13.3023,18.6339,-0.9628,4.2231,11.8714,-4.0547,0.1745,11.8205,11.5835,1.4136,8.5117,-8.9060,3.7218,1.5335,-5.7172,-15.2107,2.6822,2.0574,-2.9301,11.6871,2.9323,-0.6217,-9.8231,-12.0008,10.7227,11.4539,11.6992,10.2522,-9.0445,25.6705,10.4730,-7.1448,-18.0777,4.2190,1.0840,6.7621,32.2667,-8.6548,5.2628,-5.4180,5.7298,18.2484,-2.6666,-16.1995,-1.6750,7.4405,-5.3581,0.2877,10.3272,-12.7138,-1.3136,-5.9078,-5.1600,-6.5798,-9.2041,-2.6968,0.5243,-4.6753,-16.2255,7.9333,6.7504,3.7890,15.5766,-11.8482,9.5982,-18.3026,-1.3078,-8.5766,-8.3961,6.8009,-4.4947,-15.6607,-4.1968,6.0141,27.7264,0.6126,5.8238,4.1825,0.1692,-7.5324,11.2042,5.1360,11.7195,-1.5728,-3.3291,18.4301,17.3933,-11.3654,9.5508,5.5260,1.6613,14.1317,-1.0511,21.9063,-5.3674,-3.8123,12.1207,-7.1653,-4.3905,-6.9166,9.9814,7.1195,-14.9050,-14.0852,-20.3139,-4.9294,-12.2839,19.1247,2.1988,16.9660,0.3876,-3.4761,1.4855,-0.1208,2.5860,-1.5073,-1.7636,1.1141,9.8705,6.1836,-3.6433,9.9277,2.9109,-3.1352,9.2951,16.8692,4.0453,-3.3684,-11.3354,-8.2584,-22.7067,6.8032,-11.5586,-11.2256,-6.9914,-1.6445,0.7284,4.3200,-14.3367,-3.8898,-12.9754,2.1517,-4.4244,-13.9513,-1.0594,0.3429,2.0172,-5.6418,-18.0553,14.2555,-5.1064,1.9572,6.5266,-20.5314,-8.6477,6.9006,11.5436,10.5369,3.0739,-11.6491,3.2720,3.5873,3.4139,27.6155,-8.7784,1.3946,7.7927,-4.9178,3.4787,-4.7813,16.9343,4.3007,10.5151,0.2544,3.6857,7.9570,-1.6928,-18.0271,-0.5023,-11.5373,8.1668,-17.5152,11.1331,17.2789,-3.2555,-8.8958,12.6800,-14.2695,14.0660,4.8335,9.5505,-11.3925,-14.9981,5.2254,-20.7651,-11.6546,3.1102,-15.3057,-14.1828,-20.8898,-4.9681,3.4083,-8.8687,12.4611,8.5684,1.5127,1.9591,-0.1182,14.0262,-4.6134,8.3113,-10.8247,-0.8221,12.6770,-11.2076,-9.9028,-0.5383,1.1122,17.8039,3.6185,-11.3692,14.8500,3.1567,-26.3486,-17.5226,22.8028,4.9394,3.0791,15.1703,20.3534,11.8430,12.9211,-25.8876,7.7311,-4.2624,-3.2556,-7.3581,1.3448,-13.4977,-6.0067,-7.8488,9.6638,5.9126,12.2918,-12.8813,-34.3879,-12.6546,6.2252,17.6564,4.1925,-8.4097,4.2339,-12.8333,5.4773,-0.1053
-7.8128,-13.3023,18.6339,-0.9628,4.2231,11.8714,-4.0547,0.1745,11.8205,11.5835,1.4136,8.5117,-8.9060,3.7218,1.5335,-5.7172,-15.2107,2.6822,2.0574,-2.9301,11.6871,2.9323,-0.6217,-9.8231,-12.0008,10.7227,11.4539,11.6992,10.2522,-9.0445,25.6705,10.4730,-7.1448,-18.0777,4.2190,1.0840,6.7621,32.2667,-8.6548,5.2628,-5.4180,5.7298,18.2484,-2.6666,-16.1995,-1.6750,7.4405,-5.3581,0.2877,10.3272,-12.7138,-1.3136,-5.9078,-5.1600,-6.5798,-9.2041,-2.6968,0.5243,-4.6753,-16.2255,7.9333,6.7504,3.7890,15.5766,-11.8482,9.5982,-18.3026,-1.3078,-8.5766,-8.3961,6.8009,-4.4947,-15.6607,-4.1968,6.0141,27.7264,0.6126,5.8238,4.1825,0.1692,-7.5324,11.2042,5.1360,11.7195,-1.5728,-3.3291,18.4301,17.3933,-11.3654,9.5508,5.5260,1.6613,14.1317,-1.0511,21.9063,-5.3674,-3.8123,12.1207,-7.1653,-4.3905,-6.9166,9.9814,7.1195,-14.9050,-14.0852,-20.3139,-4.9294,-12.2839,19.1247,2.1988,16.9660,0.3876,-3.4761,1.4855,-0.1208,2.5860,-1.5073,-1.7636,1.1141,9.8705,6.1836,-3.6433,9.9277,2.9109,-3.1352,9.2951,16.8692,4.0453,-3.3684,-11.3354,-8.2584,-22.7067,6.8032,-11.5586,-11.2256,-6.9914,-1.6445,0.7284,4.3200,-14.3367,-3.8898,-12.9754,2.1517,-4.4244,-13.9513,-1.0594,0.3429,2.0172,-5.6418,-18.0553,14.2555,-5.1064,1.9572,6.5266,-20.5314,-8.6477,6.9006,11.5436,10.5369,3.0739,-11.6491,3.2720,3.5873,3.4139,27.6155,-8.7784,1.3946,7.7927,-4.9178,3.4788,-4.7813,16.9343,4.3007,10.5151,0.2544,3.6857,7.9570,-1.6928,-18.0271,-0.5023,-11.5373,8.1668,-17.5152,11.1331,17.2789,-3.2555,-8.8958,12.6800,-14.2695,14.0660,4.8335,9.5505,-11.3925,-14.9981,5.2254,-20.7651,-11.6546,3.1102,-15.3057,-14.1828,-20.8898,-4.9681,3.4083,-8.8687,12.4611,8.5684,1.5127,1.9591,-0.1182,14.0262,-4.6134,8.3113,-10.8247,-0.8221,12.6770,-11.2076,-9.9028,-0.5383,1.1122,17.8039,3.6185,-11.3692,14.8500,3.1567,-26.3486,-17.5226,22.8028,4.9394,3.0791,15.1703,20.3534,11.8430,12.9211,-25.8876,7.7311,-4.2624,-3.2556,-7.3581,1.3448,-13.4977,-6.0067,-7.8488,9.6638,5.9126,12.2918,-12.8813,-34.3879,-12.6546,6.2252,17.6564,4.1925,-8.4097,4.2339,-12.8333,5.4773,-0.1053
-7.8128,-13.3023,18.6339,-0.9628,4.2231,11.8714,-4.0547,0.1745,11.8205,11.5835,1.4136,8.5117,-8.9060,3.7218,1.5335,-5.7172,-15.2107,2.6822,2.0574,-2.9301,11.6871,2.9323,-0.6217,-9.8231,-12.0008,10.7227,11.4539,11.6992,10.2522,-9.0445,25.6705,10.4730,-7.1448,-18.0777,4.2190,1.0840,6.7621,32.2667,-8.6548,5.2628,-5.4180,5.7298,18.2484,-2.6666,-16.1995,-1.6750,7.4405,-5.3581,0.2877,10.3272,-12.7138,-1.3136,-5.9078,-5.1600,-6.5798,-9.2041,-2.6968,0.5243,-4.6753,-16.2255,7.9333,6.7504,3.7890,15.5766,-11.8482,9.5982,-18.3026,-1.3078,-8.5766,-8.3961,6.8009,-4.4947,-15.6607,-4.1968,6.0141,27.7264,0.6126,5.8238,4.1825,0.1692,-7.5324,11.2042,5.1360,11.7195,-1.5728,-3.3291,18.4301,17.3933,-11.3653,9.5508,5.5260,1.6613,14.1317,-1.0511,21.9063,-5.3674,-3.8123,12.1207,-7.1653,-4.3905,-6.9166,9.9814,7.1195,-14.9050,-14.0852,-20.3139,-4.9294,-12.2839,19.1247,2.1988,16.9660,0.3876,-3.4761,1.4854,-0.1208,2.5860,-1.5073,-1.7636,1.1141,9.8705,6.1836,-3.6433,9.9277,2.9109,-3.1352,9.2951,16.8692,4.0453,-3.3684,-11.3354,-8.2584,-22.7067,6.8032,-11.5586,-11.2256,-6.9914,-1.6445,0.7284,4.3200,-14.3367,-3.8898,-12.9754,2.1517,-4.4244,-13.9513,-1.0594,0.3429,2.0172,-5.6418,-18.0553,14.2555,-5.1064,1.9572,6.5266,-20.5314,-8.6477,6.9006,11.5436,10.5369,3.0739,-11.6491,3.2720,3.5873,3.4139,27.6155,-8.7784,1.3946,7.7927,-4.9178,3.4788,-4.7813,16.9343,4.3007,10.5151,0.2544,3.6857,7.9570,-1.6928,-18.0271,-0.5023,-11.5373,8.1668,-17.5152,11.1331,17.2789,-3.2555,-8.8958,12.6800,-14.2695,14.0660,4.8335,9.5505,-11.3925,-14.9981,5.2254,-20.7651,-11.6546,3.1102,-15.3057,-14.1828,-20.8898,-4.9681,3.4083,-8.8687,12.4611,8.5684,1.5127,1.9591,-0.1182,14.0262,-4.6134,8.3113,-10.8247,-0.8221,12.6770,-11.2076,-9.9028,-0.5383,1.1122,17.8039,3.6185,-11.3692,14.8500,3.1567,-26.3486,-17.5226,22.8028,4.9394,3.0791,15.1703,20.3534,11.8430,12.9211,-25.8876,7.7311,-4.2624,-3.2556,-7.3581,1.3448,-13.4977,-6.0067,-7.8488,9.6638,5.9126,12.2918,-12.8813,-34.3879,-12.6546,6.2252,17.6564,4.1925,-8.4097,4.2339,-12.8333,5.4773,-0.1053
-7.8128,-13.3023,18.6339,-0.9628,4.2231,11.8714,-4.0547,0.1745,11.8205,11.5835,1.4136,8.5117,-8.9060,3.7218,1.5335,-5.7172,-15.2107,2.6822,2.0574,-2.9301,11.6871,2.9323,-0.6217,-9.8231,-12.0008,10.7227,11.4539,11.6992,10.2522,-9.0445,25.6705,10.4730,-7.1448,-18.0777,4.2190,1.0840,6.7621,32.2667,-8.6548,5.2628,-5.4180,5.7298,18.2484,-2.6666,-16.1995,-1.6750,7.4405,-5.3581,0.2877,10.3272,-12.7138,-1.3136,-5.9078,-5.1600,-6.5798,-9.2041,-2.6968,0.5243,-4.6753,-16.2255,7.9333,6.7504,3.7890,15.5766,-11.8482,9.5983,-18.3026,-1.3078,-8.5766,-8.3961,6.8009,-4.4947,-15.6607,-4.1968,6.0141,27.7264,0.6126,5.8238,4.1825,0.1692,-7.5324,11.2042,5.1360,11.7195,-1.5728,-3.3291,18.4301,17.3933,-11.3654,9.5508,5.5260,1.6613,14.1317,-1.0511,21.9063,-5.3674,-3.8123,12.1207,-7.1653,-4.3905,-6.9166,9.9814,7.1195,-14.9050,-14.0852,-20.3139,-4.9294,-12.2839,19.1247,2.1988,16.9660,0.3876,-3.4761,1.4854,-0.1208,2.5860,-1.5073,-1.7636,1.1141,9.8705,6.1836,-3.6433,9.9277,2.9109,-3.1352,9.2951,16.8692,4.0453,-3.3684,-11.3354,-8.2584,-22.7067,6.8032,-11.5586,-11.2256,-6.9914,-1.6445,0.7284,4.3200,-14.3367,-3.8898,-12.9754,2.1517,-4.4244,-13.9513,-1.0594,0.3429,2.0172,-5.6418,-18.0553,14.2555,-5.1064,1.9572,6.5266,-20.5314,-8.6477,6.9006,11.5436,10.5369,3.0739,-11.6491,3.2720,3.5873,3.4139,27.6155,-8.7784,1.3946,7.7927,-4.9178,3.4787,-4.7813,16.9343,4.3007,10.5151,0.2544,3.6857,7.9570,-1.6928,-18.0271,-0.5023,-11.5373,8.1668,-17.5152,11.1331,17.2789,-3.2555,-8.8958,12.6800,-14.2695,14.0660,4.8335,9.5505,-11.3925,-14.9981,5.2254,-20.7651,-11.6546,3.1102,-15.3057,-14.1828,-20.8898,-4.9681,3.4083,-8.8687,12.4611,8.5684,1.5127,1.9591,-0.1182,14.0262,-4.6134,8.3113,-10.8247,-0.8221,12.6770,-11.2076,-9.9028,-0.5383,1.1122,17.8039,3.6185,-11.3692,14.8500,3.1567,-26.3486,-17.5226,22.8028,4.9394,3.0791,15.1703,20.3534,11.8430,12.9211,-25.8876,7.7311,-4.2624,-3.2556,-7.3581,1.3448,-13.4977,-6.0067,-7.8488,9.6638,5.9126,12.2918,-12.8813,-34.3879,-12.6546,6.2252,17.6564,4.1925,-8.4097,4.2339,-12.8333,5.4773,-0.1053
-7.8128,-13.3023,18.6339,-0.9628,4.2231,11.8714,-4.0547,0.1745,11.8205,11.5835,1.4136,8.5117,-8.9060,3.7218,1.5335,-5.7172,-15.2107,2.6822,2.0574,-2.9301,11.6871,2.9323,-0.6217,-9.8231,-12.0008,10.7227,11.4539,11.6992,10.2522,-9.0445,25.6705,10.4730,-7.1448,-18.0777,4.2190,1.0840,6.7621,32.2667,-8.6548,5.2628,-5.4180,5.7298,18.2484,-2.6666,-16.1995,-1.6750,7.4405,-5.3581,0.2877,10.3272,-12.7138,-1.3136,-5.9078,-5.1600,-6.5798,-9.2041,-2.6968,0.5243,-4.6753,-16.2255,7.9333,6.7504,3.7890,15.5766,-11.8482,9.5983,-18.3026,-1.3078,-8.5766,-8.3961,6.8009,-4.4947,-15.6607,-4.1968,6.0141,27.7264,0.6126,5.8238,4.1825,0.1692,-7.5324,11.2042,5.1360,11.7195,-1.5728,-3.3291,18.4301,17.3933,-11.3654,9.5508,5.5260,1.6613,14.1317,-1.0511,21.9063,-5.3674,-3.8123,12.1207,-7.1653,-4.3905,-6.9166,9.9814,7.1195,-14.9050,-14.0852,-20.3139,-4.9294,-12.2839,19.1247,2.1988,16.9660,0.3876,-3.4761,1.4855,-0.1208,2.5860,-1.5073,-1.7636,1.1141,9.8705,6.1836,-3.6433,9.9277,2.9109,-3.1352,9.2951,16.8692,4.0453,-3.3684,-11.3354,-8.2584,-22.7067,6.8032,-11.5586,-11.2256,-6.9914,-1.6445,0.7284,4.3200,-14.3367,-3.8898,-12.9754,2.1517,-4.4244,-13.9513,-1.0594,0.3429,2.0172,-5.6418,-18.0553,14.2555,-5.1064,1.9572,6.5266,-20.5314,-8.6477,6.9006,11.5436,10.5369,3.0739,-11.6491,3.2720,3.5873,3.4139,27.6155,-8.7784,1.3946,7.7927,-4.9178,3.4788,-4.7813,16.9343,4.3007,10.5151,0.2544,3.6857,7.9570,-1.6928,-18.0271,-0.5023,-11.5373,8.1668,-17.5152,11.1331,17.2789,-3.2555,-8.8958,12.6800,-14.2695,14.0660,4.8335,9.5505,-11.3925,-14.9981,5.2254,-20.7651,-11.6546,3.1102,-15.3057,-14.1828,-20.8898,-4.9681,3.4083,-8.8687,12.4611,8.5684,1.5127,1.9591,-0.1182,14.0262,-4.6134,8.3113,-10.8247,-0.8221,12.6770,-11.2076,-9.9028,-0.5383,1.1122,17.8039,3.6185,-11.3692,14.8500,3.1567,-26.3486,-17.5226,22.8028,4.9394,3.0791,15.1703,20.3534,11.8430,12.9211,-25.8876,7.7311,-4.2624,-3.2556,-7.3581,1.3448,-13.4977,-6.0067,-7.8488,9.6638,5.9126,12.2918,-12.8813,-34.3879,-12.6546,6.2252,17.6564,4.1925,-8.4097,4.2339,-12.8333,5.4773,-0.1053
-6.5232,-5.9558,5.9889,-0.9008,12.5639,10.6857,26.6019,7.7813,-10.5670,-0.5414,-1.3234,-0.2656,4.5869,-16.0978,-12.4757,-3.2288,7.8554,13.2304,16.9912,7.3957,5.4700,-1.8990,-0.0130,-7.1577,10.6370,-14.5649,25.5046,25.5038,-0.3066,-12.0548,10.0760,-18.2992,-37.2990,14.1849,22.2940,16.9981,-6.7050,9.7964,-17.7664,-4.5472,-9.1102,14.3303,-4.5075,-0.2688,3.0451,-4.3367,-12.1823,2.5497,5.5412,-8.1776,1.2727,-1.2411,-10.9162,8.0630,15.2069,3.6126,5.5606,22.8245,4.9219,11.0670,8.9102,0.2631,-12.8643,27.9013,-10.8041,-3.9528,-22.6268,-7.3596,7.9507,1.9930,-5.5805,5.0695,-24.4216,-8.4781,23.5589,-6.0121,-19.6317,8.6078,-7.4825,-12.8459,-2.5273,-2.2031,-5.4622,-0.6386,18.6263,-12.5807,10.9037,20.4621,-0.8359,18.8571,9.9143,14.1400,-12.8628,9.4270,10.4604,1.7029,5.0558,0.0843,10.6644,-4.1741,1.8524,9.8751,-2.3866,-2.5782,11.9397,-12.2347,-16.3616,10.7533,20.6185,-8.6808,6.6078,-2.8004,-14.1173,-15.7207,14.9861,-12.3890,-4.5092,-2.2727,-1.0237,1.6488,-8.2770,-2.0277,14.9372,-4.5476,-14.0192,-15.5352,-2.9271,-2.4606,-13.7987,1.2139,-14.8731,-29.8789,16.5687,-8.9615,-2.7035,2.9588,-3.2986,4.9208,12.2844,-12.6176,7.3665,-21.9186,-29.0480,2.5814,4.0227,-6.8142,-5.8005,-11.8375,-12.4812,-7.0377,13.2561,4.3280,0.8973,-0.8889,7.8972,-5.7737,12.1873,-3.3489,-18.7541,-9.0241,12.2357,15.7617,1.9193,7.1438,14.6112,-3.1572,10.6504,-10.2332,-14.9242,11.9021,-4.3692,6.5587,-13.0693,2.7460,8.3629,-0.9964,1.6290,-1.1380,-24.3534,2.2577,6.0001,16.3650,-5.9007,2.9941,18.4714,17.7547,0.2277,-5.7695,-9.7730,-17.7972,-11.4190,-5.8006,-3.6010,-11.5249,3.6215,-3.0436,5.8964,-9.4014,-27.5693,-15.8417,4.9050,-43.7700,0.8702,-0.4154,-15.2014,7.2832,-10.8567,-13.0694,11.3520,6.8415,-17.2364,2.0947,14.2838,-6.5080,-3.8185,-4.8867,4.9130,9.7691,-16.9098,5.1262,14.5200,1.8260,-15.1582,-3.7285,3.3130,-26.2299,22.0142,11.7964,6.4271,17.5274,-12.6351,4.7735,16.2720,0.9734,-10.9193,-30.6681,16.2775,-1.2452,10.4638,-4.3608,6.7979,-1.4799,5.2846,-13.5110,5.9683,-13.6677,-20.8745,5.8015,1.2140,0.3206,-10.3777,11.3218,-9.8047,8.9064,5.7046,15.1638
-6.5231,-5.9558,5.9889,-0.9008,12.5639,10.6857,26.6019,7.7813,-10.5670,-0.5414,-1.3234,-0.2656,4.5869,-16.0978,-12.4757,-3.2288,7.8554,13.2304,16.9912,7.3957,5.4700,-1.8990,-0.0130,-7.1577,10.6370,-14.5649,25.5046,25.5038,-0.3066,-12.0548,10.0760,-18.2992,-37.2990,14.1849,22.2940,16.9981,-6.7050,9.7964,-17.7664,-4.5472,-9.1102,14.3303,-4.5075,-0.2688,3.0451,-4.3367,-12.1823,2.5497,5.5412,-8.1776,1.2727,-1.2411,-10.9162,8.0630,15.2069,3.6126,5.5606,22.8245,4.9219,11.0670,8.9102,0.2631,-12.8643,27.9013,-10.8041,-3.9528,-22.6268,-7.3596,7.9507,1.9930,-5.5805,5.0695,-24.4216,-8.4781,23.5589,-6.0121,-19.6317,8.6078,-7.4825,-12.8459,-2.5273,-2.2031,-5.4622,-0.6386,18.6263,-12.5807,10.9037,20.4621,-0.8359,18.8571,9.9143,14.1400,-12.8628,9.4270,10.4604,1.7029,5.0558,0.0843,10.6644,-4.1741,1.8524,9.8751,-2.3866,-2.5782,11.9397,-12.2347,-16.3616,10.7533,20.6185,-8.6808,6.6078,-2.8004,-14.1173,-15.7207,14.9861,-12.3890,-4.5092,-2.2727,-1.0237,1.6488,-8.2770,-2.0277,14.9372,-4.5476,-14.0192,-15.5352,-2.9271,-2.4606,-13.7987,1.2139,-14.8731,-29.8789,16.5686,-8.9615,-2.7035,2.9588,-3.2986,4.9208,12.2844,-12.6176,7.3665,-21.9186,-29.0480,2.5814,4.0227,-6.8142,-5.8005,-11.8375,-12.4812,-7.0377,13.2561,4.3280,0.8973,-0.8889,7.8972,-5.7737,12.1873,-3.3489,-18.7541,-9.0241,12.2357,15.7617,1.9193,7.1438,14.6112,-3.1572,10.6504,-10.2332,-14.9242,11.9021,-4.3692,6.5587,-13.0693,2.7460,8.3629,-0.9964,1.6290,-1.1380,-24.3534,2.2577,6.0001,16.3650,-5.9007,2.9941,18.4714,17.7547,0.2277,-5.7695,-9.7730,-17.7972,-11.4190,-5.8006,-3.6010,-11.5249,3.6215,-3.0436,5.8964,-9.4014,-27.5693,-15.8417,4.9050,-43.7700,0.8702,-0.4154,-15.2014,7.2832,-10.8567,-13.0694,11.3520,6.8415,-17.2364,2.0947,14.2838,-6.5080,-3.8185,-4.8867,4.9130,9.7691,-16.9098,5.1262,14.5200,1.8260,-15.1582,-3.7285,3.3130,-26.2299,22.0142,11.7964,6.4271,17.5274,-12.6351,4.7735,16.2720,0.9734,-10.9193,-30.6681,16.2775,-1.2452,10.4638,-4.3608,6.7979,-1.4799,5.2846,-13.5110,5.9683,-13.6677,-20.8745,5.8015,1.2140,0.3206,-10.3777,11.3218,-9.8047,8.9064,5.7046,15.1638
-6.5231,-5.9558,5.9889,-0.9008,12.5639,10.6857,26.6019,7.7813,-10.5670,-0.5414,-1.3234,-0.2656,4.5869,-16.0978,-12.4757,-3.2288,7.8554,13.2304,16.9912,7.3957,5.4700,-1.8990,-0.0130,-7.1577,10.6370,-14.5649,25.5046,25.5038,-0.3066,-12.0548,10.0760,-18.2992,-37.2990,14.1849,22.2940,16.9981,-6.7050,9.7964,-17.7664,-4.5472,-9.1102,14.3303,-4.5075,-0.2688,3.0451,-4.3367,-12.1823,2.5497,5.5412,-8.1776,1.2727,-1.2411,-10.9162,8.0630,15.2069,3.6126,5.5606,22.8245,4.9219,11.0670,8.9102,0.2631,-12.8643,27.9013,-10.8041,-3.9528,-22.6268,-7.3596,7.9507,1.9930,-5.5805,5.0695,-24.4216,-8.4781,23.5589,-6.0121,-19.6317,8.6078,-7.4825,-12.8459,-2.5273,-2.2031,-5.4622,-0.6386,18.6263,-12.5807,10.9037,20.4621,-0.8359,18.8571,9.9143,14.1400,-12.8628,9.4270,10.4604,1.7029,5.0558,0.0843,10.6644,-4.1741,1.8524,9.8751,-2.3866,-2.5782,11.9397,-12.2347,-16.3616,10.7533,20.6185,-8.6808,6.6078,-2.8004,-14.1173,-15.7207,14.9861,-12.3890,-4.5092,-2.2727,-1.0237,1.6488,-8.2770,-2.0277,14.9372,-4.5476,-14.0192,-15.5352,-2.9271,-2.4606,-13.7987,1.2139,-14.8731,-29.8789,16.5687,-8.9615,-2.7035,2.9588,-3.2986,4.9208,12.2844,-12.6176,7.3665,-21.9186,-29.0480,2.5814,4.0227,-6.8142,-5.8005,-11.8375,-12.4812,-7.0377,13.2561,4.3280,0.8973,-0.8889,7.8972,-5.7737,12.1873,-3.3489,-18.7541,-9.0241,12.2357,15.7617,1.9193,7.1438,14.6112,-3.1572,10.6504,-10.2332,-14.9242,11.9021,-4.3692,6.5587,-13.0693,2.7460,8.3629,-0.9964,1.6290,-1.1380,-24.3534,2.2577,6.0001,16.3650,-5.9007,2.9941,18.4714,17.7547,0.2277,-5.7695,-9.7730,-17.7972,-11.4190,-5.8006,-3.6010,-11.5249,3.6215,-3.0436,5.8964,-9.4014,-27.5693,-15.8417,4.9050,-43.7700,0.8702,-0.4154,-15.2014,7.2832,-10.8567,-13.0694,11.3520,6.8415,-17.2364,2.0947,14.2838,-6.5080,-3.8185,-4.8867,4.9130,9.7691,-16.9098,5.1262,14.5200,1.8260,-15.1582,-3.7285,3.3130,-26.2299,22.0142,11.7964,6.4271,17.5274,-12.6351,4.7735,16.2720,0.9734,-10.9193,-30.6681,16.2775,-1.2452,10.4638,-4.3608,6.7979,-1.4799,5.2846,-13.5110,5.9683,-13.6677,-20.8745,5.8015,1.2140,0.3206,-10.3777,11.3218,-9.8047,8.9064,5.7046,15.1638
-6.5231,-5.9558,5.9889,-0.9008,12.5639,10.6857,26.6019,7.7813,-10.5670,-0.5414,-1.3234,-0.2656,4.5869,-16.0978,-12.4757,-3.2288,7.8554,13.2304,16.9912,7.3957,5.4700,-1.8990,-0.0130,-7.1577,10.6370,-14.5649,25.5046,25.5038,-0.3066,-12.0548,10.0760,-18.2992,-37.2990,14.1849,22.2940,16.9981,-6.7050,9.7964,-17.7664,-4.5472,-9.1102,14.3303,-4.5075,-0.2688,3.0451,-4.3367,-12.1823,2.5497,5.5412,-8.1776,1.2727,-1.2411,-10.9162,8.0630,15.2069,3.6126,5.5606,22.8245,4.9219,11.0670,8.9102,0.2631,-12.8643,27.9013,-10.8041,-3.9528,-22.6268,-7.3596,7.9507,1.9930,-5.5805,5.0695,-24.4216,-8.4781,23.5589,-6.0121,-19.6317,8.6078,-7.4825,-12.8459,-2.5273,-2.2031,-5.4622,-0.6386,18.6263,-12.5807,10.9037,20.4621,-0.8359,18.8571,9.9143,14.1400,-12.8628,9.4270,10.4604,1.7029,5.0558,0.0843,10.6644,-4.1741,1.8524,9.8751,-2.3866,-2.5782,11.9397,-12.2347,-16.3616,10.7533,20.6186,-8.6808,6.6078,-2.8004,-14.1173,-15.7207,14.9861,-12.3890,-4.5092,-2.2727,-1.0237,1.6488,-8.2770,-2.0277,14.9372,-4.5476,-14.0192,-15.5352,-2.9271,-2.4606,-13.7987,1.2139,-14.8731,-29.8789,16.5686,-8.9615,-2.7035,2.9588,-3.2986,4.9208,12.2844,-12.6176,7.3665,-21.9186,-29.0480,2.5814,4.0227,-6.8142,-5.8005,-11.8375,-12.4812,-7.0377,13.2561,4.3280,0.8973,-0.8889,7.8972,-5.7737,12.1873,-3.3489,-18.7541,-9.0241,12.2357,15.7617,1.9193,7.1438,14.6112,-3.1572,10.6504,-10.2332,-14.9242,11.9021,-4.3692,6.5587,-13.0693,2.7460,8.3629,-0.9964,1.6290,-1.1380,-24.3534,2.2577,6.0001,16.3650,-5.9007,2.9941,18.4714,17.7547,0.2277,-5.7695,-9.7730,-17.7972,-11.4190,-5.8006,-3.6010,-11.5249,3.6215,-3.0436,5.8964,-9.4014,-27.5693,-15.8417,4.9050,-43.7700,0.8702,-0.4154,-15.2014,7.2832,-10.8567,-13.0694,11.3520,6.8415,-17.2364,2.0947,14.2838,-6.5080,-3.8185,-4.8867,4.9130,9.7691,-16.9098,5.1262,14.5200,1.8260,-15.1582,-3.7285,3.3130,-26.2299,22.0142,11.7964,6.4271,17.5274,-12.6351,4.7735,16.2720,0.9734,-10.9193,-30.6681,16.2775,-1.2452,10.4638,-4.3608,6.7979,-1.4799,5.2846,-13.5110,5.9683,-13.6677,-20.8745,5.8015,1.2140,0.3206,-10.3777,11.3218,-9.8047,8.9064,5.7046,15.1638
-6.5231,-5.9558,5.9889,-0.9008,12.5639,10.6857,26.6019,7.7813,-10.5670,-0.5414,-1.3234,-0.2656,4.5869,-16.0978,-12.4757,-3.2288,7.8554,13.2304,16.9912,7.3957,5.4700,-1.8990,-0.0130,-7.1577,10.6370,-14.5649,25.5046,25.5038,-0.3066,-12.0548,10.0760,-18.2992,-37.2990,14.1849,22.2940,16.9981,-6.7050,9.7964,-17.7664,-4.5472,-9.1102,14.3303,-4.5075,-0.2688,3.0451,-4.3367,-12.1823,2.5497,5.5412,-8.1776,1.2727,-1.2411,-10.9162,8.0630,15.2069,3.6126,5.5606,22.8245,4.9219,11.0670,8.9102,0.2631,-12.8643,27.9013,-10.8041,-3.9528,-22.6268,-7.3596,7.9507,1.9930,-5.5805,5.0695,-24.4216,-8.4781,23.5589,-6.0121,-19.6317,8.6078,-7.4825,-12.8459,-2.5273,-2.2031,-5.4622,-0.6386,18.6263,-12.5807,10.9037,20.4621,-0.8359,18.8571,9.9143,14.1400,-12.8628,9.4270,10.4604,1.7029,5.0558,0.0843,10.6644,-4.1741,1.8524,9.8751,-2.3866,-2.5782,11.9397,-12.2347,-16.3616,10.7533,20.6186,-8.6808,6.6078,-2.8004,-14.1173,-15.7207,14.9861,-12.3890,-4.5092,-2.2727,-1.0237,1.6488,-8.2770,-2.0277,14.9372,-4.5476,-14.0192,-15.5352,-2.9271,-2.4606,-13.7987,1.2139,-14.8731,-29.8789,16.5687,-8.9615,-2.7035,2.9588,-3.2986,4.9208,12.2844,-12.6176,7.3665,-21.9186,-29.0480,2.5814,4.0227,-6.8142,-5.8005,-11.8375,-12.4812,-7.0377,13.2561,4.3280,0.8973,-0.8889,7.8972,-5.7737,12.1873,-3.3489,-18.7541,-9.0241,12.2357,15.7617,1.9193,7.1438,14.6112,-3.1572,10.6504,-10.2332,-14.9242,11.9021,-4.3692,6.5587,-13.0693,2.7460,8.3629,-0.9964,1.6290,-1.1380,-24.3534,2.2577,6.0001,16.3650,-5.9007,2.9941,18.4714,17.7547,0.2277,-5.7695,-9.7730,-17.7972,-11.4190,-5.8006,-3.6010,-11.5249,3.6215,-3.0436,5.8964,-9.4014,-27.5693,-15.8417,4.9050,-43.7700,0.8702,-0.4154,-15.2014,7.2832,-10.8567,-13.0694,11.3520,6.8415,-17.2364,2.0947,14.2838,-6.5080,-3.8185,-4.8867,4.9130,9.7691,-16.9098,5.1262,14.5200,1.8260,-15.1582,-3.7285,3.3130,-26.2299,22.0142,11.7964,6.4271,17.5274,-12.6351,4.7735,16.2720,0.9734,-10.9193,-30.6681,16.2775,-1.2452,10.4638,-4.3608,6.7979,-1.4799,5.2846,-13.5110,5.9683,-13.6677,-20.8745,5.8015,1.2140,0.3206,-10.3777,11.3218,-9.8047,8.9064,5.7046,15.1638
-6.5125,-6.7155,0.1825,1.7364,5.9021,4.8438,7.1263,-6.9360,-10.8019,-3.9023,4.4071,-0.6605,-9.9900,-2.3656,-9.2641,-5.1180,-6.3563,1.5099,-0.8794,-0.3543,12.3279,8.0547,1.1193,1.8396,3.9146,-1.3190,13.8365,-6.3559,3.8504,-4.5378,13.2357,-1.2508,-4.1729,-9.3524,3.5375,9.0900,-0.6532,27.3832,6.4178,3.9135,-10.0222,0.2612,16.1843,-9.5076,-0.2981,-10.8865,-3.6038,13.2159,-3.3163,-4.7525,2.4403,-3.3666,3.6470,-10.0207,6.7730,0.3824,1.9943,18.3216,-2.7575,-10.1741,-10.3971,1.5736,0.5054,0.8188,-4.3435,0.9290,-15.9500,-1.8404,7.7867,5.2216,1.7967,10.5026,-4.6327,2.2850,6.2260,3.5899,-5.5214,-7.4099,-0.3712,-10.1734,-6.9363,2.5045,1.5295,1.7847,-7.9315,11.9699,-2.6280,13.0931,-0.2653,1.8424,0.4691,-2.8525,-4.6539,-8.2979,9.9309,5.1098,-0.1375,2.7780,-1.4035,6.4046,2.6051,-3.3894,-0.0793,-3.9579,8.4328,6.5552,0.0528,-4.5575,9.3108,-1.5574,-8.2524,-0.6676,-0.8694,6.4018,-1.7626,5.1552,1.3950,11.0730,-5.7220,14.2436,3.3779,4.6832,0.0059,3.7520,3.4879,1.4886,1.2443,1.9640,-11.4602,4.0916,-8.9151,-20.9889,-7.6321,-2.1826,-1.6647,5.3682,10.8114,14.2216,11.4384,0.1861,0.3605,-5.5388,-6.6294,-5.6910,-9.7006,-1.6075,-8.7956,-2.7019,2.7658,-0.4365,-3.9796,-1.9771,0.0410,-5.6285,-5.9581,-5.6563,3.1136,8.0874,10.3091,2.6891,3.9754,11.1872,5.0402,6.6061,9.2848,-7.7544,1.5348,3.5369,-13.5338,9.7125,-5.4101,10.1001,4.4469,-5.9724,-13.0687,-2.9784,-4.9888,4.6418,-4.4021,-0.5892,-10.2026,10.9815,-13.6696,1.1342,-1.1644,-6.0851,0.7056,-1.5429,6.7131,7.4416,2.4390,0.2641,-10.4136,1.5460,-3.6605,-11.0591,-2.1584,0.6230,-9.2617,-12.4561,-2.6657,-5.6639,17.7372,-5.8427,1.3271,7.6760,-1.6227,-3.1660,0.7193,-4.0022,-9.1573,-6.5454,-10.8482,15.0474,8.5523,7.9113,-14.0126,-1.9359,4.4843,11.1061,-0.2948,7.4254,-2.8810,-4.8437,3.2622,-18.9589,0.4716,4.1587,6.1707,11.8996,9.9685,-0.6949,-2.3478,-6.5668,-7.1121,-7.9305,9.9615,-3.7918,4.1998,-7.4840,-9.8077,-18.1961,4.6594,9.2926,-9.1082,-14.2740,-13.9598,-7.2703,9.0077,9.8746,-0.5306,-12.1291,3.9273,-12.6255,11.7283,6.9174
-6.5125,-6.7155,0.1825,1.7364,5.9021,4.8438,7.1263,-6.9360,-10.8019,-3.9023,4.4071,-0.6605,-9.9900,-2.3656,-9.2641,-5.1180,-6.3563,1.5099,-0.8794,-0.3543,12.3279,8.0547,1.1193,1.8396,3.9146,-1.3190,13.8365,-6.3559,3.8504,-4.5378,13.2357,-1.2508,-4.1729,-9.3524,3.5375,9.0900,-0.6532,27.3832,6.4178,3.9135,-10.0222,0.2612,16.1843,-9.5076,-0.2981,-10.8865,-3.6038,13.2159,-3.3163,-4.7525,2.4403,-3.3666,3.6470,-10.0207,6.7730,0.3824,1.9943,18.3216,-2.7575,-10.1741,-10.3971,1.5736,0.5054,0.8188,-4.3435,0.9290,-15.9500,-1.8404,7.7867,5.2216,1.7967,10.5026,-4.6327,2.2850,6.2260,3.5899,-5.5214,-7.4099,-0.3712,-10.1734,-6.9363,2.5045,1.5295,1.7847,-7.9315,11.9699,-2.6280,13.0931,-0.2653,1.8424,0.4691,-2.8525,-4.6539,-8.2979,9.9309,5.1098,-0.1375,2.7780,-1.4035,6.4046,2.6051,-3.3894,-0.0793,-3.9579,8.4328,6.5552,0.0528,-4.5575,9.3108,-1.5574,-8.2524,-0.6676,-0.8694,6.4018,-1.7626,5.1552,1.3950,11.0730,-5.7220,14.2436,3.3779,4.6832,0.0059,3.7520,3.4879,1.4886,1.2443,1.9640,-11.4602,4.0916,-8.9151,-20.9889,-7.6321,-2.1826,-1.6647,5.3682,10.8114,14.2216,11.4384,0.1861,0.3605,-5.5388,-6.6294,-5.6910,-9.7006,-1.6075,-8.7956,-2.7019,2.7658,-0.4365,-3.9796,-1.9771,0.0410,-5.6285,-5.9581,-5.6563,3.1136,8.0874,10.3091,2.6891,3.9754,11.1872,5.0402,6.6061,9.2848,-7.7544,1.5348,3.5369,-13.5338,9.7125,-5.4101,10.1001,4.4469,-5.9724,-13.0687,-2.9784,-4.9888,4.6418,-4.4021,-0.5892,-10.2026,10.9815,-13.6696,1.1342,-1.1644,-6.0851,0.7056,-1.5429,6.7131,7.4416,2.4390,0.2641,-10.4136,1.5460,-3.6605,-11.0591,-2.1584,0.6230,-9.2617,-12.4560,-2.6657,-5.6639,17.7372,-5.8427,1.3271,7.6760,-1.6227,-3.1660,0.7193,-4.0022,-9.1573,-6.5454,-10.8482,15.0474,8.5523,7.9113,-14.0126,-1.9359,4.4843,11.1061,-0.2948,7.4254,-2.8810,-4.8437,3.2622,-18.9589,0.4716,4.1587,6.1707,11.8996,9.9685,-0.6949,-2.3478,-6.5668,-7.1121,-7.9305,9.9615,-3.7918,4.1998,-7.4840,-9.8077,-18.1961,4.6594,9.2926,-9.1082,-14.2740,-13.9598,-7.2703,9.0077,9.8746,-0.5306,-12.1291,3.9273,-12.6255,11.7283,6.9174
-6.5125,-6.7155,0.1825,1.7364,5.9021,4.8438,7.1263,-6.9360,-10.8019,-3.9023,4.4071,-0.6605,-9.9900,-2.3656,-9.2641,-5.1180,-6.3563,1.5099,-0.8794,-0.3543,12.3279,8.0547,1.1193,1.8396,3.9146,-1.3190,13.8365,-6.3559,3.8504,-4.5378,13.2357,-1.2508,-4.1729,-9.3524,3.5375,9.0900,-0.6532,27.3832,6.4178,3.9135,-10.0222,0.2612,16.1843,-9.5076,-0.2981,-10.8865,-3.6038,13.2159,-3.3163,-4.7525,2.4403,-3.3666,3.6470,-10.0207,6.7730,0.3824,1.9943,18.3216,-2.7575,-10.1741,-10.3971,1.5736,0.5054,0.8188,-4.3435,0.9290,-15.9500,-1.8404,7.7867,5.2216,1.7967,10.5026,-4.6327,2.2850,6.2260,3.5899,-5.5214,-7.4099,-0.3712,-10.1734,-6.9363,2.5045,1.5295,1.7847,-7.9315,11.9699,-2.6280,13.0931,-0.2653,1.8424,0.4691,-2.8525,-4.6539,-8.2979,9.9309,5.1098,-0.1375,2.7780,-1.4035,6.4046,2.6051,-3.3894,-0.0793,-3.9579,8.4328,6.5552,0.0528,-4.5575,9.3108,-1.5574,-8.2524,-0.6676,-0.8694,6.4018,-1.7626,5.1552,1.3950,11.0730,-5.7220,14.2436,3.3779,4.6832,0.0059,3.7520,3.4879,1.4886,1.2443,1.9640,-11.4602,4.0916,-8.9151,-20.9889,-7.6321,-2.1826,-1.6647,5.3682,10.8114,14.2216,11.4384,0.1861,0.3605,-5.5388,-6.6294,-5.6910,-9.7006,-1.6075,-8.7956,-2.7019,2.7658,-0.4365,-3.9796,-1.9771,0.0410,-5.6285,-5.9581,-5.6563,3.1136,8.0874,10.3091,2.6891,3.9754,11.1872,5.0402,6.6061,9.2848,-7.7544,1.5348,3.5369,-13.5338,9.7125,-5.4101,10.1001,4.4469,-5.9724,-13.0687,-2.9784,-4.9888,4.6418,-4.4021,-0.5892,-10.2026,10.9815,-13.6696,1.1342,-1.1644,-6.0851,0.7056,-1.5429,6.7131,7.4416,2.4390,0.2641,-10.4136,1.5460,-3.6605,-11.0591,-2.1584,0.6230,-9.2617,-12.4560,-2.6657,-5.6639,17.7372,-5.8427,1.3271,7.6760,-1.6227,-3.1660,0.7193,-4.0022,-9.1573,-6.5454,-10.8482,15.0474,8.5523,7.9113,-14.0126,-1.9359,4.4843,11.1061,-0.2948,7.4254,-2.8810,-4.8437,3.2622,-18.9589,0.4716,4.1587,6.1707,11.8996,9.9685,-0.6949,-2.3478,-6.5668,-7.1121,-7.9305,9.9615,-3.7918,4.1998,-7.4839,-9.8077,-18.1961,4.6594,9.2926,-9.1082,-14.2740,-13.9598,-7.2703,9.0077,9.8746,-0.5306,-12.1291,3.9273,-12.6255,11.7283,6.9174
-6.4385,-8.6080,-15.2037,-7.5767,-3.8531,2.7069,15.1474,-5.5236,9.6501,4.8942,-16.6102,-5.6693,5.0650,10.1178,-1.2370,7.9214,-3.7074,-13.2711,13.0342,3.5881,-1.9761,4.5336,-1.7053,-0.2635,13.1172,-1.5360,29.2969,-17.4569,4.7789,4.3819,11.5758,8.0878,-12.1220,-13.6324,9.0049,-8.9504,1.7513,11.7137,2.0930,8.0499,4.4582,-3.9089,-7.9114,12.4247,-4.9500,-21.5000,-1.6225,3.7909,3.3428,6.4199,2.4237,-3.8125,-14.2358,-2.5618,-6.7607,-17.8387,20.9933,-1.1242,-8.3439,-14.2807,14.4326,5.1498,0.4117,-2.3901,-2.6326,8.9485,-9.8095,-0.8371,4.0616,10.2177,2.5228,21.8179,-3.0082,0.6428,-4.5871,19.0209,-14.6854,9.0505,-10.2966,-14.5869,-8.9571,-2.5017,7.1232,-16.6559,14.6141,10.4320,-10.5924,11.9391,4.9831,5.2887,3.3333,0.7236,7.0888,-0.7647,-9.4185,18.2207,9.4793,-11.7149,21.6615,10.3020,-5.6602,17.4338,15.4624,7.2798,-15.8527,0.1322,1.5263,6.5286,11.0490,19.3553,6.9040,10.6766,-23.9300,-10.3825,7.4466,-11.4409,8.5273,-9.4818,4.2317,1.6302,4.2158,-8.6806,2.0594,2.3951,-4.8246,3.0134,10.0772,-11.1954,9.9613,-6.1765,-8.5794,-16.6740,13.2415,-15.1000,-3.2588,6.8478,-6.5174,17.4945,8.8989,-13.2828,-8.6904,-2.4841,-10.4745,24.9891,1.0462,-6.6959,-3.3676,-1.7180,-12.0428,-7.6937,3.7038,1.1790,-17.2330,2.8477,-8.0524,-3.7673,2.3515,-8.8707,8.0737,-9.6265,-21.7298,8.2770,7.8189,-14.5041,34.0679,-8.9524,-13.1279,13.6502,8.7420,-10.7078,6.5333,-1.7059,8.0008,-13.8276,-9.0069,0.5148,5.1194,-0.4714,-2.4029,11.8487,-6.7410,8.6054,-19.7912,20.6248,19.2606,-10.1538,-18.2608,-8.1768,6.2911,12.6562,-5.3686,-3.5409,-18.5683,12.6996,7.1037,-2.4639,-15.3262,4.9566,-14.3384,-15.6333,-3.3667,-7.2416,16.3184,-6.1772,0.1665,27.1257,-3.4266,4.5364,-9.7778,19.8536,-5.8305,-3.0073,-14.5736,21.6617,-5.8669,21.0889,0.2426,11.8999,3.6267,7.0785,15.3052,-5.2252,2.4410,5.9375,-1.6124,-21.9269,-2.7266,-0.5948,-7.5152,19.4345,3.2863,4.4137,-4.1069,5.9079,4.4836,4.1642,10.4334,-13.7552,7.3047,-14.6606,-17.4637,-7.4318,-7.0921,1.6548,-0.6373,-18.5651,-9.0138,4.4327,0.7654,7.0638,0.6412,-11.2515,-16.0849,9.5793,11.5527,20.3387
-6.4385,-8.6080,-15.2037,-7.5767,-3.8531,2.7069,15.1474,-5.5236,9.6501,4.8942,-16.6102,-5.6693,5.0650,10.1178,-1.2370,7.9214,-3.7074,-13.2711,13.0342,3.5881,-1.9761,4.5336,-1.7053,-0.2635,13.1172,-1.5360,29.2969,-17.4569,4.7789,4.3819,11.5758,8.0878,-12.1220,-13.6324,9.0049,-8.9504,1.7513,11.7137,2.0930,8.0499,4.4582,-3.9089,-7.9114,12.4247,-4.9500,-21.5000,-1.6225,3.7909,3.3428,6.4199,2.4237,-3.8125,-14.2358,-2.5618,-6.7607,-17.8387,20.9933,-1.1242,-8.3439,-14.2807,14.4326,5.1498,0.4117,-2.3901,-2.6326,8.9485,-9.8095,-0.8371,4.0616,10.2177,2.5228,21.8179,-3.0082,0.6428,-4.5871,19.0209,-14.6854,9.0505,-10.2966,-14.5869,-8.9571,-2.5017,7.1232,-16.6559,14.6141,10.4320,-10.5924,11.9391,4.9831,5.2887,3.3333,0.7236,7.0888,-0.7647,-9.4185,18.2207,9.4793,-11.7149,21.6615,10.3020,-5.6602,17.4338,15.4624,7.2798,-15.8527,0.1322,1.5263,6.5286,11.0490,19.3553,6.9040,10.6766,-23.9300,-10.3825,7.4466,-11.4409,8.5273,-9.4818,4.2317,1.6302,4.2158,-8.6806,2.0594,2.3951,-4.8246,3.0135,10.0772,-11.1954,9.9613,-6.1765,-8.5794,-16.6740,13.2415,-15.1000,-3.2588,6.8478,-6.5174,17.4945,8.8989,-13.2828,-8.6904,-2.4841,-10.4745,24.9891,1.0462,-6.6959,-3.3676,-1.7180,-12.0428,-7.6937,3.7038,1.1790,-17.2330,2.8477,-8.0524,-3.7673,2.3515,-8.8707,8.0737,-9.6265,-21.7298,8.2770,7.8189,-14.5041,34.0679,-8.9524,-13.1279,13.6502,8.7420,-10.7078,6.5333,-1.7059,8.0008,-13.8276,-9.0069,0.5148,5.1194,-0.4714,-2.4029,11.8487,-6.7410,8.6054,-19.7912,20.6248,19.2606,-10.1538,-18.2608,-8.1768,6.2911,12.6562,-5.3686,-3.5409,-18.5683,12.6996,7.1037,-2.4639,-15.3262,4.9566,-14.3384,-15.6333,-3.3667,-7.2416,16.3184,-6.1772,0.1665,27.1257,-3.4266,4.5364,-9.7778,19.8536,-5.8305,-3.0073,-14.5736,21.6617,-5.8669,21.0889,0.2426,11.8999,3.6267,7.0785,15.3052,-5.2252,2.4410,5.9375,-1.6124,-21.9269,-2.7266,-0.5948,-7.5152,19.4345,3.2863,4.4137,-4.1069,5.9079,4.4836,4.1642,10.4334,-13.7552,7.3047,-14.6606,-17.4637,-7.4318,-7.0921,1.6548,-0.6373,-18.5651,-9.0138,4.4327,0.7654,7.0638,0.6412,-11.2515,-16.0849,9.5793,11.5527,20.3387
-4.2489,-0.7959,1.8948,5.7008,3.6068,4.5097,11.5992,-2.8844,-9.9209,0.5583,4.9600,-4.6075,-5.6429,-1.4292,-5.9595,8.0327,-7.4649,-6.8991,-2.8310,-4.1589,10.5461,-1.6146,-0.8165,5.5027,-4.4444,5.2600,6.9055,-1.0875,-2.0225,-6.5393,3.3677,1.5884,0.0800,1.0254,14.4377,0.4574,4.6932,20.0098,5.4422,3.6737,0.7070,2.3900,9.0930,-1.9283,-6.1639,-7.4782,-5.4358,1.8526,5.0721,0.8984,-3.8266,3.1693,-1.6363,-4.4564,6.0180,6.8354,3.2104,9.3752,2.2085,-5.5778,-3.6864,5.7418,-6.5378,3.9620,-0.3108,-4.8742,-14.4209,-5.1590,-1.1693,-0.4516,6.1895,4.6887,6.2107,3.3402,1.9018,9.6117,-6.9068,-4.6909,-4.7095,-1.2121,3.8232,0.5763,-1.5009,-1.1032,-1.4455,1.0087,4.0672,1.7797,0.0051,-2.6016,3.8923,6.9911,-5.6689,-6.6635,2.8207,7.8357,5.9368,-3.0785,-2.2765,1.2243,2.1267,-2.4502,3.2049,-3.3658,1.1051,2.9512,-2.8620,0.6379,3.9891,-4.5527,-1.8113,-2.9166,-0.7169,1.7948,4.1958,0.1916,0.1226,1.7711,-0.9969,2.8930,-1.7004,6.6747,-4.3073,-1.9773,-2.8410,-0.9406,0.5196,-6.7949,-3.0943,7.1128,-3.6193,-6.5895,3.0470,-3.9553,-5.2173,4.5924,-0.0048,7.0937,0.3660,0.0367,9.5250,1.0926,-2.1562,-4.2813,-3.6310,1.2577,-1.0693,2.8091,0.5447,-3.1420,0.8792,-3.4461,-3.3646,-2.1352,-5.4519,1.8485,10.4901,-1.4166,4.4324,1.4378,-5.7626,4.2060,1.8928,-4.8209,3.4639,-4.7359,3.6996,0.3605,-9.3963,7.5423,-6.7312,-2.1343,0.0935,1.5014,0.3794,-0.0554,-2.8950,-5.1693,-7.8573,-5.4580,-1.6837,11.2944,-8.1410,6.1905,-1.2523,-7.5659,3.3866,5.7395,2.5615,-1.7346,-6.7665,-1.6266,-0.3477,1.2608,-7.0758,-4.2400,3.3546,0.3339,-10.9111,-3.1996,-3.0727,-10.1955,7.1941,2.9549,-0.0919,4.5722,-3.2115,-1.7425,7.3305,-1.2123,-0.7229,-1.3564,-4.2475,3.4827,-0.0051,2.8835,-11.2929,3.7747,4.3606,4.6122,1.8197,2.5159,-3.1582,-4.3085,-0.5936,-10.1733,6.9671,9.1079,4.7201,9.0563,-2.0841,-0.8025,6.1677,-6.6316,1.2186,-5.4835,8.8307,-5.2513,6.1389,-7.8116,0.8058,-9.6618,2.6222,1.1833,-1.4517,-6.1082,-3.0421,-0.3230,4.9066,6.9871,7.6677,1.3451,-3.5234,-3.9705,4.7169,2.3822
-4.2489,-0.7959,1.8948,5.7008,3.6068,4.5097,11.5992,-2.8844,-9.9209,0.5583,4.9600,-4.6075,-5.6429,-1.4292,-5.9595,8.0327,-7.4649,-6.8991,-2.8310,-4.1589,10.5461,-1.6146,-0.8165,5.5027,-4.4444,5.2600,6.9055,-1.0875,-2.0225,-6.5393,3.3677,1.5884,0.0800,1.0254,14.4377,0.4574,4.6932,20.0098,5.4422,3.6737,0.7070,2.3900,9.0930,-1.9283,-6.1639,-7.4782,-5.4358,1.8526,5.0721,0.8984,-3.8266,3.1693,-1.6363,-4.4564,6.0180,6.8354,3.2104,9.3752,2.2085,-5.5778,-3.6864,5.7418,-6.5378,3.9620,-0.3108,-4.8742,-14.4209,-5.1590,-1.1693,-0.4516,6.1895,4.6887,6.2107,3.3402,1.9018,9.6117,-6.9068,-4.6909,-4.7095,-1.2121,3.8232,0.5763,-1.5009,-1.1032,-1.4455,1.0087,4.0672,1.7797,0.0051,-2.6016,3.8923,6.9911,-5.6689,-6.6635,2.8207,7.8357,5.9368,-3.0785,-2.2765,1.2243,2.1267,-2.4502,3.2049,-3.3658,1.1051,2.9512,-2.8620,0.6379,3.9891,-4.5527,-1.8113,-2.9166,-0.7169,1.7948,4.1958,0.1916,0.1226,1.7711,-0.9969,2.8930,-1.7004,6.6747,-4.3073,-1.9773,-2.8410,-0.9406,0.5196,-6.7949,-3.0943,7.1128,-3.6193,-6.5895,3.0470,-3.9553,-5.2173,4.5924,-0.0048,7.0937,0.3660,0.0367,9.5250,1.0926,-2.1562,-4.2813,-3.6310,1.2577,-1.0693,2.8091,0.5447,-3.1420,0.8792,-3.4461,-3.3646,-2.1352,-5.4519,1.8485,10.4901,-1.4166,4.4324,1.4378,-5.7626,4.2060,1.8928,-4.8209,3.4639,-4.7359,3.6996,0.3605,-9.3963,7.5423,-6.7312,-2.1343,0.0935,1.5014,0.3794,-0.0554,-2.8950,-5.1693,-7.8573,-5.4580,-1.6837,11.2944,-8.1410,6.1905,-1.2523,-7.5659,3.3866,5.7395,2.5615,-1.7346,-6.7665,-1.6266,-0.3477,1.2608,-7.0758,-4.2400,3.3546,0.3339,-10.9111,-3.1996,-3.0727,-10.1954,7.1941,2.9549,-0.0919,4.5722,-3.2115,-1.7425,7.3305,-1.2123,-0.7229,-1.3564,-4.2475,3.4827,-0.0051,2.8835,-11.2929,3.7747,4.3606,4.6122,1.8197,2.5159,-3.1582,-4.3085,-0.5936,-10.1733,6.9671,9.1079,4.7201,9.0563,-2.0841,-0.8025,6.1677,-6.6316,1.2186,-5.4835,8.8307,-5.2513,6.1389,-7.8116,0.8058,-9.6618,2.6222,1.1833,-1.4517,-6.1082,-3.0421,-0.3230,4.9066,6.9871,7.6677,1.3451,-3.5234,-3.9705,4.7169,2.3822
-4.2489,-0.7959,1.8948,5.7008,3.6068,4.5097,11.5992,-2.8844,-9.9209,0.5583,4.9600,-4.6075,-5.6429,-1.4292,-5.9595,8.0327,-7.4649,-6.8991,-2.8310,-4.1589,10.5461,-1.6146,-0.8165,5.5027,-4.4444,5.2600,6.9055,-1.0875,-2.0225,-6.5393,3.3677,1.5884,0.0800,1.0254,14.4377,0.4574,4.6932,20.0098,5.4422,3.6737,0.7070,2.3900,9.0930,-1.9283,-6.1639,-7.4782,-5.4358,1.8526,5.0721,0.8984,-3.8266,3.1693,-1.6363,-4.4564,6.0180,6.8354,3.2104,9.3752,2.2085,-5.5778,-3.6864,5.7418,-6.5378,3.9620,-0.3108,-4.8742,-14.4209,-5.1590,-1.1693,-0.4516,6.1895,4.6887,6.2107,3.3402,1.9018,9.6117,-6.9068,-4.6909,-4.7095,-1.2121,3.8232,0.5763,-1.5009,-1.1032,-1.4455,1.0087,4.0672,1.7797,0.0051,-2.6016,3.8923,6.9911,-5.6689,-6.6635,2.8207,7.8357,5.9368,-3.0785,-2.2765,1.2243,2.1267,-2.4502,3.2049,-3.3658,1.1051,2.9512,-2.8620,0.6379,3.9891,-4.5527,-1.8113,-2.9166,-0.7169,1.7948,4.1958,0.1916,0.1226,1.7711,-0.9969,2.8930,-1.7004,6.6747,-4.3073,-1.9773,-2.8410,-0.9406,0.5196,-6.7949,-3.0943,7.1128,-3.6193,-6.5895,3.0470,-3.9553,-5.2173,4.5924,-0.0048,7.0937,0.3660,0.0367,9.5250,1.0926,-2.1562,-4.2813,-3.6310,1.2577,-1.0693,2.8091,0.5447,-3.1420,0.8792,-3.4461,-3.3646,-2.1352,-5.4519,1.8485,10.4901,-1.4166,4.4324,1.4378,-5.7626,4.2060,1.8928,-4.8209,3.4639,-4.7359,3.6996,0.3605,-9.3963,7.5423,-6.7312,-2.1343,0.0935,1.5014,0.3794,-0.0554,-2.8950,-5.1693,-7.8573,-5.4580,-1.6837,11.2944,-8.1410,6.1905,-1.2523,-7.5659,3.3866,5.7395,2.5615,-1.7346,-6.7665,-1.6266,-0.3477,1.2608,-7.0758,-4.2400,3.3546,0.3339,-10.9111,-3.1995,-3.0727,-10.1955,7.1941,2.9549,-0.0919,4.5722,-3.2115,-1.7425,7.3305,-1.2123,-0.7229,-1.3564,-4.2475,3.4827,-0.0051,2.8835,-11.2929,3.7747,4.3606,4.6122,1.8197,2.5159,-3.1582,-4.3085,-0.5936,-10.1733,6.9671,9.1079,4.7201,9.0563,-2.0841,-0.8025,6.1677,-6.6316,1.2186,-5.4835,8.8307,-5.2513,6.1389,-7.8116,0.8058,-9.6618,2.6222,1.1833,-1.4517,-6.1082,-3.0421,-0.3230,4.9066,6.9871,7.6677,1.3451,-3.5234,-3.9705,4.7169,2.3822
-4.2489,-0.7959,1.8948,5.7008,3.6068,4.5097,11.5992,-2.8844,-9.9209,0.5583,4.9600,-4.6075,-5.6429,-1.4292,-5.9595,8.0327,-7.4649,-6.8991,-2.8310,-4.1589,10.5461,-1.6146,-0.8165,5.5027,-4.4444,5.2600,6.9055,-1.0874,-2.0225,-6.5393,3.3677,1.5884,0.0800,1.0254,14.4377,0.4574,4.6932,20.0098,5.4422,3.6737,0.7070,2.3900,9.0930,-1.9283,-6.1639,-7.4782,-5.4358,1.8526,5.0721,0.8984,-3.8266,3.1693,-1.6363,-4.4564,6.0180,6.8354,3.2104,9.3752,2.2085,-5.5778,-3.6864,5.7418,-6.5378,3.9620,-0.3108,-4.8742,-14.4209,-5.1590,-1.1693,-0.4516,6.1895,4.6887,6.2107,3.3402,1.9018,9.6117,-6.9068,-4.6909,-4.7095,-1.2121,3.8232,0.5763,-1.5009,-1.1032,-1.4455,1.0087,4.0672,1.7797,0.0051,-2.6016,3.8923,6.9911,-5.6689,-6.6635,2.8207,7.8357,5.9368,-3.0785,-2.2765,1.2243,2.1267,-2.4502,3.2049,-3.3658,1.1051,2.9512,-2.8620,0.6379,3.9891,-4.5527,-1.8113,-2.9166,-0.7169,1.7948,4.1958,0.1916,0.1226,1.7711,-0.9970,2.8930,-1.7004,6.6747,-4.3073,-1.9773,-2.8410,-0.9406,0.5196,-6.7949,-3.0943,7.1128,-3.6193,-6.5895,3.0470,-3.9553,-5.2173,4.5924,-0.0048,7.0937,0.3660,0.0367,9.5250,1.0926,-2.1562,-4.2813,-3.6310,1.2577,-1.0693,2.8091,0.5447,-3.1420,0.8792,-3.4461,-3.3646,-2.1352,-5.4519,1.8485,10.4901,-1.4166,4.4324,1.4378,-5.7626,4.2060,1.8928,-4.8209,3.4639,-4.7359,3.6996,0.3605,-9.3963,7.5423,-6.7312,-2.1343,0.0935,1.5014,0.3794,-0.0554,-2.8950,-5.1693,-7.8573,-5.4580,-1.6837,11.2944,-8.1410,6.1905,-1.2523,-7.5659,3.3866,5.7395,2.5615,-1.7346,-6.7665,-1.6266,-0.3477,1.2608,-7.0758,-4.2400,3.3546,0.3339,-10.9111,-3.1996,-3.0727,-10.1955,7.1941,2.9549,-0.0919,4.5722,-3.2115,-1.7425,7.3305,-1.2123,-0.7229,-1.3564,-4.2475,3.4827,-0.0051,2.8835,-11.2929,3.7747,4.3606,4.6122,1.8197,2.5159,-3.1582,-4.3085,-0.5936,-10.1733,6.9671,9.1079,4.7201,9.0563,-2.0841,-0.8025,6.1677,-6.6316,1.2186,-5.4835,8.8307,-5.2513,6.1389,-7.8116,0.8058,-9.6618,2.6222,1.1833,-1.4517,-6.1082,-3.0421,-0.3230,4.9066,6.9871,7.6677,1.3451,-3.5234,-3.9705,4.7169,2.3822
-4.2489,-0.7959,1.8948,5.7008,3.6068,4.5097,11.5992,-2.8844,-9.9209,0.5583,4.9600,-4.6075,-5.6429,-1.4292,-5.9595,8.0327,-7.4649,-6.8991,-2.8310,-4.1589,10.5461,-1.6146,-0.8165,5.5027,-4.4444,5.2600,6.9055,-1.0874,-2.0225,-6.5393,3.3677,1.5884,0.0800,1.0254,14.4377,0.4574,4.6932,20.0098,5.4422,3.6737,0.7070,2.3900,9.0930,-1.9283,-6.1639,-7.4782,-5.4358,1.8526,5.0721,0.8984,-3.8266,3.1693,-1.6363,-4.4564,6.0180,6.8354,3.2104,9.3752,2.2085,-5.5778,-3.6864,5.7418,-6.5378,3.9620,-0.3108,-4.8742,-14.4209,-5.1590,-1.1693,-0.4516,6.1895,4.6887,6.2107,3.3402,1.9018,9.6117,-6.9068,-4.6909,-4.7095,-1.2121,3.8232,0.5763,-1.5009,-1.1032,-1.4455,1.0087,4.0672,1.7797,0.0051,-2.6016,3.8923,6.9911,-5.6689,-6.6635,2.8207,7.8357,5.9368,-3.0785,-2.2765,1.2243,2.1267,-2.4502,3.2049,-3.3658,1.1051,2.9512,-2.8620,0.6379,3.9891,-4.5527,-1.8113,-2.9166,-0.7169,1.7948,4.1958,0.1916,0.1226,1.7711,-0.9969,2.8930,-1.7004,6.6747,-4.3073,-1.9773,-2.8410,-0.9406,0.5196,-6.7949,-3.0943,7.1128,-3.6193,-6.5895,3.0470,-3.9553,-5.2173,4.5924,-0.0048,7.0937,0.3660,0.0367,9.5250,1.0926,-2.1562,-4.2813,-3.6310,1.2577,-1.0693,2.8091,0.5447,-3.1420,0.8792,-3.4461,-3.3646,-2.1352,-5.4519,1.8485,10.4901,-1.4166,4.4324,1.4378,-5.7626,4.2060,1.8928,-4.8209,3.4639,-4.7359,3.6996,0.3605,-9.3963,7.5423,-6.7312,-2.1343,0.0935,1.5014,0.3794,-0.0554,-2.8950,-5.1693,-7.8573,-5.4580,-1.6837,11.2944,-8.1410,6.1905,-1.2523,-7.5659,3.3866,5.7395,2.5615,-1.7346,-6.7665,-1.6266,-0.3477,1.2608,-7.0758,-4.2400,3.3546,0.3339,-10.9111,-3.1996,-3.0727,-10.1955,7.1941,2.9549,-0.0919,4.5722,-3.2115,-1.7425,7.3305,-1.2123,-0.7229,-1.3564,-4.2475,3.4827,-0.0051,2.8835,-11.2929,3.7747,4.3606,4.6122,1.8197,2.5159,-3.1582,-4.3085,-0.5936,-10.1733,6.9671,9.1079,4.7201,9.0563,-2.0841,-0.8025,6.1677,-6.6316,1.2186,-5.4835,8.8307,-5.2513,6.1389,-7.8116,0.8058,-9.6618,2.6222,1.1833,-1.4517,-6.1082,-3.0421,-0.3230,4.9066,6.9871,7.6677,1.3451,-3.5234,-3.9705,4.7169,2.3822
-4.1342,7.4109,16.2194,9.4254,0.0287,15.7079,23.0916,-5.6797,-12.8002,3.7824,-10.3550,9.9465,-12.9014,0.8973,8.4629,3.5970,-5.3430,-16.3570,2.4687,-17.0952,20.7608,19.9652,-9.8951,-9.4336,-3.1637,-2.3717,27.6677,15.0217,-20.2629,-20.5868,20.3697,-2.3964,-30.3446,-7.3709,21.8609,1.5629,-10.9396,31.5078,4.9325,-10.4097,4.3261,4.0030,11.6574,4.6783,13.0190,8.8122,11.8587,-11.9222,16.3607,1.6845,-9.6677,0.8718,-12.4800,-10.5820,-6.2737,10.7532,-1.6177,12.8584,-21.7898,-16.7947,1.6313,6.6909,11.2210,0.0037,1.0002,5.2396,-18.0126,8.2898,8.4489,12.6514,-10.6750,5.1050,-0.5727,-4.4838,2.1449,14.0139,-15.7943,-23.8556,-11.6091,-15.8856,-5.4621,14.1183,-3.1328,-11.4563,-5.3437,-11.3211,11.8642,7.0647,3.0222,0.8883,15.3048,11.1148,-4.7266,16.2287,6.7671,7.7939,-9.2689,4.6845,-13.4915,0.3612,0.1200,22.0804,0.0897,-21.8194,9.3164,5.5352,-21.0703,-3.3487,27.3000,-1.4536,6.9556,-3.9789,8.8280,15.3963,14.1388,7.9401,-9.9064,-5.8210,-4.9601,-9.6457,-10.7141,-0.6571,-1.4036,-16.3856,-11.9340,-1.4798,6.1408,0.2812,0.9326,-1.9719,-15.7764,-22.4224,23.9602,-2.7556,9.1427,-3.1371,-10.2935,19.1149,14.8002,-0.0684,-3.4054,-3.4225,-23.8161,-3.6680,-9.1524,8.0727,-7.3798,13.8853,-12.8554,-15.8923,9.2659,-3.2442,-3.8852,6.0123,-3.0667,-8.4979,-2.6723,14.5644,-18.7906,-21.7332,8.7407,-0.2427,-12.2175,1.4426,10.0743,-17.3105,-5.2593,6.0631,-5.3876,12.4981,-12.4193,17.5873,-17.7490,19.1413,-0.6502,-5.6010,10.4935,17.2152,-11.4366,-8.4752,-11.9210,13.0939,-2.3669,6.8209,22.0632,-28.8932,-16.9909,-17.7583,2.2902,-5.4265,-6.1960,-4.3871,-19.9760,-7.6862,0.4703,-18.0512,-11.1046,-3.2838,3.2594,-29.6200,-10.4374,-35.3306,-11.5292,-0.9845,-0.3954,18.6067,1.0219,11.2872,3.6070,26.3029,15.9798,7.4583,-4.3321,8.4864,21.6632,-4.5275,-17.8725,17.0365,-6.9669,12.3946,-7.9577,7.5333,1.3956,0.9414,-2.7587,-17.3206,25.5733,28.2854,-4.2705,35.6865,11.1163,-7.7825,28.4755,-15.1714,-3.4635,-25.9014,18.4037,-13.4157,-0.1286,5.9379,3.0548,-17.5578,4.1921,-14.3941,5.8940,-26.7309,-33.3979,-14.6370,-4.2868,15.7481,-16.9785,2.0799,-19.4406,-0.0233,10.9251,1.8267
-4.1342,7.4109,16.2194,9.4254,0.0287,15.7079,23.0916,-5.6797,-12.8002,3.7824,-10.3550,9.9465,-12.9014,0.8973,8.4629,3.5970,-5.3430,-16.3570,2.4687,-17.0952,20.7608,19.9652,-9.8951,-9.4336,-3.1637,-2.3717,27.6677,15.0217,-20.2629,-20.5868,20.3697,-2.3964,-30.3446,-7.3709,21.8609,1.5629,-10.9396,31.5078,4.9325,-10.4097,4.3261,4.0030,11.6574,4.6783,13.0190,8.8122,11.8587,-11.9222,16.3607,1.6845,-9.6677,0.8718,-12.4800,-10.5820,-6.2737,10.7532,-1.6177,12.8584,-21.7898,-16.7947,1.6313,6.6909,11.2210,0.0037,1.0002,5.2396,-18.0126,8.2898,8.4489,12.6514,-10.6750,5.1050,-0.5727,-4.4838,2.1449,14.0139,-15.7943,-23.8556,-11.6091,-15.8856,-5.4621,14.1183,-3.1328,-11.4563,-5.3437,-11.3211,11.8642,7.0647,3.0222,0.8883,15.3048,11.1148,-4.7266,16.2287,6.7671,7.7939,-9.2689,4.6845,-13.4915,0.3612,0.1200,22.0804,0.0897,-21.8194,9.3164,5.5352,-21.0703,-3.3487,27.3000,-1.4536,6.9556,-3.9789,8.8280,15.3963,14.1388,7.9401,-9.9064,-5.8210,-4.9601,-9.6457,-10.7141,-0.6571,-1.4036,-16.3856,-11.9340,-1.4798,6.1408,0.2812,0.9326,-1.9719,-15.7764,-22.4224,23.9602,-2.7556,9.1427,-3.1371,-10.2935,19.1149,14.8002,-0.0684,-3.4054,-3.4225,-23.8161,-3.6680,-9.1524,8.0727,-7.3798,13.8853,-12.8554,-15.8923,9.2659,-3.2442,-3.8852,6.0123,-3.0667,-8.4979,-2.6723,14.5644,-18.7906,-21.7332,8.7407,-0.2427,-12.2175,1.4426,10.0743,-17.3105,-5.2593,6.0631,-5.3876,12.4981,-12.4193,17.5873,-17.7490,19.1413,-0.6502,-5.6010,10.4935,17.2152,-11.4366,-8.4752,-11.9210,13.0939,-2.3669,6.8209,22.0632,-28.8932,-16.9909,-17.7583,2.2902,-5.4265,-6.1960,-4.3871,-19.9760,-7.6862,0.4703,-18.0512,-11.1046,-3.2838,3.2594,-29.6200,-10.4374,-35.3306,-11.5292,-0.9845,-0.3954,18.6067,1.0219,11.2872,3.6070,26.3029,15.9798,7.4583,-4.3321,8.4864,21.6632,-4.5275,-17.8725,17.0365,-6.9669,12.3946,-7.9577,7.5333,1.3956,0.9414,-2.7587,-17.3206,25.5733,28.2854,-4.2705,35.6865,11.1163,-7.7825,28.4755,-15.1714,-3.4635,-25.9014,18.4037,-13.4157,-0.1286,5.9379,3.0548,-17.5578,4.1921,-14.3941,5.8940,-26.7309,-33.3979,-14.6370,-4.2868,15.7481,-16.9785,2.0800,-19.4406,-0.0233,10.9251,1.8267
-3.3323,18.3569,18.9561,-7.9912,-11.6425,18.2198,7.1731,-12.0822,-9.5340,1.3576,10.6561,13.9624,-5.5461,14.2186,-0.0521,7.8198,10.3499,-0.1984,-6.4381,-14.9335,6.8940,-6.8188,-13.5264,-8.4892,14.3775,-15.0797,7.8822,-5.8668,4.3546,4.6739,18.3301,7.0814,-10.6444,11.5552,12.2199,-10.2020,10.6263,24.1848,-6.3141,-5.1797,7.6205,8.8204,-8.4540,11.2759,4.6543,1.0135,2.9688,3.0108,-0.7298,-19.4379,3.2403,-17.7016,-1.5491,-9.5219,6.9041,-3.2190,20.6742,-1.0180,-20.2444,-13.1800,-8.7039,-2.9170,11.7281,21.5827,-21.4944,-5.3575,-15.3352,0.7922,-8.4003,11.0202,-6.9001,6.8097,2.5848,11.3954,2.9813,15.1787,-18.8624,-9.9819,-12.1130,-26.6142,-7.2906,-3.5844,-1.9724,-20.7525,0.3225,12.9942,9.3761,-6.7277,-6.7951,-12.5230,-8.7409,14.5405,-2.8256,1.4100,-8.5949,21.6037,5.5044,-11.4885,-5.2438,7.3025,0.4962,9.8940,-10.3130,-3.3307,12.9527,4.7114,7.9988,-1.9026,23.2622,17.1290,-12.1340,-18.6986,-15.5844,12.4824,-12.0694,-4.7949,13.6464,0.3771,1.9665,12.9019,8.3267,-18.4666,-2.3201,-7.2862,1.0246,-0.1531,9.5577,-10.2333,7.3418,0.4092,-10.9336,-20.0024,13.9804,-9.0049,3.8184,-7.8481,6.5925,11.0258,11.3044,21.6764,-11.9528,-23.7744,-7.5540,-9.6805,1.0847,5.6612,-8.3327,8.5955,-3.8332,-5.7638,5.0494,-6.7721,1.8147,-7.9191,7.2924,6.6823,-11.8908,-9.1789,-19.5610,4.5189,3.0085,-7.9899,11.7812,-5.2820,24.1677,-21.2946,-20.6073,-4.1062,-18.7663,-9.4441,-12.4980,-11.8120,0.1557,12.2961,-8.2915,-2.0161,-8.6748,-8.3733,-18.4938,10.4780,-5.9564,4.5828,-25.4900,-10.3882,5.5780,-20.6972,-16.0009,-14.2878,3.2795,6.3870,-1.7806,-2.8758,-23.0545,-10.9967,-5.8626,-12.1402,-1.2632,-3.0568,-5.0787,-6.6341,4.2841,-29.7121,21.4922,-1.5084,12.9304,17.9512,-6.7497,-10.9264,7.6292,-4.7284,0.5028,-2.1245,-11.3779,14.9723,19.8057,20.8321,-6.4347,-6.5166,-0.0420,-2.7447,-5.6930,13.5940,6.8779,-12.8349,-19.5605,-20.5967,-7.2603,3.0971,17.3152,22.4092,2.3883,-5.6246,-2.6022,-3.3586,-11.2213,-12.0722,18.7465,8.8165,16.8892,4.8685,-12.5341,-7.8172,-8.1756,-5.0734,-7.8741,5.7669,-9.2377,-10.5968,-2.0404,18.2534,0.1109,-11.3415,2.6822,-0.4932,7.6657,27.8663
-3.3323,18.3569,18.9561,-7.9912,-11.6425,18.2198,7.1731,-12.0822,-9.5340,1.3576,10.6561,13.9624,-5.5461,14.2186,-0.0521,7.8198,10.3499,-0.1984,-6.4381,-14.9335,6.8940,-6.8188,-13.5264,-8.4892,14.3775,-15.0797,7.8822,-5.8668,4.3546,4.6739,18.3301,7.0814,-10.6444,11.5552,12.2199,-10.2020,10.6263,24.1848,-6.3141,-5.1797,7.6205,8.8204,-8.4540,11.2759,4.6543,1.0135,2.9688,3.0108,-0.7298,-19.4379,3.2403,-17.7016,-1.5491,-9.5219,6.9041,-3.2190,20.6742,-1.0180,-20.2444,-13.1800,-8.7039,-2.9170,11.7281,21.5827,-21.4944,-5.3575,-15.3352,0.7922,-8.4003,11.0202,-6.9001,6.8097,2.5848,11.3954,2.9813,15.1787,-18.8624,-9.9819,-12.1130,-26.6142,-7.2906,-3.5844,-1.9724,-20.7525,0.3226,12.9942,9.3761,-6.7277,-6.7951,-12.5230,-8.7409,14.5405,-2.8256,1.4100,-8.5949,21.6037,5.5044,-11.4885,-5.2438,7.3025,0.4962,9.8940,-10.3131,-3.3307,12.9527,4.7114,7.9988,-1.9026,23.2622,17.1290,-12.1340,-18.6986,-15.5844,12.4824,-12.0694,-4.7949,13.6464,0.3771,1.9665,12.9019,8.3266,-18.4666,-2.3201,-7.2862,1.0246,-0.1531,9.5577,-10.2333,7.3418,0.4092,-10.9336,-20.0024,13.9804,-9.0049,3.8184,-7.8481,6.5925,11.0258,11.3044,21.6764,-11.9528,-23.7744,-7.5540,-9.6805,1.0847,5.6612,-8.3327,8.5955,-3.8332,-5.7638,5.0494,-6.7721,1.8147,-7.9191,7.2924,6.6823,-11.8908,-9.1789,-19.5610,4.5189,3.0085,-7.9899,11.7812,-5.2820,24.1677,-21.2946,-20.6073,-4.1062,-18.7663,-9.4441,-12.4980,-11.8120,0.1557,12.2961,-8.2915,-2.0161,-8.6748,-8.3733,-18.4938,10.4780,-5.9564,4.5828,-25.4900,-10.3882,5.5780,-20.6972,-16.0009,-14.2878,3.2795,6.3870,-1.7806,-2.8758,-23.0545,-10.9967,-5.8626,-12.1402,-1.2632,-3.0568,-5.0787,-6.6341,4.2841,-29.7121,21.4922,-1.5084,12.9304,17.9512,-6.7497,-10.9264,7.6292,-4.7284,0.5028,-2.1245,-11.3779,14.9723,19.8057,20.8321,-6.4347,-6.5166,-0.0420,-2.7447,-5.6930,13.5939,6.8779,-12.8349,-19.5605,-20.5967,-7.2603,3.0971,17.3152,22.4092,2.3883,-5.6246,-2.6022,-3.3586,-11.2213,-12.0722,18.7465,8.8165,16.8892,4.8685,-12.5341,-7.8172,-8.1756,-5.0734,-7.8741,5.7669,-9.2377,-10.5968,-2.0404,18.2534,0.1109,-11.3415,2.6822,-0.4932,7.6657,27.8663
-3.3323,18.3569,18.9561,-7.9912,-11.6425,18.2198,7.1731,-12.0822,-9.5340,1.3576,10.6561,13.9624,-5.5461,14.2186,-0.0521,7.8198,10.3499,-0.1984,-6.4381,-14.9335,6.8940,-6.8188,-13.5264,-8.4892,14.3775,-15.0797,7.8822,-5.8668,4.3546,4.6739,18.3301,7.0814,-10.6444,11.5552,12.2199,-10.2020,10.6263,24.1848,-6.3141,-5.1797,7.6205,8.8204,-8.4540,11.2759,4.6543,1.0135,2.9688,3.0108,-0.7298,-19.4379,3.2403,-17.7016,-1.5491,-9.5219,6.9041,-3.2190,20.6742,-1.0180,-20.2444,-13.1800,-8.7039,-2.9170,11.7281,21.5827,-21.4944,-5.3575,-15.3352,0.7922,-8.4003,11.0202,-6.9001,6.8097,2.5848,11.3954,2.9813,15.1787,-18.8624,-9.9819,-12.1130,-26.6142,-7.2906,-3.5844,-1.9724,-20.7525,0.3226,12.9942,9.3761,-6.7277,-6.7951,-12.5230,-8.7409,14.5405,-2.8256,1.4100,-8.5949,21.6037,5.5044,-11.4885,-5.2438,7.3025,0.4962,9.8940,-10.3130,-3.3307,12.9527,4.7114,7.9988,-1.9026,23.2622,17.1290,-12.1340,-18.6986,-15.5844,12.4824,-12.0694,-4.7949,13.6464,0.3771,1.9665,12.9019,8.3266,-18.4666,-2.3201,-7.2862,1.0246,-0.1531,9.5577,-10.2333,7.3418,0.4092,-10.9336,-20.0024,13.9804,-9.0049,3.8184,-7.8481,6.5925,11.0258,11.3044,21.6764,-11.9528,-23.7744,-7.5540,-9.6805,1.0847,5.6612,-8.3327,8.5955,-3.8332,-5.7638,5.0494,-6.7721,1.8147,-7.9191,7.2924,6.6823,-11.8908,-9.1789,-19.5610,4.5189,3.0085,-7.9899,11.7812,-5.2820,24.1677,-21.2946,-20.6073,-4.1062,-18.7663,-9.4441,-12.4980,-11.8120,0.1557,12.2961,-8.2915,-2.0161,-8.6748,-8.3733,-18.4938,10.4780,-5.9564,4.5828,-25.4900,-10.3882,5.5780,-20.6972,-16.0009,-14.2878,3.2795,6.3870,-1.7806,-2.8758,-23.0545,-10.9967,-5.8626,-12.1402,-1.2632,-3.0568,-5.0787,-6.6341,4.2841,-29.7121,21.4922,-1.5084,12.9304,17.9512,-6.7497,-10.9264,7.6292,-4.7284,0.5028,-2.1245,-11.3779,14.9723,19.8057,20.8321,-6.4347,-6.5166,-0.0420,-2.7447,-5.6930,13.5939,6.8779,-12.8349,-19.5605,-20.5967,-7.2603,3.0971,17.3152,22.4092,2.3883,-5.6246,-2.6022,-3.3586,-11.2213,-12.0722,18.7465,8.8165,16.8892,4.8685,-12.5341,-7.8172,-8.1756,-5.0734,-7.8741,5.7669,-9.2377,-10.5968,-2.0404,18.2534,0.1109,-11.3415,2.6822,-0.4932,7.6657,27.8663
-3.3323,18.3569,18.9561,-7.9912,-11.6425,18.2198,7.1731,-12.0822,-9.5340,1.3576,10.6561,13.9624,-5.5461,14.2186,-0.0521,7.8198,10.3499,-0.1984,-6.4381,-14.9335,6.8940,-6.8188,-13.5264,-8.4892,14.3775,-15.0797,7.8822,-5.8668,4.3546,4.6739,18.3301,7.0814,-10.6444,11.5552,12.2199,-10.2020,10.6263,24.1848,-6.3141,-5.1797,7.6205,8.8204,-8.4540,11.2759,4.6543,1.0135,2.9688,3.0108,-0.7298,-19.4379,3.2403,-17.7016,-1.5491,-9.5219,6.9041,-3.2190,20.6742,-1.0180,-20.2444,-13.1800,-8.7039,-2.9170,11.7281,21.5827,-21.4944,-5.3575,-15.3352,0.7922,-8.4003,11.0202,-6.9001,6.8097,2.5848,11.3954,2.9813,15.1787,-18.8624,-9.9819,-12.1130,-26.6142,-7.2906,-3.5844,-1.9724,-20.7525,0.3226,12.9942,9.3761,-6.7277,-6.7951,-12.5230,-8.7409,14.5405,-2.8256,1.4100,-8.5949,21.6037,5.5044,-11.4885,-5.2438,7.3025,0.4962,9.8940,-10.3130,-3.3307,12.9527,4.7114,7.9988,-1.9026,23.2622,17.1290,-12.1340,-18.6986,-15.5844,12.4824,-12.0694,-4.7949,13.6464,0.3771,1.9665,12.9019,8.3266,-18.4666,-2.3201,-7.2862,1.0246,-0.1531,9.5577,-10.2333,7.3418,0.4092,-10.9336,-20.0024,13.9804,-9.0049,3.8184,-7.8481,6.5925,11.0258,11.3044,21.6764,-11.9528,-23.7744,-7.5540,-9.6805,1.0847,5.6612,-8.3327,8.5955,-3.8332,-5.7638,5.0494,-6.7721,1.8147,-7.9191,7.2924,6.6823,-11.8908,-9.1789,-19.5610,4.5189,3.0085,-7.9899,11.7812,-5.2820,24.1677,-21.2946,-20.6073,-4.1062,-18.7663,-9.4441,-12.4980,-11.8120,0.1557,12.2961,-8.2915,-2.0161,-8.6748,-8.3733,-18.4938,10.4780,-5.9564,4.5828,-25.4900,-10.3882,5.5780,-20.6972,-16.0009,-14.2878,3.2795,6.3870,-1.7806,-2.8758,-23.0545,-10.9967,-5.8626,-12.1402,-1.2632,-3.0568,-5.0787,-6.6341,4.2841,-29.7121,21.4922,-1.5084,12.9304,17.9512,-6.7497,-10.9264,7.6292,-4.7284,0.5028,-2.1245,-11.3779,14.9723,19.8057,20.8321,-6.4347,-6.5166,-0.0420,-2.7447,-5.6930,13.5940,6.8779,-12.8349,-19.5605,-20.5967,-7.2603,3.0971,17.3152,22.4092,2.3883,-5.6246,-2.6022,-3.3586,-11.2213,-12.0722,18.7465,8.8165,16.8892,4.8685,-12.5341,-7.8172,-8.1756,-5.0734,-7.8741,5.7669,-9.2377,-10.5968,-2.0404,18.2534,0.1109,-11.3415,2.6822,-0.4932,7.6657,27.8663
-3.3323,18.3569,18.9561,-7.9912,-11.6425,18.2198,7.1731,-12.0822,-9.5340,1.3576,10.6561,13.9624,-5.5461,14.2186,-0.0521,7.8198,10.3499,-0.1984,-6.4381,-14.9335,6.8940,-6.8188,-13.5264,-8.4892,14.3775,-15.0797,7.8822,-5.8668,4.3546,4.6739,18.3301,7.0814,-10.6444,11.5552,12.2199,-10.2020,10.6263,24.1848,-6.3141,-5.1797,7.6205,8.8204,-8.4540,11.2759,4.6543,1.0135,2.9688,3.0108,-0.7298,-19.4379,3.2403,-17.7016,-1.5491,-9.5219,6.9041,-3.2190,20.6742,-1.0180,-20.2444,-13.1800,-8.7039,-2.9170,11.7281,21.5827,-21.4944,-5.3575,-15.3352,0.7922,-8.4003,11.0202,-6.9001,6.8097,2.5848,11.3954,2.9813,15.1787,-18.8624,-9.9819,-12.1130,-26.6142,-7.2906,-3.5844,-1.9724,-20.7525,0.3226,12.9942,9.3761,-6.7277,-6.7951,-12.5230,-8.7409,14.5405,-2.8256,1.4100,-8.5949,21.6037,5.5044,-11.4885,-5.2438,7.3025,0.4962,9.8940,-10.3130,-3.3307,12.9527,4.7114,7.9988,-1.9026,23.2622,17.1290,-12.1340,-18.6986,-15.5844,12.4824,-12.0694,-4.7949,13.6464,0.3771,1.9665,12.9019,8.3266,-18.4666,-2.3201,-7.2862,1.0246,-0.1531,9.5577,-10.2333,7.3418,0.4092,-10.9336,-20.0024,13.9804,-9.0049,3.8184,-7.8481,6.5925,11.0258,11.3044,21.6764,-11.9528,-23.7744,-7.5540,-9.6805,1.0847,5.6612,-8.3327,8.5955,-3.8332,-5.7638,5.0494,-6.7721,1.8147,-7.9191,7.2924,6.6823,-11.8908,-9.1789,-19.5610,4.5189,3.0085,-7.9899,11.7812,-5.2820,24.1677,-21.2946,-20.6073,-4.1062,-18.7663,-9.4441,-12.4980,-11.8120,0.1557,12.2961,-8.2915,-2.0161,-8.6748,-8.3733,-18.4938,10.4780,-5.9564,4.5828,-25.4900,-10.3882,5.5780,-20.6972,-16.0009,-14.2878,3.2795,6.3870,-1.7806,-2.8758,-23.0545,-10.9967,-5.8626,-12.1402,-1.2632,-3.0568,-5.0787,-6.6341,4.2841,-29.7121,21.4922,-1.5084,12.9304,17.9512,-6.7497,-10.9264,7.6292,-4.7284,0.5028,-2.1245,-11.3779,14.9723,19.8057,20.8322,-6.4347,-6.5166,-0.0420,-2.7447,-5.6930,13.5940,6.8779,-12.8349,-19.5605,-20.5967,-7.2603,3.0971,17.3152,22.4092,2.3883,-5.6246,-2.6022,-3.3586,-11.2213,-12.0722,18.7465,8.8165,16.8892,4.8685,-12.5341,-7.8172,-8.1756,-5.0734,-7.8741,5.7669,-9.2377,-10.5968,-2.0404,18.2534,0.1109,-11.3415,2.6822,-0.4932,7.6657,27.8663
-3.3323,18.3569,18.9561,-7.9912,-11.6425,18.2198,7.1731,-12.0822,-9.5340,1.3576,10.6561,13.9624,-5.5461,14.2186,-0.0521,7.8198,10.3499,-0.1984,-6.4381,-14.9335,6.8940,-6.8188,-13.5264,-8.4892,14.3775,-15.0797,7.8822,-5.8668,4.3546,4.6739,18.3301,7.0814,-10.6444,11.5552,12.2199,-10.2020,10.6263,24.1848,-6.3141,-5.1797,7.6205,8.8204,-8.4540,11.2759,4.6543,1.0135,2.9688,3.0108,-0.7298,-19.4379,3.2403,-17.7016,-1.5491,-9.5219,6.9041,-3.2190,20.6742,-1.0180,-20.2444,-13.1800,-8.7039,-2.9170,11.7281,21.5827,-21.4944,-5.3575,-15.3352,0.7922,-8.4003,11.0202,-6.9001,6.8097,2.5848,11.3954,2.9813,15.1787,-18.8624,-9.9819,-12.1130,-26.6142,-7.2906,-3.5844,-1.9724,-20.7525,0.3226,12.9942,9.3761,-6.7277,-6.7951,-12.5230,-8.7409,14.5405,-2.8256,1.4100,-8.5949,21.6037,5.5044,-11.4885,-5.2438,7.3025,0.4962,9.8940,-10.3130,-3.3307,12.9527,4.7114,7.9988,-1.9026,23.2622,17.1290,-12.1340,-18.6986,-15.5844,12.4824,-12.0694,-4.7949,13.6464,0.3771,1.9665,12.9019,8.3267,-18.4666,-2.3201,-7.2862,1.0246,-0.1531,9.5577,-10.2333,7.3418,0.4092,-10.9336,-20.0024,13.9804,-9.0049,3.8184,-7.8481,6.5925,11.0258,11.3044,21.6764,-11.9528,-23.7744,-7.5540,-9.6805,1.0847,5.6612,-8.3327,8.5955,-3.8332,-5.7638,5.0494,-6.7721,1.8147,-7.9191,7.2924,6.6823,-11.8908,-9.1789,-19.5610,4.5189,3.0085,-7.9899,11.7812,-5.2820,24.1677,-21.2946,-20.6073,-4.1062,-18.7663,-9.4441,-12.4980,-11.8120,0.1557,12.2961,-8.2915,-2.0161,-8.6748,-8.3733,-18.4938,10.4780,-5.9564,4.5828,-25.4900,-10.3882,5.5780,-20.6972,-16.0009,-14.2878,3.2795,6.3870,-1.7806,-2.8758,-23.0545,-10.9967,-5.8626,-12.1402,-1.2632,-3.0568,-5.0787,-6.6341,4.2841,-29.7121,21.4922,-1.5084,12.9304,17.9512,-6.7497,-10.9264,7.6292,-4.7284,0.5028,-2.1245,-11.3779,14.9723,19.8057,20.8321,-6.4347,-6.5166,-0.0420,-2.7447,-5.6930,13.5940,6.8779,-12.8349,-19.5605,-20.5967,-7.2603,3.0971,17.3152,22.4092,2.3883,-5.6246,-2.6022,-3.3586,-11.2213,-12.0722,18.7465,8.8165,16.8892,4.8685,-12.5341,-7.8172,-8.1756,-5.0734,-7.8741,5.7669,-9.2377,-10.5968,-2.0404,18.2534,0.1109,-11.3415,2.6822,-0.4932,7.6657,27.8663
-1.6989,-0.1127,-3.5914,-1.9483,-4.7705,12.1599,9.0588,-4.5468,-6.9445,1.8857,-0.1318,5.1050,-6.6597,5.6592,-4.6203,2.6732,0.5075,-6.4638,7.0280,-0.5493,6.7520,-3.0733,-0.5576,8.5447,-2.5075,3.3404,2.7819,0.1037,4.0100,-3.0131,6.4590,6.9102,-6.2138,4.9019,11.7857,0.5974,2.8704,19.1077,-6.1411,2.0028,0.3216,2.9337,-0.0863,-3.5145,-7.2748,-5.1096,-12.1261,-0.6760,5.1672,8.4349,-4.3117,-0.0700,3.4303,-2.0435,5.2139,-6.1025,5.9589,13.9266,-5.0624,-7.8839,-3.1016,3.9700,5.2525,5.9941,-2.7799,-1.2944,-14.1746,-8.4707,3.3816,2.6325,-5.1020,5.1266,-1.1109,7.4695,-3.2083,1.9351,-11.6151,-6.4225,1.3602,4.7565,-4.8421,5.8282,-1.8184,-0.6960,2.4498,-0.6593,1.0826,6.5264,1.6557,5.3140,0.5746,9.1625,2.4809,-14.0648,2.0799,7.6553,-0.8633,0.7029,4.9018,-7.5951,-2.1421,-6.5658,-3.3309,1.3971,-5.5823,4.9675,-5.0708,0.6936,13.9879,5.8328,-4.7935,6.7620,-6.9513,-2.1263,-4.1576,-5.0551,6.5087,-0.6608,5.5874,5.8394,6.5237,-1.7543,-3.2357,-7.6209,-1.0440,-7.0039,3.4416,-5.3115,-3.9499,-0.5149,1.3523,-9.8175,6.7973,4.5870,-1.9048,-4.5689,7.4887,7.1502,5.4923,-3.5934,-1.7282,-8.6024,-4.8734,6.0421,-1.6600,0.8356,7.3001,-3.6858,1.7648,2.5550,-0.2901,-1.3960,-4.8262,-1.0896,1.4383,-3.2530,11.6295,0.6583,2.1724,-0.7782,-1.0623,-1.7566,-4.4695,-14.3831,13.0046,-2.1942,-7.0083,-2.1615,-3.8766,-0.4194,-1.1938,-4.5680,3.8614,-6.2888,-0.6035,-1.0325,4.1069,-1.3002,-11.4320,0.3683,-5.8240,7.3517,-6.4050,9.2539,5.1011,0.2649,-1.6115,2.9624,0.4434,8.3432,-6.1809,-1.0350,-9.0492,1.9110,-2.5571,-7.2852,5.5020,2.6307,-7.5804,-5.0888,-2.2319,-16.0036,8.6781,3.7174,-2.3063,8.4657,-4.6986,2.4126,2.9458,3.3612,-6.7637,-13.5872,-8.6140,-1.8306,-7.1635,10.4130,-3.0976,-0.0462,1.2038,-1.8355,4.8648,-0.0918,3.3707,-8.7247,6.3940,-14.4361,3.3325,3.8716,3.3716,10.6891,3.2827,5.3050,-0.8864,-2.1346,3.7770,-2.8046,11.6989,-10.7000,-4.1083,-1.7932,-1.9154,-7.0277,-3.7128,9.8090,-2.5878,-4.4537,2.5485,0.1973,-0.5433,-3.3074,7.8136,-2.6095,-3.8208,-2.3006,-1.5888,15.8388
-1.6989,-0.1127,-3.5914,-1.9483,-4.7705,12.1599,9.0588,-4.5468,-6.9445,1.8857,-0.1318,5.1050,-6.6597,5.6592,-4.6203,2.6732,0.5075,-6.4638,7.0280,-0.5493,6.7520,-3.0733,-0.5576,8.5447,-2.5075,3.3404,2.7819,0.1037,4.0100,-3.0131,6.4590,6.9102,-6.2138,4.9019,11.7857,0.5974,2.8704,19.1077,-6.1411,2.0028,0.3216,2.9337,-0.0863,-3.5145,-7.2748,-5.1096,-12.1261,-0.6760,5.1672,8.4349,-4.3117,-0.0700,3.4303,-2.0435,5.2139,-6.1025,5.9589,13.9266,-5.0624,-7.8839,-3.1016,3.9700,5.2525,5.9941,-2.7799,-1.2944,-14.1746,-8.4707,3.3816,2.6325,-5.1020,5.1266,-1.1109,7.4695,-3.2083,1.9351,-11.6151,-6.4225,1.3602,4.7565,-4.8421,5.8282,-1.8184,-0.6960,2.4498,-0.6593,1.0826,6.5264,1.6557,5.3140,0.5746,9.1625,2.4809,-14.0648,2.0799,7.6553,-0.8633,0.7029,4.9018,-7.5951,-2.1421,-6.5658,-3.3309,1.3971,-5.5823,4.9675,-5.0708,0.6936,13.9879,5.8328,-4.7935,6.7620,-6.9513,-2.1263,-4.1576,-5.0551,6.5087,-0.6608,5.5874,5.8394,6.5237,-1.7543,-3.2357,-7.6209,-1.0440,-7.0039,3.4416,-5.3115,-3.9499,-0.5149,1.3523,-9.8175,6.7973,4.5870,-1.9048,-4.5689,7.4887,7.1502,5.4923,-3.5934,-1.7282,-8.6024,-4.8734,6.0421,-1.6600,0.8356,7.3001,-3.6858,1.7648,2.5550,-0.2901,-1.3960,-4.8262,-1.0896,1.4383,-3.2530,11.6295,0.6583,2.1724,-0.7782,-1.0623,-1.7566,-4.4695,-14.3831,13.0046,-2.1942,-7.0083,-2.1615,-3.8766,-0.4194,-1.1938,-4.5680,3.8614,-6.2888,-0.6035,-1.0325,4.1069,-1.3002,-11.4320,0.3683,-5.8240,7.3517,-6.4050,9.2539,5.1011,0.2649,-1.6115,2.9624,0.4434,8.3432,-6.1809,-1.0350,-9.0492,1.9110,-2.5571,-7.2852,5.5020,2.6307,-7.5804,-5.0888,-2.2319,-16.0036,8.6781,3.7174,-2.3063,8.4658,-4.6986,2.4126,2.9458,3.3612,-6.7637,-13.5872,-8.6140,-1.8306,-7.1635,10.4130,-3.0976,-0.0462,1.2038,-1.8355,4.8648,-0.0918,3.3707,-8.7247,6.3940,-14.4361,3.3325,3.8716,3.3716,10.6891,3.2827,5.3050,-0.8864,-2.1346,3.7770,-2.8046,11.6989,-10.7000,-4.1083,-1.7932,-1.9154,-7.0277,-3.7128,9.8090,-2.5878,-4.4537,2.5485,0.1973,-0.5433,-3.3074,7.8136,-2.6095,-3.8208,-2.3006,-1.5888,15.8388
-1.6989,-0.1127,-3.5914,-1.9483,-4.7705,12.1599,9.0588,-4.5468,-6.9445,1.8857,-0.1318,5.1050,-6.6597,5.6592,-4.6203,2.6732,0.5075,-6.4638,7.0280,-0.5493,6.7520,-3.0733,-0.5576,8.5447,-2.5075,3.3404,2.7819,0.1037,4.0100,-3.0131,6.4590,6.9103,-6.2138,4.9019,11.7857,0.5974,2.8704,19.1077,-6.1411,2.0028,0.3216,2.9337,-0.0863,-3.5145,-7.2748,-5.1096,-12.1261,-0.6760,5.1672,8.4349,-4.3117,-0.0700,3.4303,-2.0435,5.2139,-6.1025,5.9589,13.9266,-5.0624,-7.8839,-3.1016,3.9700,5.2525,5.9941,-2.7799,-1.2944,-14.1746,-8.4707,3.3816,2.6325,-5.1020,5.1266,-1.1109,7.4695,-3.2083,1.9351,-11.6151,-6.4225,1.3602,4.7565,-4.8421,5.8282,-1.8184,-0.6960,2.4498,-0.6593,1.0826,6.5264,1.6557,5.3140,0.5746,9.1625,2.4809,-14.0648,2.0799,7.6553,-0.8633,0.7029,4.9018,-7.5951,-2.1421,-6.5658,-3.3309,1.3971,-5.5823,4.9675,-5.0708,0.6936,13.9879,5.8328,-4.7935,6.7620,-6.9513,-2.1263,-4.1576,-5.0551,6.5087,-0.6608,5.5874,5.8394,6.5237,-1.7543,-3.2357,-7.6209,-1.0440,-7.0039,3.4416,-5.3115,-3.9499,-0.5149,1.3523,-9.8175,6.7973,4.5870,-1.9048,-4.5689,7.4887,7.1502,5.4923,-3.5934,-1.7282,-8.6024,-4.8734,6.0421,-1.6600,0.8356,7.3001,-3.6858,1.7648,2.5550,-0.2901,-1.3960,-4.8262,-1.0896,1.4383,-3.2530,11.6295,0.6583,2.1724,-0.7782,-1.0623,-1.7566,-4.4695,-14.3831,13.0046,-2.1942,-7.0083,-2.1615,-3.8766,-0.4194,-1.1938,-4.5680,3.8614,-6.2888,-0.6035,-1.0325,4.1069,-1.3002,-11.4320,0.3683,-5.8240,7.3517,-6.4050,9.2539,5.1011,0.2649,-1.6115,2.9624,0.4434,8.3432,-6.1809,-1.0350,-9.0492,1.9110,-2.5571,-7.2852,5.5020,2.6307,-7.5804,-5.0888,-2.2319,-16.0036,8.6781,3.7174,-2.3063,8.4657,-4.6986,2.4126,2.9458,3.3612,-6.7637,-13.5872,-8.6140,-1.8306,-7.1635,10.4130,-3.0976,-0.0462,1.2038,-1.8355,4.8648,-0.0918,3.3707,-8.7247,6.3940,-14.4361,3.3325,3.8716,3.3716,10.6891,3.2827,5.3050,-0.8864,-2.1346,3.7770,-2.8046,11.6989,-10.7000,-4.1083,-1.7932,-1.9154,-7.0277,-3.7128,9.8090,-2.5878,-4.4537,2.5485,0.1973,-0.5433,-3.3074,7.8136,-2.6095,-3.8208,-2.3006,-1.5888,15.8388
0.1737,-7.1941,1.7072,8.6068,5.6285,0.2984,13.7910,-4.3110,-2.4112,3.1843,-0.8150,7.2419,-3.7498,7.6149,-6.2599,-2.0868,0.0257,-0.4893,0.9945,-8.4924,3.0619,-3.0374,-2.9604,2.0590,-4.6098,0.5605,5.4613,-2.2102,0.6211,-0.1581,3.3696,0.4466,-6.4083,3.9978,13.7267,2.9333,1.8573,12.4742,3.2734,-0.6071,0.1298,4.3845,1.7304,5.9626,-6.9246,1.9162,-1.8212,1.1874,6.4791,2.0805,-0.3460,-0.4300,-1.7529,-4.9248,-3.1359,3.0652,5.1089,11.5844,3.2857,-6.6152,2.9893,2.1428,-5.2351,1.4726,-0.5734,2.4845,-13.9384,-4.4361,-5.0867,3.6921,3.8481,3.8587,-1.0841,2.4818,-3.1236,4.7067,-7.8017,-2.8088,0.0652,1.8898,2.8186,-0.4095,-4.4224,-4.0584,5.1240,-8.5420,-0.4828,2.7177,-3.6641,1.4541,0.6203,9.0616,-3.1782,-7.4532,0.5525,7.8889,8.0827,-2.3317,0.9890,-5.7211,3.0395,-0.6556,0.8492,-2.4371,-3.2963,-3.9925,-7.4436,6.0978,-0.1738,8.5919,-0.2885,4.0871,0.0788,1.8707,-0.5762,-10.6234,-4.0998,-2.6416,0.5223,-0.4491,2.6359,3.3492,1.3981,-8.5365,-3.4477,-1.3242,5.9627,-5.8764,-5.1825,-2.0231,-1.9440,-11.2922,3.4102,-2.7887,-7.4125,4.1386,-3.2902,-4.1902,-2.5493,-0.7900,-2.4842,-2.3059,-6.2587,1.8320,-0.9434,2.8839,4.1716,-0.7659,1.6401,-7.1798,3.9890,-0.9988,-0.6234,-3.9198,0.8455,0.1533,1.1041,-4.4479,0.5039,0.7576,-4.0867,4.5087,-2.8617,-3.3220,8.3849,-7.8214,-3.4929,-7.4185,-6.4039,11.7015,-6.9555,-2.3857,7.2105,-1.7122,7.1647,4.1543,-0.8188,-6.8407,-8.6117,-7.7247,-0.7530,4.8652,-8.1112,2.1939,0.5753,-1.8040,4.8701,2.6895,-0.0045,-4.8175,-3.9738,-0.9373,-6.5325,-0.2437,-3.7322,1.4109,0.4783,-0.9622,-7.0030,-15.4145,-3.5051,-12.9780,6.4019,-3.0141,2.5901,-0.2719,-5.8935,-5.9277,3.3690,-4.5654,-4.0149,-5.3721,-0.2908,-3.9446,2.9043,-3.6332,-6.6837,-3.6369,8.1024,1.9286,3.5274,-7.2971,4.0079,-7.5367,2.9409,-8.0130,13.8327,3.5033,7.2735,7.5435,-0.0721,7.4688,4.1453,-6.6437,-2.0278,-2.9194,9.8526,-6.1716,0.1235,-6.9108,3.5770,-6.2937,-5.6975,2.7877,-10.0640,-3.3894,-0.7209,-5.0272,8.2513,-1.2915,8.9975,-0.9573,-0.9809,0.0384,-1.2856,-1.0071
0.1737,-7.1941,1.7072,8.6068,5.6285,0.2984,13.7910,-4.3110,-2.4112,3.1843,-0.8150,7.2419,-3.7498,7.6149,-6.2599,-2.0868,0.0257,-0.4893,0.9945,-8.4924,3.0619,-3.0374,-2.9604,2.0590,-4.6098,0.5605,5.4613,-2.2102,0.6211,-0.1581,3.3696,0.4466,-6.4083,3.9978,13.7267,2.9333,1.8573,12.4742,3.2734,-0.6071,0.1298,4.3845,1.7304,5.9626,-6.9246,1.9162,-1.8212,1.1874,6.4791,2.0805,-0.3460,-0.4300,-1.7529,-4.9248,-3.1359,3.0652,5.1089,11.5844,3.2857,-6.6152,2.9893,2.1428,-5.2351,1.4726,-0.5734,2.4845,-13.9384,-4.4361,-5.0867,3.6921,3.8481,3.8587,-1.0841,2.4818,-3.1236,4.7067,-7.8017,-2.8088,0.0652,1.8898,2.8186,-0.4095,-4.4224,-4.0584,5.1240,-8.5420,-0.4828,2.7177,-3.6641,1.4541,0.6203,9.0616,-3.1782,-7.4532,0.5525,7.8889,8.0827,-2.3317,0.9890,-5.7211,3.0395,-0.6556,0.8492,-2.4371,-3.2963,-3.9925,-7.4436,6.0978,-0.1738,8.5919,-0.2885,4.0871,0.0788,1.8707,-0.5762,-10.6234,-4.0998,-2.6416,0.5223,-0.4491,2.6359,3.3492,1.3981,-8.5365,-3.4477,-1.3242,5.9627,-5.8764,-5.1825,-2.0231,-1.9440,-11.2922,3.4102,-2.7887,-7.4125,4.1386,-3.2902,-4.1902,-2.5493,-0.7900,-2.4842,-2.3059,-6.2587,1.8320,-0.9434,2.8839,4.1716,-0.7659,1.6401,-7.1798,3.9890,-0.9988,-0.6234,-3.9198,0.8455,0.1533,1.1041,-4.4479,0.5039,0.7576,-4.0867,4.5087,-2.8617,-3.3220,8.3849,-7.8214,-3.4929,-7.4185,-6.4039,11.7015,-6.9555,-2.3857,7.2105,-1.7122,7.1647,4.1543,-0.8188,-6.8407,-8.6117,-7.7247,-0.7530,4.8652,-8.1112,2.1939,0.5753,-1.8040,4.8701,2.6895,-0.0045,-4.8175,-3.9738,-0.9373,-6.5325,-0.2437,-3.7322,1.4109,0.4783,-0.9622,-7.0030,-15.4145,-3.5050,-12.9780,6.4019,-3.0141,2.5901,-0.2719,-5.8935,-5.9277,3.3690,-4.5654,-4.0149,-5.3721,-0.2908,-3.9446,2.9043,-3.6332,-6.6837,-3.6369,8.1024,1.9286,3.5274,-7.2971,4.0079,-7.5367,2.9409,-8.0130,13.8327,3.5033,7.2735,7.5435,-0.0721,7.4688,4.1453,-6.6437,-2.0278,-2.9194,9.8526,-6.1716,0.1235,-6.9108,3.5770,-6.2937,-5.6975,2.7877,-10.0640,-3.3894,-0.7209,-5.0272,8.2513,-1.2915,8.9975,-0.9573,-0.9809,0.0384,-1.2856,-1.0071
0.3628,-1.6516,-0.6721,-2.7633,5.2476,4.7345,9.9396,3.4103,-5.5049,-0.4550,1.0229,-0.0601,1.5536,-4.3550,-4.4879,2.2368,3.7342,3.6880,6.8738,4.3023,0.7092,-1.7612,-2.8627,-0.2403,4.4167,-3.9715,9.9176,7.6155,2.7883,-4.7867,5.9077,-5.0736,-15.1472,6.1971,10.1934,4.3538,-0.8608,5.6649,-6.8397,-2.4050,-2.9490,5.4620,-3.5329,0.1183,0.0420,-3.1111,-6.9562,1.4549,1.3795,-0.7311,0.7552,1.0126,-1.3690,3.7838,6.5173,0.2703,1.5246,9.4594,2.3963,3.4772,4.0649,-0.3344,-2.7350,10.6597,-6.4358,0.0806,-8.9728,-5.8295,4.0072,1.1998,-0.9424,2.0354,-7.8535,0.4101,6.6540,-0.8770,-9.6730,3.2843,-2.5050,-4.5689,-2.6066,-2.1561,0.0533,-0.8917,5.2700,-2.9277,2.9344,7.6127,0.4096,7.4465,0.9769,6.6162,-4.4748,0.0308,2.6190,5.1423,1.9892,-0.3989,4.1275,-1.4559,-0.7884,2.1098,-2.1817,0.0578,3.0540,-4.1920,-3.8193,4.0663,9.4920,1.0916,0.1098,2.4132,-7.6824,-5.6294,5.0726,-4.5600,0.2312,-1.4892,0.0699,1.9151,-3.3152,-1.4124,3.4521,-1.9844,-4.7198,-7.3992,0.4663,-2.1606,-5.3320,-0.5492,-5.8998,-11.8665,7.6527,-3.3971,-0.0250,0.9225,-0.3472,2.4390,3.6445,-5.1715,3.4329,-10.3572,-9.9655,1.0536,-0.7720,-1.9729,-0.4707,-5.2779,-4.7081,-1.1518,6.0033,-0.5806,0.1626,-2.7754,3.3551,-2.0188,5.3119,-3.4175,-6.1795,-0.8744,1.7104,3.5429,0.3256,-0.6821,8.2354,-2.1887,2.8024,-5.1303,-4.5926,5.8074,-2.4515,-0.1718,-1.9176,2.5205,1.2933,0.4423,1.9960,-4.8859,-9.1051,0.6395,0.2934,5.7821,-5.5983,2.6184,6.8765,6.1059,0.8027,-2.1801,-4.5031,-6.1335,-3.3035,-2.2386,-3.4269,-4.7778,1.1202,-1.8261,2.4928,-1.6154,-11.5127,-6.7371,2.7060,-15.9068,3.2340,0.7290,-4.1962,4.3503,-5.4790,-3.6456,6.1571,-0.5431,-5.7137,-2.0280,3.0510,-1.3697,-1.6593,-0.3446,0.9114,3.5804,-5.1361,0.6919,5.2800,-0.9930,-5.6741,-1.9562,3.6238,-11.3848,7.3750,3.4862,2.4702,9.2290,-3.0053,2.8304,4.7882,1.9816,-4.1224,-9.1001,9.7499,-2.9304,2.1521,-3.4549,-0.2015,-1.9019,0.9144,-1.2317,0.0910,-5.4017,-6.3537,1.4153,-0.8793,-1.2943,-0.3208,3.1756,-4.3424,4.0932,3.5817,10.2891
0.9585,3.2797,25.9647,2.8745,7.3544,5.2143,18.2444,-3.0036,-17.3039,17.7961,-10.0017,17.9698,-7.2324,18.2820,-6.3519,-13.5236,11.7742,15.9615,3.8157,-8.2211,-3.1987,12.9382,-2.8399,-15.2900,-1.3734,-6.1727,14.1664,-5.9342,-13.3125,-4.7680,27.0987,6.9328,-22.7491,-2.3128,13.2243,17.1330,-12.0180,33.2209,8.2254,-5.9143,-3.7945,-2.6630,5.3581,-0.9281,-16.0004,9.6957,1.4230,3.3035,-8.3070,-1.1689,9.3891,-11.6493,1.1491,0.1021,-10.7525,-10.4111,13.6388,22.4735,13.9297,2.7885,0.4034,-1.7555,16.8353,-6.8298,-9.5729,13.0715,-40.0605,17.0352,-12.9340,18.3293,-8.9399,6.2700,-12.7052,4.2746,-7.5068,3.9755,-2.2870,1.8782,1.0720,-18.4470,-1.5961,4.3352,-0.6849,-17.6039,1.4204,11.0352,-0.8170,12.3625,-0.3673,0.6005,-13.4708,0.4203,-0.4794,-7.7171,20.1780,19.0610,6.1729,4.2339,0.0744,-2.2152,14.4693,2.7241,5.6345,0.2700,13.4626,10.1881,0.6578,-9.2256,-1.2368,14.2182,-11.8577,10.4070,-14.0012,9.6101,-6.3309,-3.1552,-7.7952,2.9070,-7.2903,11.4559,2.3777,-14.3052,17.8491,1.5729,9.3008,4.1280,-8.6948,-6.2962,-4.6415,0.7721,-19.0030,-30.8640,-0.5121,-5.3068,-3.1602,0.6177,-1.2677,5.8158,8.0238,5.1817,-14.8609,-29.4361,-27.5029,-6.9689,-3.7037,3.6559,-10.9442,0.2172,6.8860,-9.3618,-3.5026,-7.6205,-5.4402,8.5857,-5.1092,-9.7617,-9.5286,7.0702,5.9562,3.9203,0.5861,9.5954,-0.7937,15.7045,22.7548,-18.8803,-13.6524,-3.9895,-22.6819,16.3260,0.5502,16.8175,8.7291,-7.7694,-11.0597,14.4660,9.6424,-7.5676,-13.5592,-14.5949,-14.9122,-8.2296,-28.7443,3.2376,-11.0289,-6.6064,-13.7444,-3.0890,4.5672,4.3924,-12.5916,1.1554,-15.3881,-13.3665,-11.3147,-18.8206,0.5680,-2.0146,9.1430,-28.6790,-19.6953,-28.8906,22.0390,-16.4178,13.1575,18.3468,-19.4001,9.5435,1.6571,-2.7311,-21.5528,-0.6332,-11.2735,8.4762,16.0418,-2.5555,-15.0536,-15.2124,11.7949,7.3835,3.0100,-16.2371,20.0741,-11.6915,-5.4809,-26.9787,12.9924,-10.9266,10.0314,31.8027,23.4078,10.7961,-3.3334,-3.3029,-14.2789,-5.6588,17.2061,-17.5306,-9.4894,-15.8263,-4.0917,-26.0267,-2.2251,3.0721,-17.8372,-18.5991,-16.9662,-21.8842,19.3321,0.2377,5.1198,-2.7481,11.0741,-14.4397,18.7912,-1.4350
1.7810,14.0081,6.0226,15.5960,-5.0348,10.0650,13.8503,-13.9390,6.0513,18.0042,-1.7453,11.0991,-11.6092,7.3978,-15.7962,10.7213,-8.2000,-2.0621,-5.7467,-15.5665,19.3611,-4.4823,-16.8117,11.1116,-9.7079,16.0457,15.3986,6.5833,9.6729,6.0414,18.4538,-11.9151,2.0793,5.2600,27.9877,4.8941,1.9303,22.2466,-0.9787,-15.1735,8.9027,-5.2262,6.6975,14.1569,0.8082,-19.3647,-13.0474,-10.3335,20.4434,8.8196,16.8664,8.1300,1.7233,-19.3768,-5.1538,0.4387,25.4660,6.9367,0.1493,-16.4341,6.1633,1.2552,-1.0905,6.9823,-15.8401,9.7149,-30.8002,17.5346,-8.3861,6.9904,-1.1344,15.8033,-10.9597,17.8226,7.1967,14.1034,-30.7294,-6.4135,-17.0017,-26.0793,1.0978,17.1399,16.8173,-21.9892,18.9978,-2.3111,8.8197,9.4278,7.1661,-14.1198,12.3910,8.8129,-2.1674,13.7318,-0.8998,23.5281,12.4599,-24.2855,-0.0595,9.0664,-6.8905,22.6260,13.8096,-5.0285,-12.8353,-15.1120,-15.0792,12.8526,-4.9598,5.9558,-14.8503,-4.4773,-5.0042,-5.7980,19.3428,-2.8802,7.6940,-24.3510,8.6572,-1.6955,-4.8024,5.1499,-0.9379,-16.2569,0.5913,-6.3131,6.1285,-10.9335,-6.7139,20.1177,4.2222,-13.4584,15.3964,-19.4988,-11.5514,-20.6737,3.9002,25.7760,15.1600,4.6589,11.2060,-12.0950,-16.9298,7.2810,1.0838,-7.5643,-9.0582,5.8156,-17.8018,-28.2176,1.0990,-1.0275,6.1313,-9.8690,1.4997,-3.1140,13.8917,-16.8189,1.1114,9.6578,-9.9367,-5.2317,5.5479,-11.5734,7.4493,-11.9750,5.4774,4.4673,-21.3904,5.0400,-8.8500,-5.9003,-14.8061,-1.3502,1.4134,1.8242,12.7949,-3.9002,-5.3147,2.6639,-4.7915,12.3394,-21.1826,14.4202,13.7409,-19.1961,-1.0814,7.5725,8.8361,5.8110,-7.0059,-7.1136,-19.9093,-10.0712,5.2705,3.6005,-3.7888,14.6182,-21.5223,-21.3014,-10.3630,-21.8113,3.0364,-21.9611,12.7026,11.6208,4.6494,-7.5801,13.3298,27.2619,6.2506,4.5582,-23.5082,19.7681,3.9484,19.2235,-6.7571,17.0661,22.2669,-2.6099,20.5266,-0.4764,12.5264,-13.4412,-12.0347,-14.0938,8.5652,7.1193,-3.5908,22.1782,19.0259,19.2933,24.4797,6.2851,-8.7331,-1.9215,12.6352,-7.5572,14.6958,-4.8168,4.0081,10.5447,-0.9034,8.9591,-7.5478,-10.0584,-7.9424,-13.5693,4.4950,26.7914,13.1299,-10.9310,-23.2072,-0.8162,17.1461,13.0306
1.7810,14.0081,6.0226,15.5960,-5.0348,10.0650,13.8503,-13.9390,6.0513,18.0042,-1.7453,11.0991,-11.6092,7.3978,-15.7962,10.7213,-8.2000,-2.0621,-5.7467,-15.5665,19.3611,-4.4823,-16.8117,11.1116,-9.7079,16.0457,15.3986,6.5833,9.6729,6.0414,18.4538,-11.9151,2.0793,5.2600,27.9877,4.8941,1.9303,22.2466,-0.9787,-15.1735,8.9027,-5.2262,6.6975,14.1569,0.8082,-19.3647,-13.0474,-10.3335,20.4434,8.8196,16.8664,8.1300,1.7233,-19.3768,-5.1538,0.4387,25.4660,6.9367,0.1493,-16.4341,6.1633,1.2552,-1.0905,6.9823,-15.8401,9.7149,-30.8002,17.5346,-8.3861,6.9904,-1.1344,15.8033,-10.9597,17.8226,7.1967,14.1034,-30.7294,-6.4135,-17.0017,-26.0793,1.0978,17.1399,16.8173,-21.9892,18.9978,-2.3111,8.8197,9.4278,7.1661,-14.1198,12.3910,8.8129,-2.1674,13.7318,-0.8998,23.5281,12.4599,-24.2855,-0.0595,9.0664,-6.8905,22.6260,13.8096,-5.0285,-12.8353,-15.1120,-15.0792,12.8526,-4.9598,5.9558,-14.8503,-4.4773,-5.0042,-5.7980,19.3428,-2.8802,7.6940,-24.3510,8.6572,-1.6955,-4.8024,5.1499,-0.9379,-16.2569,0.5913,-6.3131,6.1285,-10.9335,-6.7139,20.1177,4.2222,-13.4584,15.3964,-19.4988,-11.5514,-20.6737,3.9002,25.7760,15.1600,4.6589,11.2060,-12.0950,-16.9298,7.2810,1.0838,-7.5643,-9.0582,5.8156,-17.8018,-28.2176,1.0991,-1.0275,6.1313,-9.8690,1.4997,-3.1140,13.8917,-16.8189,1.1114,9.6578,-9.9367,-5.2317,5.5479,-11.5734,7.4493,-11.9750,5.4774,4.4673,-21.3904,5.0400,-8.8500,-5.9003,-14.8061,-1.3502,1.4134,1.8242,12.7949,-3.9002,-5.3147,2.6639,-4.7915,12.3394,-21.1826,14.4202,13.7409,-19.1961,-1.0814,7.5725,8.8361,5.8110,-7.0059,-7.1136,-19.9093,-10.0712,5.2705,3.6005,-3.7888,14.6182,-21.5223,-21.3014,-10.3630,-21.8113,3.0364,-21.9611,12.7026,11.6208,4.6494,-7.5801,13.3298,27.2619,6.2506,4.5582,-23.5082,19.7681,3.9484,19.2235,-6.7571,17.0661,22.2669,-2.6099,20.5266,-0.4764,12.5264,-13.4412,-12.0347,-14.0938,8.5652,7.1193,-3.5908,22.1782,19.0259,19.2933,24.4797,6.2851,-8.7331,-1.9215,12.6352,-7.5572,14.6958,-4.8168,4.0081,10.5447,-0.9034,8.9591,-7.5478,-10.0584,-7.9424,-13.5693,4.4950,26.7914,13.1299,-10.9310,-23.2072,-0.8162,17.1461,13.0306
4.5180,-0.4348,-4.7670,-6.8318,10.4720,-5.4111,11.2595,-6.4559,8.4699,12.3327,-18.8081,11.0914,2.0149,4.2290,3.3637,8.0907,8.5936,-9.0012,15.6230,-13.8728,7.8383,3.5236,-12.8293,-10.1647,11.6657,-15.4687,18.6033,-11.6431,-5.6063,-1.2986,6.2660,6.2163,-9.5936,-9.2861,25.7187,2.8072,5.5685,18.6548,5.1470,-1.5385,-11.9979,5.4196,-11.2684,4.9252,-14.5048,-6.9604,2.0984,19.4679,5.7267,-4.5445,-1.3291,1.1262,-15.8063,1.5468,-9.7437,-5.1148,16.2310,16.5736,3.3315,-5.0987,14.1813,4.8068,2.3661,5.3142,-11.0467,2.5541,-17.3428,0.8857,-6.0423,17.2135,-3.0920,23.3158,-12.5277,-7.2545,1.0335,14.6028,-14.7414,4.3388,-8.2268,-17.5236,-10.4283,-4.2400,8.6467,-12.6194,21.0604,8.4563,-10.3179,13.9170,9.5375,-4.9030,7.7594,6.8657,2.3524,-3.5878,-11.4813,14.1802,7.0865,-1.3249,4.1881,-9.0518,-6.8435,20.2292,11.6914,8.5704,-7.7472,-8.8172,-11.6789,1.1585,7.5008,19.9469,7.2781,6.1544,-16.5713,7.0505,7.6173,-14.1417,-1.3943,-3.8646,7.4425,14.5545,-10.1645,-13.2833,7.6904,-12.3288,-14.1703,-0.4502,13.3414,-12.2068,8.0958,0.4887,-22.1704,-21.5274,17.8479,-12.5323,-5.6414,4.3452,-9.7959,11.8450,21.9362,-4.6247,-14.3512,-7.5939,-8.6103,16.0985,7.3443,0.1230,-4.6058,-11.2590,-4.5206,-11.7162,-2.0962,4.4412,-21.4454,3.7609,-4.3972,2.3700,-5.3939,-1.2324,-8.9946,-11.4816,-8.9290,18.3748,4.3570,3.1469,28.8187,-13.4229,-14.8361,18.9159,1.4036,9.8618,-1.5436,3.9205,-1.3190,-10.9411,8.9475,5.4141,10.5769,-4.7364,-3.7526,-0.3647,8.2464,10.4367,-22.3403,10.0528,10.9900,-4.6958,-17.3770,-11.9634,1.1108,-6.2673,-16.8193,-10.1589,-18.5696,12.0468,-8.2597,-6.2222,-13.3973,-10.4488,-7.1023,-23.9265,4.0549,-19.0805,14.6098,-10.4300,6.4123,22.5512,-17.7104,2.6589,5.9456,5.6902,-9.7431,8.1250,-4.9320,9.1516,8.1850,6.6897,-0.2433,6.6041,-1.3695,21.0086,10.6880,-5.0099,9.6813,3.2553,-12.7090,-26.3101,17.3975,-4.7483,7.1043,20.1557,11.7995,7.3991,15.7548,-6.4866,-10.3169,-14.0788,25.6477,-16.1152,4.0156,-10.6919,-9.6905,-21.6422,-11.9699,-5.8230,-0.6707,-10.3266,-18.7858,-9.7885,2.0506,-0.2335,3.0659,8.3365,-1.4439,-1.5470,12.8774,6.6984
4.5180,-0.4348,-4.7670,-6.8318,10.4720,-5.4111,11.2595,-6.4559,8.4699,12.3327,-18.8081,11.0914,2.0149,4.2290,3.3637,8.0907,8.5936,-9.0012,15.6230,-13.8728,7.8383,3.5236,-12.8293,-10.1647,11.6657,-15.4687,18.6033,-11.6431,-5.6063,-1.2986,6.2660,6.2163,-9.5935,-9.2861,25.7187,2.8072,5.5685,18.6548,5.1470,-1.5385,-11.9979,5.4196,-11.2684,4.9252,-14.5048,-6.9604,2.0984,19.4679,5.7267,-4.5445,-1.3291,1.1262,-15.8063,1.5468,-9.7437,-5.1148,16.2310,16.5736,3.3315,-5.0987,14.1813,4.8068,2.3661,5.3142,-11.0467,2.5541,-17.3428,0.8857,-6.0423,17.2135,-3.0920,23.3158,-12.5277,-7.2545,1.0335,14.6028,-14.7414,4.3388,-8.2268,-17.5236,-10.4283,-4.2400,8.6467,-12.6194,21.0604,8.4563,-10.3179,13.9170,9.5375,-4.9030,7.7594,6.8657,2.3524,-3.5878,-11.4813,14.1802,7.0865,-1.3249,4.1881,-9.0518,-6.8435,20.2292,11.6914,8.5704,-7.7472,-8.8172,-11.6789,1.1585,7.5008,19.9469,7.2781,6.1544,-16.5713,7.0505,7.6173,-14.1417,-1.3943,-3.8646,7.4425,14.5545,-10.1645,-13.2833,7.6904,-12.3288,-14.1703,-0.4502,13.3414,-12.2068,8.0958,0.4887,-22.1704,-21.5274,17.8479,-12.5323,-5.6414,4.3452,-9.7959,11.8450,21.9362,-4.6247,-14.3512,-7.5939,-8.6103,16.0985,7.3443,0.1230,-4.6058,-11.2590,-4.5206,-11.7162,-2.0962,4.4412,-21.4454,3.7609,-4.3972,2.3700,-5.3939,-1.2324,-8.9946,-11.4816,-8.9290,18.3748,4.3570,3.1469,28.8187,-13.4229,-14.8361,18.9159,1.4036,9.8618,-1.5436,3.9205,-1.3190,-10.9411,8.9475,5.4141,10.5769,-4.7364,-3.7526,-0.3647,8.2464,10.4367,-22.3403,10.0528,10.9900,-4.6958,-17.3770,-11.9634,1.1108,-6.2673,-16.8193,-10.1589,-18.5696,12.0468,-8.2597,-6.2222,-13.3973,-10.4488,-7.1023,-23.9265,4.0549,-19.0805,14.6098,-10.4300,6.4123,22.5512,-17.7104,2.6589,5.9456,5.6902,-9.7431,8.1250,-4.9320,9.1516,8.1850,6.6897,-0.2433,6.6041,-1.3695,21.0086,10.6880,-5.0099,9.6813,3.2553,-12.7090,-26.3101,17.3975,-4.7483,7.1043,20.1557,11.7995,7.3991,15.7548,-6.4866,-10.3169,-14.0788,25.6477,-16.1152,4.0156,-10.6919,-9.6905,-21.6422,-11.9699,-5.8230,-0.6707,-10.3266,-18.7858,-9.7885,2.0506,-0.2335,3.0659,8.3365,-1.4439,-1.5470,12.8774,6.6984
4.9837,1.8231,5.5897,3.5027,-7.1212,14.7497,22.8251,-16.3985,-13.5490,9.5812,14.8920,-5.9985,-8.3840,-0.1930,6.3677,8.9090,-11.8660,-20.3234,12.1991,-17.3882,17.8007,-4.1546,-11.7038,0.1146,14.8733,-12.2278,10.7934,-5.5002,1.7817,7.7493,31.6383,11.0304,-16.9745,-7.6893,16.8538,-6.2534,19.1292,19.6725,11.2338,-13.6045,17.7541,11.2689,0.1085,-3.5955,-8.8194,12.6636,1.4816,21.5991,-2.6037,1.5421,-5.9921,0.5577,-1.3871,-0.9188,9.9609,-2.1158,0.8756,1.2162,-21.1037,-16.1360,5.8995,2.9852,-7.8503,2.0905,-3.5150,11.5631,-17.4315,-31.9879,9.6474,2.9416,4.0388,-9.5469,-16.7536,18.9740,-11.1267,30.7599,-9.6996,-24.1908,-0.7958,-8.3565,-2.3510,9.4978,-3.4850,-17.9937,-10.8602,11.6382,-1.3533,1.6671,-4.3880,-3.5891,1.9157,19.5026,19.0001,-14.0689,-1.4581,13.0160,3.8161,-1.6716,1.6366,12.4798,-12.4553,-7.6515,-22.3876,-25.0599,0.3246,18.7496,5.5228,-4.0501,32.9713,22.5778,17.7703,14.4852,7.0871,-11.2814,-18.7066,2.9247,7.9320,3.7250,-17.1100,13.7315,-1.1265,3.6551,-4.6423,-3.9663,-24.3319,5.1251,28.5455,7.0553,16.4950,-2.4214,-9.3550,-31.1756,20.6268,-2.6423,16.7202,0.4512,8.6315,5.3468,10.8133,2.0577,2.2228,6.5906,0.7713,1.6104,-4.4987,-8.1491,-19.1086,-5.3827,-0.1277,-0.8330,-4.4778,18.4001,7.6026,21.6395,-30.1388,-9.8692,-8.2332,-2.6604,0.9267,12.8383,-4.2964,-7.9194,3.6349,-17.4821,16.7527,-5.8419,-8.7928,6.7652,-15.6349,5.4169,6.6100,6.0855,6.2613,12.0974,-18.7258,8.2636,21.6583,11.5491,-24.1253,8.7813,-25.3845,9.9882,-5.0995,8.0366,24.6385,-17.1360,-2.5735,3.9651,6.1732,4.6441,-7.1767,8.0907,-15.9408,1.2625,11.3795,-8.4256,1.4257,-8.2828,-6.8241,-11.2861,-15.9576,-31.6772,2.5243,11.3052,-4.9894,32.1314,-24.1184,-5.0771,0.7294,-0.6466,5.9002,0.1612,-1.3786,12.7126,7.0383,-2.0882,-24.7223,14.2663,-8.8224,3.6174,-11.7940,-4.0432,-3.4286,-3.3653,-19.1405,-16.0778,11.5917,19.8114,22.2695,33.0236,7.4047,4.1035,-1.6014,-23.6444,9.8192,-1.2152,20.1510,-11.7798,-16.3035,-12.2954,-13.8239,-14.5592,25.9607,-12.0453,7.4786,-30.7798,-21.5754,-31.2458,-9.9715,-3.8805,-15.3868,-5.6620,-6.0793,0.2031,1.0369,9.6731
4.9837,1.8231,5.5897,3.5027,-7.1212,14.7497,22.8251,-16.3985,-13.5490,9.5812,14.8920,-5.9985,-8.3840,-0.1930,6.3677,8.9090,-11.8660,-20.3234,12.1991,-17.3882,17.8007,-4.1546,-11.7038,0.1146,14.8733,-12.2278,10.7934,-5.5002,1.7817,7.7493,31.6383,11.0304,-16.9745,-7.6893,16.8538,-6.2534,19.1292,19.6725,11.2338,-13.6045,17.7541,11.2689,0.1085,-3.5955,-8.8194,12.6636,1.4816,21.5991,-2.6037,1.5421,-5.9921,0.5577,-1.3871,-0.9188,9.9609,-2.1158,0.8756,1.2162,-21.1037,-16.1360,5.8995,2.9852,-7.8503,2.0905,-3.5150,11.5631,-17.4315,-31.9879,9.6474,2.9416,4.0388,-9.5469,-16.7536,18.9740,-11.1267,30.7599,-9.6996,-24.1908,-0.7958,-8.3565,-2.3510,9.4978,-3.4850,-17.9937,-10.8602,11.6382,-1.3533,1.6671,-4.3880,-3.5891,1.9157,19.5026,19.0001,-14.0689,-1.4581,13.0160,3.8161,-1.6716,1.6366,12.4798,-12.4553,-7.6515,-22.3876,-25.0599,0.3246,18.7496,5.5228,-4.0501,32.9713,22.5778,17.7703,14.4852,7.0871,-11.2814,-18.7066,2.9247,7.9320,3.7250,-17.1100,13.7315,-1.1265,3.6551,-4.6423,-3.9663,-24.3319,5.1251,28.5455,7.0553,16.4950,-2.4214,-9.3550,-31.1756,20.6268,-2.6423,16.7202,0.4512,8.6315,5.3468,10.8133,2.0577,2.2228,6.5907,0.7713,1.6104,-4.4987,-8.1491,-19.1086,-5.3827,-0.1277,-0.8330,-4.4778,18.4001,7.6026,21.6395,-30.1388,-9.8692,-8.2332,-2.6604,0.9267,12.8383,-4.2964,-7.9194,3.6349,-17.4821,16.7527,-5.8419,-8.7928,6.7652,-15.6349,5.4169,6.6100,6.0855,6.2613,12.0974,-18.7258,8.2636,21.6583,11.5491,-24.1253,8.7813,-25.3845,9.9882,-5.0995,8.0366,24.6385,-17.1360,-2.5735,3.9651,6.1732,4.6441,-7.1767,8.0907,-15.9408,1.2625,11.3795,-8.4256,1.4257,-8.2828,-6.8241,-11.2861,-15.9576,-31.6772,2.5243,11.3052,-4.9894,32.1314,-24.1184,-5.0771,0.7294,-0.6466,5.9002,0.1612,-1.3786,12.7126,7.0383,-2.0882,-24.7223,14.2663,-8.8224,3.6174,-11.7940,-4.0432,-3.4286,-3.3653,-19.1405,-16.0778,11.5917,19.8114,22.2695,33.0236,7.4047,4.1035,-1.6014,-23.6444,9.8192,-1.2152,20.1510,-11.7798,-16.3035,-12.2954,-13.8239,-14.5592,25.9607,-12.0453,7.4786,-30.7798,-21.5754,-31.2458,-9.9715,-3.8805,-15.3868,-5.6620,-6.0793,0.2031,1.0369,9.6731
5.4207,2.4365,-2.6188,-5.1394,10.8254,22.5069,7.7697,-31.6294,-15.3719,-0.2792,6.1392,-14.5090,-13.9833,2.9999,-5.9687,8.9755,-0.1244,0.9010,3.0027,-10.3373,24.8320,-6.6965,-14.7835,1.4189,7.1539,-14.6856,21.3115,-7.4155,-11.2035,-0.5443,31.1044,-21.5098,-30.5218,13.9387,32.3196,5.4465,20.1308,18.9261,5.0422,-16.5367,-2.4025,-4.5822,-3.4962,17.1833,5.9532,-15.9730,-4.5644,11.7419,-3.9837,5.7990,-13.4261,4.7080,-8.1711,-13.5945,11.8180,6.1042,9.8167,10.6258,-14.5922,-18.7694,-6.8900,-16.3934,8.9801,-0.8824,0.6723,17.0068,-16.4904,-12.1394,-3.0706,14.3400,9.2158,20.3001,8.7427,5.7154,-3.1474,2.0463,-23.9089,-29.8700,-13.3059,-16.9421,-10.1623,24.0718,0.6102,-10.4667,-7.0735,4.6390,15.7066,-7.6737,-6.9033,-19.1268,13.0709,25.6640,2.4877,-16.3157,-14.6087,18.7966,14.6582,-14.9122,-14.2081,6.9642,-10.1132,10.5946,-8.7062,2.9472,-2.2748,10.7124,-3.3509,16.1588,20.2337,18.5111,-2.8276,2.9673,2.2234,3.6597,9.9880,12.7758,-1.7175,-13.3256,-7.7088,13.2623,-13.1548,-5.1874,0.5614,-11.2985,-19.9901,8.1295,16.5187,8.0825,-9.9479,9.7647,3.6887,-16.5669,13.9418,5.8810,14.6233,-2.1591,5.4701,14.8541,3.0941,-13.7880,17.9053,-7.7426,-6.6312,-4.9975,-9.9229,-9.3201,-6.6879,2.8252,-1.1283,-5.5615,0.6516,5.0822,7.0758,0.1185,-24.3190,5.7806,-3.1766,-8.8976,0.2172,-3.4371,6.1943,-14.1070,1.3289,-10.1543,11.6227,-7.1640,12.0632,1.3392,-19.3511,6.7411,-7.2304,-11.9139,3.6080,8.1856,-17.0437,-6.1614,8.5176,-13.6280,3.6660,0.9580,-4.7335,19.0365,-2.3308,2.6865,15.0031,-25.9098,-13.7039,6.5351,0.9649,-10.3235,6.1580,14.0006,-14.9655,-1.8001,3.1664,-19.3509,1.4992,-7.1886,-13.0847,-5.7533,-16.1003,-9.2945,16.2550,0.1022,7.1219,9.9623,-13.5537,-0.9350,8.9597,0.5350,11.3619,-16.1199,4.9071,16.2461,11.1649,7.5332,-19.3211,18.8847,-2.2412,0.7417,10.3785,17.7760,-0.5246,-4.0803,-4.0830,-28.4788,15.2856,7.6021,-2.4205,23.7132,19.3113,-9.5536,18.8349,-16.9266,-9.7244,-5.4111,20.0418,7.9525,-9.3141,-0.4649,8.1333,-12.6699,4.0716,3.8681,-4.2709,-19.4892,-4.3501,-23.3125,-1.6004,3.7204,-0.3191,-9.8811,-6.7497,2.5551,10.6742,15.2815
5.4207,2.4365,-2.6188,-5.1394,10.8254,22.5069,7.7697,-31.6294,-15.3718,-0.2792,6.1392,-14.5090,-13.9833,2.9999,-5.9687,8.9755,-0.1244,0.9010,3.0027,-10.3373,24.8320,-6.6965,-14.7835,1.4189,7.1539,-14.6856,21.3115,-7.4155,-11.2035,-0.5443,31.1044,-21.5098,-30.5218,13.9387,32.3196,5.4465,20.1308,18.9261,5.0422,-16.5367,-2.4025,-4.5822,-3.4962,17.1833,5.9532,-15.9730,-4.5644,11.7419,-3.9837,5.7990,-13.4261,4.7080,-8.1711,-13.5945,11.8180,6.1042,9.8167,10.6258,-14.5922,-18.7694,-6.8900,-16.3934,8.9801,-0.8824,0.6723,17.0068,-16.4904,-12.1394,-3.0706,14.3400,9.2158,20.3001,8.7427,5.7154,-3.1474,2.0463,-23.9089,-29.8700,-13.3059,-16.9421,-10.1623,24.0718,0.6102,-10.4667,-7.0735,4.6390,15.7066,-7.6737,-6.9033,-19.1268,13.0709,25.6640,2.4877,-16.3157,-14.6087,18.7966,14.6582,-14.9122,-14.2081,6.9642,-10.1132,10.5946,-8.7062,2.9472,-2.2748,10.7123,-3.3509,16.1588,20.2337,18.5111,-2.8276,2.9673,2.2234,3.6597,9.9880,12.7758,-1.7175,-13.3256,-7.7088,13.2623,-13.1548,-5.1874,0.5614,-11.2985,-19.9901,8.1295,16.5187,8.0825,-9.9479,9.7647,3.6887,-16.5669,13.9418,5.8810,14.6233,-2.1591,5.4701,14.8541,3.0941,-13.7880,17.9053,-7.7426,-6.6312,-4.9975,-9.9229,-9.3201,-6.6880,2.8252,-1.1283,-5.5615,0.6516,5.0822,7.0758,0.1185,-24.3190,5.7806,-3.1766,-8.8976,0.2172,-3.4371,6.1943,-14.1070,1.3289,-10.1543,11.6227,-7.1640,12.0631,1.3392,-19.3511,6.7411,-7.2304,-11.9139,3.6080,8.1856,-17.0437,-6.1614,8.5176,-13.6280,3.6660,0.9580,-4.7335,19.0365,-2.3308,2.6865,15.0031,-25.9098,-13.7039,6.5351,0.9649,-10.3235,6.1580,14.0006,-14.9655,-1.8001,3.1664,-19.3509,1.4992,-7.1886,-13.0847,-5.7533,-16.1003,-9.2945,16.2550,0.1022,7.1219,9.9623,-13.5537,-0.9350,8.9597,0.5350,11.3619,-16.1199,4.9071,16.2461,11.1649,7.5332,-19.3211,18.8847,-2.2412,0.7417,10.3785,17.7760,-0.5246,-4.0803,-4.0830,-28.4788,15.2856,7.6021,-2.4205,23.7132,19.3113,-9.5536,18.8349,-16.9266,-9.7244,-5.4111,20.0418,7.9525,-9.3141,-0.4649,8.1333,-12.6699,4.0716,3.8681,-4.2709,-19.4892,-4.3501,-23.3125,-1.6004,3.7204,-0.3191,-9.8811,-6.7497,2.5551,10.6742,15.2815
5.4207,2.4365,-2.6188,-5.1394,10.8254,22.5069,7.7697,-31.6294,-15.3718,-0.2792,6.1392,-14.5090,-13.9833,2.9999,-5.9687,8.9755,-0.1244,0.9010,3.0027,-10.3373,24.8320,-6.6965,-14.7835,1.4189,7.1539,-14.6856,21.3115,-7.4155,-11.2035,-0.5443,31.1044,-21.5098,-30.5218,13.9387,32.3196,5.4465,20.1308,18.9261,5.0422,-16.5367,-2.4025,-4.5822,-3.4962,17.1833,5.9532,-15.9730,-4.5644,11.7419,-3.9837,5.7990,-13.4261,4.7080,-8.1711,-13.5945,11.8180,6.1042,9.8167,10.6258,-14.5922,-18.7694,-6.8900,-16.3934,8.9801,-0.8824,0.6723,17.0068,-16.4904,-12.1394,-3.0706,14.3400,9.2158,20.3001,8.7427,5.7154,-3.1474,2.0463,-23.9089,-29.8700,-13.3059,-16.9421,-10.1623,24.0718,0.6102,-10.4667,-7.0735,4.6390,15.7066,-7.6737,-6.9033,-19.1268,13.0709,25.6640,2.4877,-16.3157,-14.6087,18.7966,14.6582,-14.9122,-14.2081,6.9642,-10.1132,10.5946,-8.7062,2.9472,-2.2748,10.7124,-3.3509,16.1589,20.2337,18.5111,-2.8276,2.9673,2.2234,3.6597,9.9880,12.7758,-1.7175,-13.3256,-7.7088,13.2623,-13.1548,-5.1874,0.5614,-11.2985,-19.9901,8.1295,16.5187,8.0825,-9.9479,9.7647,3.6887,-16.5669,13.9418,5.8810,14.6233,-2.1591,5.4701,14.8541,3.0941,-13.7880,17.9053,-7.7426,-6.6312,-4.9975,-9.9229,-9.3201,-6.6879,2.8252,-1.1283,-5.5615,0.6516,5.0822,7.0758,0.1185,-24.3190,5.7806,-3.1766,-8.8976,0.2172,-3.4371,6.1943,-14.1070,1.3289,-10.1543,11.6227,-7.1640,12.0632,1.3392,-19.3511,6.7411,-7.2304,-11.9139,3.6080,8.1856,-17.0437,-6.1614,8.5176,-13.6280,3.6660,0.9580,-4.7335,19.0365,-2.3308,2.6865,15.0031,-25.9098,-13.7039,6.5351,0.9649,-10.3235,6.1580,14.0006,-14.9655,-1.8001,3.1664,-19.3509,1.4992,-7.1886,-13.0847,-5.7533,-16.1003,-9.2945,16.2550,0.1022,7.1219,9.9623,-13.5537,-0.9350,8.9597,0.5350,11.3619,-16.1199,4.9071,16.2461,11.1649,7.5332,-19.3211,18.8847,-2.2412,0.7417,10.3785,17.7760,-0.5246,-4.0803,-4.0830,-28.4788,15.2856,7.6021,-2.4205,23.7132,19.3113,-9.5536,18.8349,-16.9266,-9.7244,-5.4111,20.0418,7.9525,-9.3141,-0.4649,8.1333,-12.6699,4.0716,3.8681,-4.2709,-19.4892,-4.3501,-23.3125,-1.6004,3.7204,-0.3191,-9.8811,-6.7497,2.5551,10.6742,15.2815
5.4208,2.4365,-2.6188,-5.1394,10.8254,22.5069,7.7696,-31.6294,-15.3719,-0.2792,6.1392,-14.5090,-13.9833,2.9999,-5.9687,8.9755,-0.1244,0.9010,3.0027,-10.3373,24.8320,-6.6965,-14.7835,1.4189,7.1539,-14.6856,21.3115,-7.4155,-11.2035,-0.5443,31.1044,-21.5098,-30.5218,13.9387,32.3196,5.4465,20.1308,18.9261,5.0422,-16.5367,-2.4025,-4.5822,-3.4962,17.1833,5.9532,-15.9730,-4.5644,11.7419,-3.9837,5.7990,-13.4261,4.7080,-8.1711,-13.5945,11.8180,6.1042,9.8167,10.6258,-14.5922,-18.7694,-6.8900,-16.3934,8.9801,-0.8824,0.6723,17.0068,-16.4904,-12.1394,-3.0706,14.3400,9.2158,20.3001,8.7427,5.7154,-3.1474,2.0463,-23.9089,-29.8700,-13.3059,-16.9421,-10.1623,24.0718,0.6102,-10.4667,-7.0735,4.6390,15.7066,-7.6737,-6.9033,-19.1268,13.0709,25.6640,2.4877,-16.3156,-14.6087,18.7966,14.6582,-14.9122,-14.2081,6.9642,-10.1132,10.5946,-8.7062,2.9472,-2.2748,10.7123,-3.3509,16.1588,20.2337,18.5111,-2.8276,2.9673,2.2234,3.6597,9.9880,12.7758,-1.7175,-13.3256,-7.7088,13.2623,-13.1548,-5.1874,0.5614,-11.2985,-19.9901,8.1295,16.5187,8.0825,-9.9479,9.7647,3.6887,-16.5669,13.9418,5.8810,14.6233,-2.1591,5.4701,14.8541,3.0941,-13.7880,17.9053,-7.7426,-6.6312,-4.9975,-9.9229,-9.3201,-6.6879,2.8252,-1.1283,-5.5615,0.6516,5.0822,7.0758,0.1185,-24.3190,5.7806,-3.1766,-8.8976,0.2172,-3.4371,6.1943,-14.1070,1.3289,-10.1543,11.6227,-7.1640,12.0632,1.3392,-19.3511,6.7411,-7.2304,-11.9139,3.6080,8.1856,-17.0437,-6.1614,8.5176,-13.6280,3.6660,0.9580,-4.7335,19.0365,-2.3308,2.6865,15.0031,-25.9098,-13.7039,6.5351,0.9649,-10.3235,6.1580,14.0006,-14.9655,-1.8001,3.1664,-19.3509,1.4992,-7.1886,-13.0847,-5.7533,-16.1003,-9.2945,16.2550,0.1022,7.1219,9.9623,-13.5537,-0.9350,8.9597,0.5350,11.3619,-16.1199,4.9071,16.2461,11.1649,7.5332,-19.3211,18.8847,-2.2412,0.7417,10.3785,17.7760,-0.5246,-4.0803,-4.0830,-28.4788,15.2856,7.6021,-2.4205,23.7132,19.3113,-9.5536,18.8349,-16.9266,-9.7244,-5.4111,20.0418,7.9525,-9.3141,-0.4649,8.1333,-12.6699,4.0716,3.8681,-4.2709,-19.4892,-4.3501,-23.3125,-1.6004,3.7204,-0.3191,-9.8811,-6.7497,2.5551,10.6742,15.2815
5.4208,2.4365,-2.6188,-5.1394,10.8254,22.5069,7.7696,-31.6294,-15.3718,-0.2792,6.1392,-14.5090,-13.9833,2.9999,-5.9687,8.9755,-0.1244,0.9010,3.0027,-10.3373,24.8320,-6.6965,-14.7835,1.4189,7.1539,-14.6856,21.3115,-7.4155,-11.2035,-0.5443,31.1044,-21.5098,-30.5218,13.9387,32.3196,5.4465,20.1308,18.9261,5.0422,-16.5367,-2.4025,-4.5822,-3.4962,17.1833,5.9532,-15.9730,-4.5644,11.7419,-3.9837,5.7990,-13.4261,4.7080,-8.1711,-13.5945,11.8180,6.1042,9.8167,10.6258,-14.5922,-18.7694,-6.8900,-16.3934,8.9801,-0.8824,0.6723,17.0068,-16.4904,-12.1394,-3.0706,14.3400,9.2158,20.3001,8.7427,5.7154,-3.1474,2.0463,-23.9089,-29.8700,-13.3059,-16.9421,-10.1623,24.0718,0.6102,-10.4667,-7.0735,4.6390,15.7066,-7.6737,-6.9033,-19.1268,13.0709,25.6640,2.4877,-16.3156,-14.6087,18.7966,14.6582,-14.9122,-14.2081,6.9642,-10.1132,10.5946,-8.7062,2.9472,-2.2748,10.7123,-3.3509,16.1588,20.2337,18.5111,-2.8276,2.9673,2.2234,3.6597,9.9880,12.7758,-1.7175,-13.3256,-7.7088,13.2623,-13.1548,-5.1874,0.5614,-11.2985,-19.9901,8.1295,16.5187,8.0825,-9.9479,9.7647,3.6887,-16.5669,13.9418,5.8810,14.6233,-2.1591,5.4701,14.8541,3.0941,-13.7880,17.9053,-7.7426,-6.6312,-4.9975,-9.9229,-9.3201,-6.6880,2.8252,-1.1283,-5.5615,0.6516,5.0822,7.0758,0.1185,-24.3190,5.7806,-3.1766,-8.8976,0.2172,-3.4371,6.1943,-14.1070,1.3289,-10.1543,11.6227,-7.1640,12.0631,1.3392,-19.3511,6.7411,-7.2304,-11.9139,3.6080,8.1856,-17.0437,-6.1614,8.5176,-13.6280,3.6660,0.9580,-4.7335,19.0365,-2.3308,2.6865,15.0031,-25.9098,-13.7039,6.5351,0.9649,-10.3235,6.1580,14.0006,-14.9655,-1.8001,3.1664,-19.3509,1.4992,-7.1886,-13.0847,-5.7533,-16.1003,-9.2945,16.2550,0.1022,7.1219,9.9623,-13.5537,-0.9350,8.9597,0.5350,11.3619,-16.1199,4.9071,16.2461,11.1649,7.5332,-19.3211,18.8847,-2.2412,0.7417,10.3785,17.7760,-0.5246,-4.0803,-4.0830,-28.4788,15.2856,7.6021,-2.4205,23.7132,19.3113,-9.5536,18.8349,-16.9266,-9.7244,-5.4111,20.0418,7.9525,-9.3141,-0.4649,8.1333,-12.6699,4.0716,3.8681,-4.2709,-19.4892,-4.3501,-23.3125,-1.6004,3.7204,-0.3191,-9.8811,-6.7497,2.5551,10.6742,15.2815
5.4208,2.4365,-2.6188,-5.1394,10.8254,22.5069,7.7697,-31.6294,-15.3719,-0.2792,6.1392,-14.5090,-13.9833,2.9999,-5.9687,8.9755,-0.1244,0.9010,3.0027,-10.3373,24.8320,-6.6965,-14.7835,1.4189,7.1539,-14.6856,21.3115,-7.4155,-11.2035,-0.5443,31.1044,-21.5098,-30.5218,13.9387,32.3196,5.4465,20.1308,18.9261,5.0422,-16.5367,-2.4025,-4.5822,-3.4962,17.1833,5.9532,-15.9730,-4.5644,11.7419,-3.9837,5.7990,-13.4261,4.7079,-8.1711,-13.5945,11.8180,6.1042,9.8167,10.6258,-14.5922,-18.7694,-6.8900,-16.3934,8.9801,-0.8824,0.6723,17.0068,-16.4904,-12.1394,-3.0706,14.3400,9.2158,20.3001,8.7427,5.7154,-3.1474,2.0463,-23.9089,-29.8700,-13.3059,-16.9421,-10.1623,24.0718,0.6102,-10.4667,-7.0735,4.6390,15.7066,-7.6737,-6.9033,-19.1268,13.0709,25.6640,2.4877,-16.3156,-14.6087,18.7966,14.6582,-14.9122,-14.2081,6.9642,-10.1132,10.5946,-8.7062,2.9472,-2.2748,10.7124,-3.3509,16.1588,20.2337,18.5111,-2.8276,2.9673,2.2234,3.6597,9.9880,12.7758,-1.7175,-13.3256,-7.7088,13.2623,-13.1548,-5.1874,0.5614,-11.2985,-19.9901,8.1295,16.5187,8.0825,-9.9479,9.7647,3.6887,-16.5669,13.9418,5.8810,14.6233,-2.1591,5.4701,14.8541,3.0941,-13.7880,17.9053,-7.7426,-6.6312,-4.9975,-9.9229,-9.3201,-6.6879,2.8252,-1.1283,-5.5615,0.6516,5.0822,7.0758,0.1185,-24.3190,5.7806,-3.1766,-8.8976,0.2172,-3.4371,6.1943,-14.1070,1.3289,-10.1543,11.6227,-7.1640,12.0632,1.3392,-19.3511,6.7411,-7.2304,-11.9139,3.6080,8.1856,-17.0437,-6.1614,8.5176,-13.6280,3.6660,0.9580,-4.7335,19.0365,-2.3308,2.6865,15.0031,-25.9098,-13.7039,6.5351,0.9649,-10.3235,6.1580,14.0006,-14.9655,-1.8001,3.1664,-19.3509,1.4992,-7.1886,-13.0847,-5.7533,-16.1003,-9.2945,16.2550,0.1022,7.1219,9.9623,-13.5537,-0.9350,8.9597,0.5350,11.3619,-16.1199,4.9071,16.2461,11.1649,7.5332,-19.3211,18.8847,-2.2412,0.7417,10.3785,17.7760,-0.5246,-4.0803,-4.0830,-28.4788,15.2856,7.6021,-2.4205,23.7132,19.3113,-9.5536,18.8349,-16.9266,-9.7244,-5.4111,20.0418,7.9525,-9.3141,-0.4649,8.1333,-12.6699,4.0716,3.8681,-4.2709,-19.4893,-4.3501,-23.3125,-1.6004,3.7204,-0.3191,-9.8811,-6.7497,2.5551,10.6742,15.2815
5.4208,2.4365,-2.6188,-5.1394,10.8254,22.5069,7.7697,-31.6294,-15.3719,-0.2792,6.1392,-14.5090,-13.9833,2.9999,-5.9687,8.9755,-0.1244,0.9010,3.0027,-10.3373,24.8320,-6.6965,-14.7835,1.4189,7.1539,-14.6856,21.3115,-7.4155,-11.2035,-0.5443,31.1044,-21.5098,-30.5218,13.9387,32.3196,5.4465,20.1308,18.9261,5.0422,-16.5367,-2.4025,-4.5822,-3.4962,17.1833,5.9532,-15.9730,-4.5644,11.7419,-3.9837,5.7990,-13.4261,4.7080,-8.1711,-13.5945,11.8180,6.1042,9.8167,10.6258,-14.5922,-18.7694,-6.8900,-16.3934,8.9801,-0.8824,0.6723,17.0068,-16.4904,-12.1394,-3.0706,14.3400,9.2158,20.3001,8.7427,5.7154,-3.1474,2.0463,-23.9089,-29.8700,-13.3059,-16.9421,-10.1623,24.0718,0.6102,-10.4667,-7.0736,4.6390,15.7066,-7.6737,-6.9033,-19.1268,13.0709,25.6640,2.4877,-16.3157,-14.6087,18.7966,14.6582,-14.9122,-14.2081,6.9642,-10.1132,10.5946,-8.7062,2.9472,-2.2748,10.7123,-3.3509,16.1588,20.2337,18.5111,-2.8276,2.9673,2.2234,3.6597,9.9880,12.7758,-1.7175,-13.3256,-7.7088,13.2623,-13.1548,-5.1874,0.5614,-11.2985,-19.9901,8.1295,16.5187,8.0825,-9.9479,9.7647,3.6887,-16.5669,13.9418,5.8810,14.6233,-2.1591,5.4701,14.8541,3.0941,-13.7880,17.9053,-7.7426,-6.6312,-4.9975,-9.9229,-9.3201,-6.6880,2.8252,-1.1283,-5.5615,0.6516,5.0822,7.0758,0.1185,-24.3190,5.7806,-3.1766,-8.8976,0.2172,-3.4371,6.1943,-14.1070,1.3289,-10.1543,11.6227,-7.1640,12.0632,1.3392,-19.3511,6.7411,-7.2304,-11.9139,3.6080,8.1856,-17.0437,-6.1614,8.5176,-13.6280,3.6660,0.9580,-4.7335,19.0365,-2.3308,2.6865,15.0031,-25.9098,-13.7039,6.5351,0.9649,-10.3235,6.1580,14.0006,-14.9655,-1.8001,3.1664,-19.3509,1.4992,-7.1886,-13.0847,-5.7533,-16.1003,-9.2945,16.2550,0.1022,7.1219,9.9623,-13.5537,-0.9350,8.9597,0.5350,11.3619,-16.1199,4.9071,16.2461,11.1649,7.5332,-19.3211,18.8847,-2.2412,0.7417,10.3785,17.7760,-0.5246,-4.0803,-4.0830,-28.4788,15.2856,7.6021,-2.4205,23.7132,19.3113,-9.5536,18.8349,-16.9266,-9.7244,-5.4111,20.0418,7.9525,-9.3141,-0.4649,8.1333,-12.6699,4.0716,3.8681,-4.2709,-19.4893,-4.3501,-23.3125,-1.6004,3.7204,-0.3191,-9.8811,-6.7497,2.5551,10.6742,15.2815
5.4208,2.4365,-2.6188,-5.1394,10.8254,22.5069,7.7697,-31.6294,-15.3719,-0.2792,6.1392,-14.5090,-13.9833,2.9999,-5.9687,8.9755,-0.1244,0.9010,3.0027,-10.3373,24.8320,-6.6965,-14.7835,1.4189,7.1539,-14.6856,21.3115,-7.4155,-11.2035,-0.5443,31.1044,-21.5098,-30.5218,13.9387,32.3196,5.4465,20.1308,18.9261,5.0422,-16.5367,-2.4025,-4.5822,-3.4962,17.1833,5.9532,-15.9730,-4.5644,11.7419,-3.9837,5.7990,-13.4261,4.7080,-8.1711,-13.5945,11.8180,6.1042,9.8167,10.6258,-14.5922,-18.7694,-6.8900,-16.3934,8.9801,-0.8824,0.6723,17.0068,-16.4904,-12.1394,-3.0706,14.3400,9.2158,20.3001,8.7427,5.7154,-3.1474,2.0463,-23.9089,-29.8700,-13.3059,-16.9421,-10.1623,24.0718,0.6102,-10.4667,-7.0735,4.6390,15.7066,-7.6737,-6.9033,-19.1268,13.0709,25.6640,2.4877,-16.3157,-14.6087,18.7966,14.6582,-14.9122,-14.2081,6.9642,-10.1132,10.5946,-8.7062,2.9472,-2.2748,10.7124,-3.3509,16.1588,20.2337,18.5111,-2.8276,2.9673,2.2234,3.6597,9.9880,12.7758,-1.7175,-13.3256,-7.7088,13.2623,-13.1548,-5.1874,0.5614,-11.2985,-19.9901,8.1295,16.5187,8.0825,-9.9479,9.7647,3.6887,-16.5669,13.9418,5.8810,14.6233,-2.1591,5.4701,14.8541,3.0941,-13.7880,17.9053,-7.7426,-6.6312,-4.9975,-9.9229,-9.3201,-6.6879,2.8252,-1.1283,-5.5615,0.6516,5.0822,7.0758,0.1185,-24.3190,5.7806,-3.1766,-8.8976,0.2172,-3.4371,6.1943,-14.1070,1.3289,-10.1543,11.6227,-7.1640,12.0632,1.3392,-19.3511,6.7411,-7.2304,-11.9139,3.6080,8.1856,-17.0437,-6.1614,8.5176,-13.6280,3.6660,0.9580,-4.7335,19.0365,-2.3308,2.6865,15.0031,-25.9098,-13.7039,6.5351,0.9649,-10.3235,6.1580,14.0006,-14.9655,-1.8001,3.1664,-19.3509,1.4992,-7.1886,-13.0847,-5.7533,-16.1003,-9.2945,16.2550,0.1022,7.1219,9.9623,-13.5537,-0.9350,8.9597,0.5350,11.3619,-16.1199,4.9071,16.2461,11.1649,7.5332,-19.3211,18.8847,-2.2412,0.7417,10.3785,17.7760,-0.5246,-4.0803,-4.0830,-28.4788,15.2856,7.6021,-2.4205,23.7132,19.3113,-9.5536,18.8349,-16.9266,-9.7244,-5.4111,20.0418,7.9525,-9.3141,-0.4649,8.1333,-12.6699,4.0716,3.8681,-4.2709,-19.4892,-4.3501,-23.3125,-1.6004,3.7204,-0.3191,-9.8811,-6.7497,2.5551,10.6742,15.2815
5.4208,2.4365,-2.6188,-5.1394,10.8254,22.5069,7.7697,-31.6294,-15.3719,-0.2792,6.1392,-14.5090,-13.9833,2.9999,-5.9687,8.9755,-0.1244,0.9010,3.0027,-10.3373,24.8320,-6.6965,-14.7835,1.4189,7.1539,-14.6856,21.3115,-7.4155,-11.2035,-0.5443,31.1044,-21.5098,-30.5218,13.9387,32.3196,5.4465,20.1308,18.9261,5.0422,-16.5367,-2.4025,-4.5822,-3.4962,17.1833,5.9532,-15.9730,-4.5644,11.7419,-3.9837,5.7990,-13.4261,4.7080,-8.1711,-13.5945,11.8180,6.1042,9.8167,10.6258,-14.5922,-18.7694,-6.8900,-16.3934,8.9801,-0.8824,0.6723,17.0068,-16.4904,-12.1394,-3.0706,14.3400,9.2158,20.3001,8.7427,5.7154,-3.1474,2.0463,-23.9089,-29.8700,-13.3059,-16.9421,-10.1623,24.0718,0.6102,-10.4667,-7.0735,4.6390,15.7066,-7.6737,-6.9033,-19.1268,13.0709,25.6640,2.4877,-16.3156,-14.6087,18.7966,14.6582,-14.9122,-14.2081,6.9642,-10.1132,10.5946,-8.7062,2.9472,-2.2748,10.7123,-3.3509,16.1588,20.2337,18.5111,-2.8276,2.9673,2.2234,3.6597,9.9880,12.7758,-1.7175,-13.3256,-7.7088,13.2623,-13.1548,-5.1874,0.5614,-11.2985,-19.9901,8.1295,16.5187,8.0825,-9.9479,9.7647,3.6887,-16.5669,13.9418,5.8810,14.6233,-2.1591,5.4701,14.8541,3.0941,-13.7880,17.9053,-7.7426,-6.6312,-4.9975,-9.9229,-9.3201,-6.6880,2.8252,-1.1283,-5.5615,0.6516,5.0822,7.0758,0.1185,-24.3190,5.7806,-3.1766,-8.8976,0.2172,-3.4371,6.1943,-14.1070,1.3289,-10.1543,11.6227,-7.1640,12.0632,1.3392,-19.3511,6.7411,-7.2304,-11.9139,3.6080,8.1856,-17.0437,-6.1614,8.5176,-13.6280,3.6660,0.9580,-4.7335,19.0365,-2.3308,2.6865,15.0031,-25.9098,-13.7039,6.5351,0.9649,-10.3235,6.1580,14.0006,-14.9655,-1.8001,3.1664,-19.3509,1.4992,-7.1886,-13.0847,-5.7533,-16.1003,-9.2945,16.2550,0.1022,7.1219,9.9623,-13.5537,-0.9350,8.9597,0.5350,11.3619,-16.1199,4.9071,16.2461,11.1649,7.5332,-19.3211,18.8847,-2.2412,0.7417,10.3785,17.7760,-0.5246,-4.0803,-4.0830,-28.4788,15.2856,7.6021,-2.4205,23.7132,19.3113,-9.5536,18.8349,-16.9266,-9.7244,-5.4111,20.0418,7.9525,-9.3141,-0.4649,8.1333,-12.6699,4.0716,3.8681,-4.2709,-19.4892,-4.3501,-23.3125,-1.6004,3.7204,-0.3191,-9.8811,-6.7497,2.5551,10.6742,15.2815
5.4208,2.4365,-2.6188,-5.1394,10.8254,22.5069,7.7697,-31.6294,-15.3719,-0.2792,6.1392,-14.5090,-13.9833,2.9999,-5.9687,8.9755,-0.1244,0.9010,3.0027,-10.3373,24.8320,-6.6965,-14.7835,1.4189,7.1539,-14.6856,21.3115,-7.4155,-11.2035,-0.5443,31.1044,-21.5098,-30.5218,13.9387,32.3196,5.4465,20.1308,18.9261,5.0422,-16.5367,-2.4025,-4.5822,-3.4962,17.1833,5.9532,-15.9730,-4.5644,11.7419,-3.9837,5.7990,-13.4261,4.7080,-8.1711,-13.5945,11.8180,6.1042,9.8167,10.6258,-14.5922,-18.7694,-6.8900,-16.3934,8.9801,-0.8824,0.6723,17.0068,-16.4904,-12.1394,-3.0706,14.3400,9.2158,20.3001,8.7427,5.7154,-3.1474,2.0463,-23.9089,-29.8700,-13.3059,-16.9421,-10.1623,24.0718,0.6102,-10.4667,-7.0735,4.6390,15.7066,-7.6737,-6.9033,-19.1268,13.0709,25.6640,2.4877,-16.3156,-14.6087,18.7966,14.6582,-14.9122,-14.2081,6.9642,-10.1132,10.5946,-8.7062,2.9472,-2.2748,10.7123,-3.3509,16.1588,20.2337,18.5111,-2.8276,2.9673,2.2234,3.6597,9.9880,12.7758,-1.7175,-13.3256,-7.7088,13.2623,-13.1548,-5.1874,0.5614,-11.2985,-19.9901,8.1295,16.5187,8.0825,-9.9479,9.7647,3.6887,-16.5669,13.9418,5.8810,14.6233,-2.1591,5.4701,14.8541,3.0941,-13.7880,17.9053,-7.7426,-6.6312,-4.9975,-9.9229,-9.3201,-6.6879,2.8252,-1.1283,-5.5615,0.6516,5.0822,7.0758,0.1185,-24.3190,5.7806,-3.1766,-8.8976,0.2172,-3.4371,6.1943,-14.1070,1.3289,-10.1543,11.6227,-7.1640,12.0632,1.3392,-19.3511,6.7411,-7.2304,-11.9139,3.6080,8.1856,-17.0437,-6.1614,8.5176,-13.6280,3.6660,0.9580,-4.7335,19.0365,-2.3308,2.6865,15.0031,-25.9098,-13.7039,6.5351,0.9649,-10.3235,6.1580,14.0006,-14.9655,-1.8001,3.1664,-19.3509,1.4992,-7.1886,-13.0847,-5.7533,-16.1003,-9.2945,16.2550,0.1022,7.1219,9.9623,-13.5537,-0.9350,8.9597,0.5350,11.3619,-16.1199,4.9071,16.2461,11.1649,7.5332,-19.3211,18.8847,-2.2412,0.7417,10.3785,17.7760,-0.5246,-4.0803,-4.0830,-28.4788,15.2856,7.6021,-2.4205,23.7132,19.3113,-9.5536,18.8349,-16.9266,-9.7244,-5.4111,20.0418,7.9525,-9.3141,-0.4649,8.1333,-12.6699,4.0716,3.8681,-4.2709,-19.4893,-4.3501,-23.3125,-1.6004,3.7204,-0.3191,-9.8811,-6.7497,2.5551,10.6742,15.2815
5.4208,2.4365,-2.6188,-5.1394,10.8254,22.5069,7.7697,-31.6294,-15.3719,-0.2792,6.1392,-14.5090,-13.9833,2.9999,-5.9687,8.9755,-0.1244,0.9010,3.0027,-10.3373,24.8320,-6.6965,-14.7835,1.4189,7.1539,-14.6856,21.3115,-7.4155,-11.2035,-0.5443,31.1044,-21.5098,-30.5218,13.9387,32.3196,5.4465,20.1308,18.9261,5.0422,-16.5367,-2.4025,-4.5822,-3.4962,17.1833,5.9532,-15.9730,-4.5644,11.7419,-3.9837,5.7990,-13.4261,4.7080,-8.1711,-13.5945,11.8180,6.1042,9.8167,10.6258,-14.5922,-18.7694,-6.8900,-16.3934,8.9801,-0.8824,0.6723,17.0068,-16.4904,-12.1394,-3.0706,14.3400,9.2158,20.3001,8.7427,5.7154,-3.1474,2.0463,-23.9089,-29.8700,-13.3059,-16.9421,-10.1623,24.0718,0.6102,-10.4667,-7.0735,4.6390,15.7066,-7.6737,-6.9033,-19.1268,13.0709,25.6640,2.4877,-16.3156,-14.6087,18.7966,14.6582,-14.9122,-14.2081,6.9642,-10.1132,10.5946,-8.7062,2.9472,-2.2748,10.7123,-3.3509,16.1588,20.2337,18.5111,-2.8276,2.9673,2.2234,3.6597,9.9880,12.7758,-1.7175,-13.3256,-7.7088,13.2623,-13.1548,-5.1874,0.5614,-11.2985,-19.9901,8.1295,16.5187,8.0825,-9.9479,9.7647,3.6887,-16.5669,13.9418,5.8810,14.6233,-2.1591,5.4701,14.8541,3.0941,-13.7880,17.9053,-7.7426,-6.6312,-4.9975,-9.9229,-9.3201,-6.6879,2.8252,-1.1283,-5.5615,0.6516,5.0822,7.0758,0.1185,-24.3190,5.7806,-3.1766,-8.8976,0.2172,-3.4371,6.1943,-14.1070,1.3289,-10.1543,11.6227,-7.1640,12.0632,1.3392,-19.3511,6.7411,-7.2304,-11.9139,3.6080,8.1856,-17.0437,-6.1614,8.5176,-13.6280,3.6660,0.9580,-4.7335,19.0365,-2.3308,2.6865,15.0031,-25.9098,-13.7039,6.5351,0.9649,-10.3235,6.1580,14.0006,-14.9655,-1.8001,3.1664,-19.3509,1.4992,-7.1886,-13.0847,-5.7533,-16.1003,-9.2945,16.2550,0.1022,7.1219,9.9623,-13.5537,-0.9350,8.9597,0.5350,11.3619,-16.1199,4.9071,16.2461,11.1649,7.5332,-19.3211,18.8847,-2.2412,0.7417,10.3785,17.7760,-0.5246,-4.0803,-4.0830,-28.4788,15.2856,7.6021,-2.4205,23.7132,19.3113,-9.5536,18.8349,-16.9266,-9.7244,-5.4111,20.0418,7.9525,-9.3141,-0.4649,8.1333,-12.6699,4.0716,3.8681,-4.2709,-19.4892,-4.3501,-23.3125,-1.6004,3.7204,-0.3191,-9.8811,-6.7497,2.5551,10.6742,15.2815
5.4208,2.4365,-2.6188,-5.1394,10.8254,22.5069,7.7697,-31.6294,-15.3719,-0.2792,6.1392,-14.5090,-13.9833,2.9999,-5.9687,8.9755,-0.1244,0.9010,3.0027,-10.3373,24.8320,-6.6965,-14.7835,1.4189,7.1539,-14.6856,21.3115,-7.4155,-11.2035,-0.5443,31.1044,-21.5098,-30.5218,13.9387,32.3196,5.4465,20.1308,18.9261,5.0422,-16.5367,-2.4025,-4.5822,-3.4962,17.1833,5.9532,-15.9730,-4.5644,11.7419,-3.9837,5.7990,-13.4261,4.7080,-8.1711,-13.5945,11.8180,6.1042,9.8167,10.6258,-14.5922,-18.7694,-6.8900,-16.3934,8.9801,-0.8824,0.6723,17.0068,-16.4904,-12.1394,-3.0706,14.3400,9.2158,20.3001,8.7427,5.7154,-3.1474,2.0463,-23.9089,-29.8700,-13.3059,-16.9421,-10.1623,24.0718,0.6102,-10.4667,-7.0735,4.6390,15.7066,-7.6737,-6.9033,-19.1268,13.0709,25.6640,2.4877,-16.3156,-14.6087,18.7966,14.6582,-14.9122,-14.2081,6.9642,-10.1132,10.5946,-8.7062,2.9472,-2.2748,10.7124,-3.3509,16.1588,20.2337,18.5111,-2.8276,2.9673,2.2234,3.6597,9.9880,12.7758,-1.7175,-13.3256,-7.7088,13.2623,-13.1548,-5.1874,0.5614,-11.2985,-19.9901,8.1295,16.5187,8.0825,-9.9479,9.7647,3.6887,-16.5669,13.9418,5.8810,14.6233,-2.1591,5.4701,14.8541,3.0941,-13.7880,17.9053,-7.7426,-6.6312,-4.9975,-9.9229,-9.3201,-6.6880,2.8252,-1.1283,-5.5615,0.6516,5.0822,7.0758,0.1185,-24.3190,5.7806,-3.1766,-8.8976,0.2172,-3.4371,6.1943,-14.1070,1.3289,-10.1543,11.6227,-7.1640,12.0632,1.3392,-19.3511,6.7411,-7.2304,-11.9139,3.6080,8.1856,-17.0437,-6.1614,8.5176,-13.6280,3.6660,0.9580,-4.7335,19.0365,-2.3308,2.6865,15.0031,-25.9098,-13.7039,6.5351,0.9649,-10.3235,6.1580,14.0006,-14.9655,-1.8001,3.1664,-19.3509,1.4992,-7.1886,-13.0847,-5.7533,-16.1003,-9.2945,16.2550,0.1022,7.1219,9.9623,-13.5537,-0.9350,8.9597,0.5350,11.3619,-16.1199,4.9071,16.2461,11.1649,7.5332,-19.3211,18.8847,-2.2412,0.7417,10.3785,17.7760,-0.5246,-4.0803,-4.0830,-28.4788,15.2856,7.6021,-2.4205,23.7132,19.3113,-9.5536,18.8349,-16.9266,-9.7244,-5.4111,20.0418,7.9525,-9.3141,-0.4649,8.1333,-12.6699,4.0716,3.8681,-4.2709,-19.4893,-4.3501,-23.3125,-1.6004,3.7204,-0.3191,-9.8811,-6.7497,2.5551,10.6742,15.2815
5.4208,2.4365,-2.6188,-5.1394,10.8254,22.5069,7.7697,-31.6294,-15.3719,-0.2792,6.1392,-14.5090,-13.9833,2.9999,-5.9687,8.9755,-0.1244,0.9010,3.0027,-10.3373,24.8320,-6.6965,-14.7835,1.4189,7.1539,-14.6856,21.3115,-7.4155,-11.2035,-0.5443,31.1044,-21.5098,-30.5218,13.9387,32.3196,5.4465,20.1308,18.9261,5.0422,-16.5367,-2.4025,-4.5822,-3.4962,17.1833,5.9532,-15.9730,-4.5644,11.7419,-3.9837,5.7990,-13.4261,4.7080,-8.1711,-13.5945,11.8180,6.1042,9.8167,10.6258,-14.5922,-18.7694,-6.8900,-16.3934,8.9801,-0.8824,0.6723,17.0068,-16.4904,-12.1394,-3.0706,14.3400,9.2158,20.3001,8.7427,5.7154,-3.1474,2.0463,-23.9089,-29.8700,-13.3059,-16.9421,-10.1623,24.0718,0.6102,-10.4667,-7.0735,4.6390,15.7066,-7.6737,-6.9033,-19.1268,13.0709,25.6640,2.4877,-16.3156,-14.6087,18.7966,14.6582,-14.9122,-14.2081,6.9642,-10.1132,10.5946,-8.7062,2.9472,-2.2748,10.7124,-3.3509,16.1588,20.2337,18.5111,-2.8276,2.9673,2.2234,3.6597,9.9880,12.7758,-1.7175,-13.3256,-7.7088,13.2623,-13.1548,-5.1874,0.5614,-11.2985,-19.9901,8.1295,16.5187,8.0825,-9.9479,9.7647,3.6887,-16.5669,13.9418,5.8810,14.6233,-2.1591,5.4701,14.8541,3.0941,-13.7880,17.9053,-7.7426,-6.6312,-4.9975,-9.9229,-9.3201,-6.6879,2.8252,-1.1283,-5.5615,0.6516,5.0822,7.0758,0.1185,-24.3190,5.7806,-3.1766,-8.8976,0.2172,-3.4371,6.1943,-14.1070,1.3289,-10.1543,11.6227,-7.1640,12.0632,1.3392,-19.3511,6.7411,-7.2304,-11.9139,3.6080,8.1856,-17.0437,-6.1614,8.5176,-13.6280,3.6660,0.9580,-4.7335,19.0365,-2.3308,2.6865,15.0031,-25.9098,-13.7039,6.5351,0.9649,-10.3235,6.1580,14.0006,-14.9655,-1.8001,3.1664,-19.3509,1.4992,-7.1886,-13.0847,-5.7533,-16.1003,-9.2945,16.2550,0.1022,7.1219,9.9623,-13.5537,-0.9350,8.9597,0.5350,11.3619,-16.1199,4.9071,16.2461,11.1649,7.5332,-19.3211,18.8847,-2.2412,0.7417,10.3785,17.7760,-0.5246,-4.0803,-4.0830,-28.4788,15.2856,7.6021,-2.4205,23.7132,19.3113,-9.5536,18.8349,-16.9266,-9.7244,-5.4111,20.0418,7.9525,-9.3141,-0.4649,8.1333,-12.6699,4.0716,3.8681,-4.2709,-19.4893,-4.3501,-23.3125,-1.6004,3.7204,-0.3191,-9.8811,-6.7497,2.5551,10.6742,15.2815
6.8106,5.3464,28.4453,18.0762,20.7741,15.2850,35.5258,-0.2512,-8.8491,35.0593,-9.4215,18.2828,-19.8761,10.5810,-13.4908,-19.9054,11.3321,23.2221,11.9737,-20.8654,-5.7740,5.0368,3.8924,3.8449,15.3951,-16.7453,7.9510,-0.4903,-19.5787,-7.7353,20.5822,2.3039,-6.6156,-5.9037,15.0502,0.0358,10.3437,49.7204,17.3927,-9.9805,5.3842,2.6940,-16.0674,3.0620,-12.7408,19.2712,-15.0538,-7.7734,-0.5448,-9.7313,0.5259,-16.7163,-20.5142,7.5302,-5.2607,8.0362,19.1418,9.5648,6.8120,-15.3640,6.2688,10.8556,15.6184,10.6291,-5.0274,-4.8676,-19.5106,7.1114,-10.7305,8.6188,-25.2620,1.8857,-18.9688,-6.5952,-13.5974,3.6923,-14.2509,-10.3304,-5.2462,-20.5875,-6.5679,13.1396,-15.9479,-5.9048,19.4833,-14.0897,5.0701,10.5647,-12.7927,-12.9907,5.4829,22.4243,8.2661,4.3091,-5.2386,25.8145,20.9957,-1.8865,7.5759,-11.6868,-2.1538,-2.2221,4.8002,-8.4303,0.1583,0.6253,-17.5221,8.2817,6.1012,16.6718,4.9112,4.0049,-17.4469,25.5590,-2.3724,-19.5454,-3.5228,4.0463,9.4074,8.5287,8.5101,-21.1639,16.5106,-10.8361,-5.1621,10.4029,15.7095,-6.1973,10.8656,-6.1154,-5.4671,-43.7356,12.3597,-19.4159,-17.2111,1.4841,0.1268,-4.1614,13.8649,8.7356,-4.4419,-25.6532,-14.2602,7.9997,-2.9151,9.3665,1.9941,4.7780,-6.6525,-13.6566,20.6824,21.4786,-16.6501,30.7806,-2.9431,15.6901,-7.7873,4.2760,-16.8059,16.1844,11.1397,13.9739,-6.3368,16.4020,20.3500,-4.8824,-25.4869,-18.1915,-16.9482,17.6162,4.8399,16.8282,8.4041,9.0099,10.2029,-6.0305,6.6309,-5.2655,-7.9991,-25.4723,-8.3728,-3.1614,-16.3010,5.7174,-6.7223,6.7566,-7.1941,14.1391,2.9622,0.1905,-36.2677,7.2212,-18.4316,15.2253,-8.2708,-19.5596,-15.3314,-4.5529,14.0344,-23.8863,-11.8040,-41.6120,12.6368,-6.3304,14.4704,6.8348,-27.8374,-12.1072,5.6030,-0.1559,-29.8833,12.8674,6.1150,-19.1464,9.5672,-5.8815,-20.4815,-1.7052,-6.9270,7.8206,-4.2903,-11.5018,11.3697,-22.8265,-1.6995,-33.0214,30.2722,-4.6754,10.4539,20.2856,-3.3374,22.6684,9.8981,-22.6130,-9.7500,-21.2503,-0.5637,-24.3120,0.3176,-24.6220,8.9882,-36.0754,8.2300,4.0876,-9.4788,-0.5787,-26.3705,-12.8351,22.1911,-10.6421,8.2490,21.4337,5.1471,-15.4110,27.2850,-6.3768
9.5067,9.5007,6.7196,2.6808,-3.7059,9.8817,5.8802,-0.7769,-1.6501,8.5902,-0.7178,5.4487,-11.5601,6.2562,5.8801,6.8418,-9.2597,-18.0372,13.6923,-8.7810,10.1443,11.0471,-9.9150,5.1191,-5.6530,5.9826,6.0423,10.1176,8.0891,-16.7681,14.6770,17.6650,-1.2620,5.1866,23.6727,-0.0870,-5.3073,32.2607,-17.2477,-0.2634,0.9603,4.7041,-1.6642,-5.7159,4.0251,3.4601,4.1861,-11.6475,12.7470,10.7980,-3.3657,5.0118,1.1408,-1.3503,-8.4007,-5.9837,1.4886,12.9302,-15.5621,-12.9934,3.5782,12.4840,17.1168,11.0796,-8.0076,-3.7191,-20.9078,5.3084,0.8769,-0.4485,-13.6155,-3.9493,-3.3358,9.0146,3.0142,15.6332,-18.9170,-25.4875,-0.3193,5.1715,-7.8708,9.8141,-4.2100,5.1941,0.4619,-8.2008,4.8429,10.2325,7.8945,7.9480,2.4553,6.4450,8.0118,-9.1483,8.4939,8.4191,-9.7725,9.5528,-6.5427,-6.8239,-12.3842,-1.5705,-1.7086,-9.9702,-8.3970,-1.3974,-13.4198,-9.9554,22.3500,-5.8869,-1.3929,14.3785,3.5951,2.0607,5.4035,6.3607,3.2012,-4.5158,6.8928,-1.2030,-6.6252,-7.5478,-0.0383,-21.5468,-4.3210,-17.0430,13.2489,-4.1187,0.2003,-2.9636,-6.0896,-16.5747,15.3924,3.0179,-1.6559,-14.8294,3.5290,13.0607,19.8872,1.4562,-1.6564,-8.8410,1.9671,-4.4749,-2.5291,9.9925,6.7758,-1.9943,-9.4065,-8.3355,-2.7136,0.1626,-5.9165,6.5406,-1.2074,-8.1997,14.7404,17.3211,-8.5158,-10.1874,-2.7478,-8.3346,-5.6976,-9.9083,15.9644,-9.1867,-8.0995,0.0475,1.3481,3.1977,2.2669,3.5593,-0.5090,12.4116,5.3027,-5.6276,10.1210,3.3126,-12.7184,-7.9086,-4.4387,12.9089,-8.5171,18.1331,12.5679,-6.9960,-3.6090,-4.6892,-12.1742,11.2513,-13.3267,6.1413,-16.6162,-4.9701,-6.5747,-23.9436,1.5083,9.9157,-2.4161,-14.7580,-2.1860,-21.3677,-3.0777,-0.5958,-8.2626,11.8330,-0.2828,11.9344,4.6273,17.2448,7.6273,-8.2428,-6.2799,-1.5811,-1.8870,-3.5853,-7.3972,7.4800,3.7522,6.4356,5.4362,-2.8172,11.4880,-7.2980,1.4109,-20.7682,16.7955,15.1635,-10.8409,19.2721,13.3065,4.7587,17.5264,-16.7311,3.4121,-20.9274,9.3185,-20.2818,-0.8032,6.7370,-2.4791,-6.5130,-14.5380,8.7074,9.2308,-16.6134,-8.2921,-14.2104,2.1648,9.9771,9.3936,3.8608,-9.5375,-20.9706,3.4747,19.3770
