-29.3153,-16.7322,-11.9295,-8.8118,5.8098,23.7733,34.8486,-1.2395,3.4550,2.0028,-22.2393,1.0658,12.7419,-5.0240,-6.7905,-5.2621,-3.9411,-5.9414,4.6486,8.2196,8.8407,-3.2083,12.5784,-6.2134,22.0513,-3.0416,30.7958,10.0448,-1.9695,8.3369,20.4922,6.1772,-26.1116,1.5450,-6.5895,3.7904,14.5723,31.1092,12.0348,16.5418,7.9387,-5.8647,-1.0974,16.1558,-11.1324,-4.0938,2.4610,-16.4937,9.6388,10.0808,-6.3667,-12.0578,-12.8560,-7.9493,5.0626,-10.6332,10.6841,-4.4623,-20.6343,-5.3804,11.3656,14.4904,8.3625,1.4709,-6.4354,3.9467,-3.2308,-6.8735,2.7354,9.5641,-7.2582,6.5718,-1.0486,-7.2276,-6.3394,16.3187,-17.9684,-9.1476,13.7976,-2.2091,4.4174,-2.3092,-17.7265,-20.0318,-1.0034,-7.0849,17.2240,12.8933,-16.2268,3.2276,-6.6554,6.8674,3.4839,-6.2244,17.4905,1.1952,3.4198,-8.4258,20.0202,9.0631,-4.0895,-3.1519,13.6024,-3.4517,-21.6327,0.1209,-9.6955,-3.5457,15.9299,7.9973,8.4019,4.5264,-16.3059,-18.0363,8.8991,-9.6878,10.8264,2.6317,1.7301,11.0275,19.2350,4.2786,19.2518,-6.0779,-4.4215,11.1636,-4.7409,1.9567,10.6357,-9.2759,-6.8483,-24.6589,-3.5000,-7.0762,-3.4041,13.2145,12.6169,-2.0098,6.0130,-25.0576,8.0230,-22.6322,-17.8431,17.6935,-5.2118,5.8203,-17.1294,1.3319,-8.4035,-20.0325,25.9761,19.6943,-15.0387,2.0592,6.0175,-15.1977,2.9879,-1.3218,7.5790,-9.6949,-13.5714,-7.4866,0.3683,-13.6297,35.8839,-1.9717,6.6230,7.9978,-11.0901,-17.5005,21.8110,13.0781,5.1797,-10.1882,-6.9506,-7.0667,14.6024,4.1219,-21.1240,12.0753,-14.9130,10.4489,-11.3251,16.1529,15.5284,-0.5588,-9.8119,-2.0606,13.3546,27.0166,-11.9545,-14.8774,-18.2998,5.5091,13.7924,-4.5951,-9.0416,8.2559,-9.9473,2.2896,-8.4384,-34.9369,26.9890,-0.2016,2.4790,17.3262,1.2721,-16.1977,-16.1206,6.9465,-9.4023,-9.6477,-11.4247,9.0084,-8.9853,2.9067,-12.3736,-3.2039,-10.2869,5.8097,22.1405,-3.9982,-7.2840,-6.2810,-8.0641,-27.7039,-5.5115,-0.4274,6.0917,8.8683,-7.2298,3.7816,-7.1116,-5.7294,15.5602,-14.0214,-6.3853,-6.4430,1.2403,-17.0942,-3.8121,-16.9526,3.1663,-5.7564,8.8514,-11.4775,-34.2385,11.7387,6.0426,15.5637,-10.3881,-13.7915,-12.6307,9.5679,-4.3021,20.1652
-29.3153,-16.7322,-11.9295,-8.8118,5.8098,23.7733,34.8486,-1.2395,3.4550,2.0028,-22.2393,1.0658,12.7419,-5.0240,-6.7905,-5.2621,-3.9411,-5.9414,4.6486,8.2196,8.8407,-3.2083,12.5784,-6.2134,22.0513,-3.0416,30.7958,10.0448,-1.9695,8.3369,20.4922,6.1772,-26.1116,1.5450,-6.5895,3.7904,14.5723,31.1092,12.0348,16.5418,7.9387,-5.8647,-1.0974,16.1558,-11.1324,-4.0938,2.4610,-16.4937,9.6388,10.0808,-6.3667,-12.0578,-12.8560,-7.9493,5.0626,-10.6332,10.6841,-4.4623,-20.6343,-5.3804,11.3656,14.4904,8.3625,1.4709,-6.4354,3.9467,-3.2308,-6.8735,2.7354,9.5641,-7.2582,6.5718,-1.0486,-7.2276,-6.3394,16.3187,-17.9684,-9.1476,13.7976,-2.2091,4.4174,-2.3092,-17.7265,-20.0318,-1.0034,-7.0849,17.2240,12.8933,-16.2268,3.2276,-6.6554,6.8674,3.4839,-6.2244,17.4905,1.1952,3.4198,-8.4258,20.0202,9.0631,-4.0895,-3.1519,13.6024,-3.4517,-21.6327,0.1209,-9.6955,-3.5457,15.9299,7.9973,8.4019,4.5264,-16.3059,-18.0363,8.8991,-9.6878,10.8264,2.6317,1.7301,11.0275,19.2350,4.2786,19.2518,-6.0779,-4.4215,11.1636,-4.7409,1.9567,10.6357,-9.2759,-6.8483,-24.6589,-3.5000,-7.0762,-3.4041,13.2145,12.6169,-2.0098,6.0130,-25.0576,8.0230,-22.6322,-17.8431,17.6935,-5.2118,5.8203,-17.1294,1.3319,-8.4035,-20.0325,25.9761,19.6943,-15.0387,2.0592,6.0175,-15.1977,2.9879,-1.3218,7.5790,-9.6949,-13.5714,-7.4866,0.3683,-13.6297,35.8839,-1.9717,6.6230,7.9978,-11.0901,-17.5005,21.8110,13.0781,5.1797,-10.1882,-6.9506,-7.0667,14.6024,4.1219,-21.1240,12.0753,-14.9130,10.4489,-11.3251,16.1529,15.5284,-0.5588,-9.8119,-2.0606,13.3546,27.0166,-11.9545,-14.8774,-18.2998,5.5091,13.7924,-4.5951,-9.0416,8.2559,-9.9473,2.2896,-8.4384,-34.9369,26.9890,-0.2016,2.4790,17.3262,1.2721,-16.1977,-16.1206,6.9465,-9.4023,-9.6477,-11.4247,9.0084,-8.9853,2.9067,-12.3736,-3.2039,-10.2869,5.8097,22.1405,-3.9982,-7.2840,-6.2810,-8.0641,-27.7039,-5.5115,-0.4274,6.0917,8.8683,-7.2298,3.7816,-7.1116,-5.7294,15.5602,-14.0214,-6.3853,-6.4430,1.2403,-17.0942,-3.8121,-16.9526,3.1663,-5.7564,8.8514,-11.4775,-34.2385,11.7387,6.0426,15.5637,-10.3881,-13.7915,-12.6307,9.5679,-4.3021,20.1652
-16.5136,-2.3545,15.0818,-5.2077,0.9656,21.8664,24.0436,-12.2045,-16.8016,20.2042,0.5144,-7.1975,-2.4605,-4.9139,-17.8152,-10.1401,7.4665,-10.3493,-5.3485,-6.1881,1.9136,12.8605,-2.7885,-9.7867,14.6760,17.2337,13.6150,14.4576,-4.3580,5.7251,10.0520,-6.5995,-14.3397,-2.9275,17.8300,-0.9496,-13.0239,30.1681,-5.9166,9.2444,-7.9541,14.4394,14.5983,11.2759,1.2782,-13.5091,-1.3993,-7.4113,7.6978,-11.8724,-15.1523,-17.0726,-17.4923,2.3265,-0.0056,-4.1943,16.8723,3.8738,-6.7918,-11.2451,9.3231,9.9994,18.1198,11.3487,-0.4274,-14.0425,-12.8718,13.2794,-7.1069,18.7799,-9.8034,-1.4120,10.2340,-6.2650,13.0298,11.6292,-4.8545,-8.3239,-21.0891,-10.5790,4.7914,17.8202,-6.2937,-4.1777,6.3582,-0.7993,6.4556,8.8610,12.1512,-8.1147,11.8175,3.7464,-10.9136,6.3891,0.8232,-2.6723,10.8939,-15.6918,-20.8963,4.3881,-12.0328,4.1740,14.0185,-10.9264,8.8886,-5.5721,-13.8707,-10.8967,9.5354,-3.9089,-6.9743,-8.5157,-11.7282,10.1698,10.7550,-14.7585,0.5446,-3.4334,21.6207,-3.7618,-3.8295,1.0568,-0.9327,-9.9429,-5.3517,5.2091,21.1917,11.4376,-3.2415,6.2386,18.6877,-22.7701,-3.9303,-18.6045,-3.4268,-8.5848,5.9043,18.0060,9.7036,6.0401,11.8554,-12.3440,-24.0172,-2.5674,-13.0089,6.1918,-12.0263,2.4249,3.3808,11.9193,0.3419,10.5038,-14.8979,9.6418,15.3494,-3.6452,-3.6586,10.7929,-16.3678,0.8457,-8.0481,-2.2046,0.4149,-18.7443,13.1610,-17.4652,-6.6530,-4.3713,-17.9796,-10.9611,-13.1690,-5.5071,-5.3581,-5.9055,-3.3986,-7.6830,-7.6361,20.1523,-7.0594,-7.4506,-1.9568,23.0613,-15.3180,-0.9856,3.0149,-6.2449,-17.2013,-2.7383,11.4109,9.4057,-24.1910,10.2343,0.3626,-3.6294,-6.5315,-20.0872,10.4888,-11.6122,3.1900,-8.6724,6.2412,-31.3007,6.0164,-1.2717,0.5944,-0.1673,5.6237,12.9944,-6.0160,27.8061,-11.0130,5.8460,4.2016,-2.3481,2.9260,6.2278,-2.7427,8.2916,6.0510,10.4532,-2.0782,14.8017,7.7390,-17.6620,11.5325,-24.7442,26.3177,12.6297,14.8948,23.3160,12.7546,5.2905,13.0105,-1.8396,-7.3693,-25.7005,4.0277,-5.4197,18.6179,1.3498,9.6775,-7.5930,-11.3369,10.8057,-3.2010,-3.6716,-4.0240,3.3705,7.0924,21.1438,8.9936,-3.0311,-22.7538,3.6559,0.2698,3.3194
-16.5136,-2.3545,15.0818,-5.2077,0.9656,21.8664,24.0436,-12.2045,-16.8016,20.2042,0.5144,-7.1975,-2.4605,-4.9139,-17.8152,-10.1401,7.4665,-10.3493,-5.3485,-6.1881,1.9136,12.8605,-2.7885,-9.7867,14.6760,17.2337,13.6150,14.4576,-4.3580,5.7251,10.0520,-6.5995,-14.3397,-2.9275,17.8300,-0.9496,-13.0239,30.1681,-5.9166,9.2444,-7.9541,14.4394,14.5983,11.2759,1.2782,-13.5091,-1.3993,-7.4113,7.6978,-11.8724,-15.1523,-17.0726,-17.4923,2.3265,-0.0056,-4.1943,16.8723,3.8738,-6.7918,-11.2451,9.3231,9.9994,18.1198,11.3487,-0.4274,-14.0425,-12.8718,13.2794,-7.1069,18.7799,-9.8034,-1.4120,10.2340,-6.2650,13.0298,11.6292,-4.8545,-8.3239,-21.0891,-10.5790,4.7914,17.8202,-6.2937,-4.1777,6.3582,-0.7993,6.4556,8.8610,12.1512,-8.1147,11.8175,3.7464,-10.9136,6.3891,0.8232,-2.6723,10.8939,-15.6918,-20.8963,4.3881,-12.0328,4.1740,14.0185,-10.9264,8.8886,-5.5721,-13.8707,-10.8967,9.5354,-3.9089,-6.9743,-8.5157,-11.7282,10.1698,10.7550,-14.7585,0.5446,-3.4334,21.6207,-3.7618,-3.8295,1.0568,-0.9327,-9.9429,-5.3517,5.2091,21.1917,11.4376,-3.2415,6.2386,18.6877,-22.7701,-3.9303,-18.6045,-3.4268,-8.5848,5.9043,18.0060,9.7036,6.0401,11.8554,-12.3440,-24.0172,-2.5674,-13.0089,6.1918,-12.0263,2.4249,3.3808,11.9193,0.3419,10.5038,-14.8979,9.6418,15.3494,-3.6452,-3.6586,10.7929,-16.3678,0.8457,-8.0481,-2.2046,0.4149,-18.7443,13.1610,-17.4652,-6.6530,-4.3713,-17.9796,-10.9611,-13.1690,-5.5071,-5.3581,-5.9055,-3.3986,-7.6830,-7.6361,20.1523,-7.0594,-7.4506,-1.9568,23.0613,-15.3180,-0.9856,3.0149,-6.2449,-17.2013,-2.7383,11.4109,9.4057,-24.1910,10.2343,0.3626,-3.6294,-6.5315,-20.0872,10.4888,-11.6122,3.1900,-8.6724,6.2412,-31.3007,6.0164,-1.2717,0.5944,-0.1673,5.6237,12.9944,-6.0160,27.8061,-11.0130,5.8460,4.2016,-2.3481,2.9260,6.2278,-2.7427,8.2916,6.0510,10.4532,-2.0782,14.8017,7.7390,-17.6620,11.5325,-24.7442,26.3177,12.6297,14.8948,23.3160,12.7546,5.2905,13.0105,-1.8396,-7.3693,-25.7005,4.0277,-5.4197,18.6179,1.3498,9.6775,-7.5930,-11.3369,10.8057,-3.2010,-3.6716,-4.0240,3.3705,7.0924,21.1438,8.9936,-3.0311,-22.7538,3.6559,0.2698,3.3194
-16.5136,-2.3545,15.0818,-5.2077,0.9656,21.8664,24.0436,-12.2045,-16.8016,20.2042,0.5144,-7.1975,-2.4605,-4.9139,-17.8152,-10.1401,7.4665,-10.3493,-5.3485,-6.1881,1.9136,12.8605,-2.7885,-9.7867,14.6760,17.2337,13.6150,14.4576,-4.3580,5.7251,10.0520,-6.5995,-14.3397,-2.9275,17.8300,-0.9496,-13.0239,30.1681,-5.9166,9.2444,-7.9541,14.4394,14.5983,11.2759,1.2782,-13.5091,-1.3993,-7.4113,7.6978,-11.8724,-15.1523,-17.0726,-17.4923,2.3265,-0.0056,-4.1943,16.8723,3.8738,-6.7918,-11.2451,9.3231,9.9994,18.1198,11.3487,-0.4274,-14.0425,-12.8718,13.2794,-7.1069,18.7799,-9.8034,-1.4120,10.2340,-6.2650,13.0298,11.6292,-4.8545,-8.3239,-21.0891,-10.5790,4.7914,17.8202,-6.2937,-4.1777,6.3582,-0.7993,6.4556,8.8610,12.1512,-8.1147,11.8175,3.7464,-10.9136,6.3891,0.8232,-2.6723,10.8939,-15.6918,-20.8963,4.3881,-12.0328,4.1740,14.0185,-10.9264,8.8886,-5.5721,-13.8707,-10.8967,9.5354,-3.9089,-6.9743,-8.5157,-11.7282,10.1698,10.7550,-14.7585,0.5446,-3.4334,21.6207,-3.7618,-3.8295,1.0568,-0.9327,-9.9429,-5.3517,5.2091,21.1917,11.4376,-3.2415,6.2386,18.6877,-22.7701,-3.9303,-18.6045,-3.4268,-8.5848,5.9043,18.0060,9.7036,6.0401,11.8554,-12.3440,-24.0172,-2.5674,-13.0089,6.1918,-12.0263,2.4249,3.3808,11.9193,0.3419,10.5038,-14.8979,9.6418,15.3494,-3.6452,-3.6586,10.7929,-16.3678,0.8457,-8.0481,-2.2046,0.4149,-18.7443,13.1610,-17.4652,-6.6530,-4.3713,-17.9796,-10.9611,-13.1690,-5.5071,-5.3581,-5.9055,-3.3986,-7.6830,-7.6361,20.1523,-7.0594,-7.4506,-1.9568,23.0613,-15.3180,-0.9856,3.0149,-6.2449,-17.2013,-2.7383,11.4109,9.4057,-24.1910,10.2343,0.3626,-3.6294,-6.5315,-20.0872,10.4888,-11.6122,3.1900,-8.6724,6.2412,-31.3007,6.0164,-1.2717,0.5944,-0.1673,5.6237,12.9944,-6.0160,27.8061,-11.0130,5.8460,4.2016,-2.3481,2.9260,6.2278,-2.7427,8.2916,6.0510,10.4532,-2.0782,14.8017,7.7390,-17.6620,11.5325,-24.7442,26.3177,12.6297,14.8948,23.3160,12.7546,5.2905,13.0105,-1.8396,-7.3693,-25.7005,4.0277,-5.4197,18.6179,1.3498,9.6775,-7.5930,-11.3369,10.8057,-3.2010,-3.6716,-4.0240,3.3705,7.0924,21.1438,8.9936,-3.0311,-22.7538,3.6559,0.2698,3.3194
6.8106,5.3464,28.4453,18.0762,20.7741,15.2850,35.5258,-0.2512,-8.8491,35.0593,-9.4215,18.2828,-19.8761,10.5810,-13.4908,-19.9054,11.3321,23.2221,11.9737,-20.8654,-5.7740,5.0368,3.8924,3.8449,15.3951,-16.7453,7.9510,-0.4903,-19.5787,-7.7353,20.5822,2.3039,-6.6156,-5.9037,15.0502,0.0358,10.3437,49.7204,17.3927,-9.9805,5.3842,2.6940,-16.0674,3.0620,-12.7408,19.2712,-15.0538,-7.7734,-0.5448,-9.7313,0.5259,-16.7163,-20.5142,7.5302,-5.2607,8.0362,19.1418,9.5648,6.8120,-15.3640,6.2688,10.8556,15.6184,10.6291,-5.0274,-4.8676,-19.5106,7.1114,-10.7305,8.6188,-25.2620,1.8857,-18.9688,-6.5952,-13.5974,3.6923,-14.2509,-10.3304,-5.2462,-20.5875,-6.5679,13.1396,-15.9479,-5.9048,19.4833,-14.0897,5.0701,10.5647,-12.7927,-12.9907,5.4829,22.4243,8.2661,4.3091,-5.2386,25.8145,20.9957,-1.8865,7.5759,-11.6868,-2.1538,-2.2221,4.8002,-8.4303,0.1583,0.6253,-17.5221,8.2817,6.1012,16.6718,4.9112,4.0049,-17.4469,25.5590,-2.3724,-19.5455,-3.5228,4.0463,9.4074,8.5287,8.5101,-21.1639,16.5106,-10.8361,-5.1621,10.4029,15.7095,-6.1973,10.8656,-6.1154,-5.4671,-43.7355,12.3597,-19.4159,-17.2111,1.4841,0.1268,-4.1614,13.8649,8.7356,-4.4419,-25.6532,-14.2602,7.9997,-2.9151,9.3665,1.9941,4.7780,-6.6525,-13.6566,20.6824,21.4786,-16.6501,30.7806,-2.9431,15.6901,-7.7873,4.2760,-16.8059,16.1844,11.1397,13.9739,-6.3368,16.4020,20.3500,-4.8824,-25.4869,-18.1915,-16.9482,17.6162,4.8399,16.8282,8.4041,9.0098,10.2029,-6.0305,6.6309,-5.2655,-7.9991,-25.4723,-8.3728,-3.1614,-16.3010,5.7174,-6.7223,6.7566,-7.1941,14.1391,2.9622,0.1905,-36.2677,7.2212,-18.4316,15.2253,-8.2708,-19.5596,-15.3314,-4.5529,14.0344,-23.8863,-11.8040,-41.6120,12.6368,-6.3304,14.4704,6.8348,-27.8374,-12.1072,5.6030,-0.1559,-29.8833,12.8674,6.1150,-19.1464,9.5672,-5.8815,-20.4815,-1.7052,-6.9270,7.8206,-4.2903,-11.5018,11.3697,-22.8265,-1.6995,-33.0214,30.2722,-4.6754,10.4539,20.2856,-3.3374,22.6684,9.8981,-22.6130,-9.7500,-21.2503,-0.5637,-24.3120,0.3176,-24.6220,8.9882,-36.0754,8.2300,4.0876,-9.4788,-0.5787,-26.3705,-12.8351,22.1911,-10.6421,8.2490,21.4337,5.1471,-15.4110,27.2850,-6.3768
6.8106,5.3464,28.4453,18.0762,20.7741,15.2850,35.5258,-0.2512,-8.8491,35.0593,-9.4215,18.2828,-19.8761,10.5810,-13.4908,-19.9054,11.3321,23.2221,11.9737,-20.8654,-5.7740,5.0368,3.8924,3.8449,15.3951,-16.7453,7.9510,-0.4903,-19.5787,-7.7353,20.5822,2.3039,-6.6156,-5.9037,15.0502,0.0358,10.3437,49.7204,17.3927,-9.9805,5.3842,2.6940,-16.0674,3.0620,-12.7408,19.2712,-15.0538,-7.7734,-0.5448,-9.7313,0.5259,-16.7163,-20.5142,7.5302,-5.2607,8.0362,19.1418,9.5648,6.8120,-15.3640,6.2688,10.8556,15.6184,10.6291,-5.0274,-4.8676,-19.5106,7.1114,-10.7305,8.6188,-25.2620,1.8857,-18.9688,-6.5952,-13.5974,3.6923,-14.2509,-10.3304,-5.2462,-20.5875,-6.5679,13.1396,-15.9479,-5.9048,19.4833,-14.0897,5.0701,10.5647,-12.7927,-12.9907,5.4829,22.4243,8.2661,4.3091,-5.2386,25.8145,20.9957,-1.8865,7.5759,-11.6868,-2.1538,-2.2221,4.8002,-8.4303,0.1583,0.6253,-17.5221,8.2817,6.1012,16.6718,4.9112,4.0049,-17.4469,25.5590,-2.3724,-19.5455,-3.5228,4.0463,9.4074,8.5287,8.5101,-21.1639,16.5106,-10.8361,-5.1621,10.4029,15.7095,-6.1973,10.8656,-6.1154,-5.4671,-43.7355,12.3597,-19.4159,-17.2111,1.4841,0.1268,-4.1614,13.8649,8.7356,-4.4419,-25.6532,-14.2602,7.9997,-2.9151,9.3665,1.9941,4.7780,-6.6525,-13.6566,20.6824,21.4786,-16.6501,30.7806,-2.9431,15.6901,-7.7873,4.2760,-16.8059,16.1844,11.1397,13.9739,-6.3368,16.4020,20.3500,-4.8824,-25.4869,-18.1915,-16.9482,17.6162,4.8399,16.8282,8.4041,9.0099,10.2029,-6.0305,6.6309,-5.2655,-7.9991,-25.4723,-8.3728,-3.1614,-16.3010,5.7174,-6.7223,6.7566,-7.1941,14.1391,2.9622,0.1905,-36.2677,7.2212,-18.4316,15.2253,-8.2708,-19.5596,-15.3314,-4.5529,14.0344,-23.8863,-11.8040,-41.6120,12.6368,-6.3304,14.4704,6.8348,-27.8374,-12.1072,5.6030,-0.1559,-29.8833,12.8674,6.1150,-19.1464,9.5672,-5.8815,-20.4815,-1.7052,-6.9270,7.8206,-4.2903,-11.5018,11.3697,-22.8265,-1.6995,-33.0214,30.2722,-4.6754,10.4539,20.2856,-3.3374,22.6684,9.8981,-22.6130,-9.7500,-21.2503,-0.5637,-24.3120,0.3176,-24.6220,8.9882,-36.0754,8.2300,4.0876,-9.4788,-0.5787,-26.3705,-12.8351,22.1911,-10.6421,8.2490,21.4337,5.1471,-15.4110,27.2850,-6.3768
6.8106,5.3464,28.4453,18.0762,20.7741,15.2850,35.5258,-0.2512,-8.8491,35.0593,-9.4215,18.2828,-19.8761,10.5810,-13.4908,-19.9054,11.3321,23.2221,11.9737,-20.8654,-5.7740,5.0368,3.8924,3.8449,15.3951,-16.7453,7.9510,-0.4903,-19.5787,-7.7353,20.5822,2.3039,-6.6156,-5.9037,15.0502,0.0358,10.3437,49.7204,17.3927,-9.9805,5.3842,2.6940,-16.0674,3.0620,-12.7408,19.2712,-15.0538,-7.7734,-0.5448,-9.7313,0.5259,-16.7163,-20.5142,7.5302,-5.2607,8.0362,19.1418,9.5648,6.8120,-15.3640,6.2688,10.8556,15.6184,10.6291,-5.0274,-4.8676,-19.5106,7.1114,-10.7305,8.6188,-25.2620,1.8857,-18.9688,-6.5952,-13.5974,3.6923,-14.2509,-10.3304,-5.2462,-20.5875,-6.5679,13.1396,-15.9479,-5.9048,19.4833,-14.0897,5.0701,10.5647,-12.7927,-12.9907,5.4829,22.4243,8.2661,4.3091,-5.2386,25.8145,20.9957,-1.8865,7.5759,-11.6868,-2.1538,-2.2221,4.8002,-8.4303,0.1583,0.6253,-17.5221,8.2817,6.1012,16.6718,4.9112,4.0049,-17.4469,25.5590,-2.3724,-19.5455,-3.5228,4.0463,9.4074,8.5287,8.5101,-21.1639,16.5106,-10.8361,-5.1621,10.4029,15.7095,-6.1973,10.8656,-6.1154,-5.4671,-43.7355,12.3597,-19.4159,-17.2111,1.4841,0.1268,-4.1614,13.8649,8.7356,-4.4419,-25.6532,-14.2602,7.9997,-2.9151,9.3665,1.9941,4.7780,-6.6525,-13.6566,20.6824,21.4786,-16.6501,30.7806,-2.9431,15.6901,-7.7873,4.2760,-16.8059,16.1844,11.1397,13.9739,-6.3368,16.4020,20.3500,-4.8824,-25.4869,-18.1915,-16.9482,17.6162,4.8399,16.8282,8.4041,9.0099,10.2029,-6.0305,6.6309,-5.2655,-7.9991,-25.4723,-8.3728,-3.1614,-16.3010,5.7174,-6.7223,6.7566,-7.1941,14.1391,2.9622,0.1905,-36.2677,7.2212,-18.4316,15.2253,-8.2708,-19.5596,-15.3314,-4.5529,14.0344,-23.8863,-11.8040,-41.6120,12.6368,-6.3304,14.4704,6.8348,-27.8374,-12.1072,5.6030,-0.1559,-29.8833,12.8674,6.1150,-19.1464,9.5672,-5.8815,-20.4815,-1.7052,-6.9270,7.8206,-4.2903,-11.5018,11.3697,-22.8265,-1.6995,-33.0214,30.2722,-4.6754,10.4539,20.2856,-3.3374,22.6684,9.8981,-22.6130,-9.7500,-21.2503,-0.5637,-24.3120,0.3176,-24.6220,8.9882,-36.0754,8.2300,4.0876,-9.4788,-0.5787,-26.3705,-12.8351,22.1911,-10.6421,8.2490,21.4337,5.1471,-15.4110,27.2850,-6.3768
-6.5231,-5.9558,5.9889,-0.9008,12.5639,10.6857,26.6019,7.7813,-10.5670,-0.5414,-1.3234,-0.2656,4.5869,-16.0978,-12.4757,-3.2288,7.8554,13.2304,16.9912,7.3957,5.4700,-1.8990,-0.0130,-7.1577,10.6370,-14.5649,25.5046,25.5038,-0.3066,-12.0548,10.0760,-18.2992,-37.2990,14.1849,22.2940,16.9981,-6.7050,9.7964,-17.7664,-4.5472,-9.1102,14.3303,-4.5075,-0.2688,3.0451,-4.3367,-12.1823,2.5497,5.5412,-8.1776,1.2727,-1.2411,-10.9162,8.0630,15.2069,3.6126,5.5606,22.8245,4.9219,11.0670,8.9102,0.2631,-12.8643,27.9013,-10.8041,-3.9528,-22.6268,-7.3596,7.9507,1.9930,-5.5805,5.0695,-24.4216,-8.4781,23.5589,-6.0121,-19.6317,8.6078,-7.4825,-12.8459,-2.5273,-2.2031,-5.4622,-0.6386,18.6263,-12.5807,10.9037,20.4621,-0.8359,18.8571,9.9143,14.1400,-12.8628,9.4270,10.4604,1.7029,5.0558,0.0843,10.6644,-4.1741,1.8524,9.8751,-2.3866,-2.5782,11.9397,-12.2347,-16.3616,10.7533,20.6185,-8.6808,6.6078,-2.8004,-14.1173,-15.7207,14.9861,-12.3890,-4.5092,-2.2727,-1.0237,1.6488,-8.2770,-2.0277,14.9372,-4.5476,-14.0192,-15.5352,-2.9271,-2.4606,-13.7987,1.2139,-14.8731,-29.8789,16.5687,-8.9615,-2.7035,2.9588,-3.2986,4.9208,12.2844,-12.6176,7.3665,-21.9186,-29.0480,2.5814,4.0227,-6.8142,-5.8005,-11.8375,-12.4812,-7.0377,13.2561,4.3280,0.8973,-0.8889,7.8972,-5.7737,12.1873,-3.3489,-18.7541,-9.0241,12.2357,15.7617,1.9193,7.1438,14.6112,-3.1572,10.6504,-10.2332,-14.9242,11.9021,-4.3692,6.5587,-13.0693,2.7460,8.3629,-0.9964,1.6290,-1.1380,-24.3534,2.2577,6.0001,16.3650,-5.9007,2.9941,18.4714,17.7547,0.2277,-5.7695,-9.7730,-17.7972,-11.4190,-5.8006,-3.6010,-11.5249,3.6215,-3.0436,5.8964,-9.4014,-27.5693,-15.8417,4.9050,-43.7700,0.8702,-0.4154,-15.2014,7.2832,-10.8567,-13.0694,11.3520,6.8415,-17.2364,2.0947,14.2838,-6.5080,-3.8185,-4.8867,4.9130,9.7691,-16.9098,5.1262,14.5200,1.8260,-15.1582,-3.7285,3.3130,-26.2299,22.0142,11.7964,6.4271,17.5274,-12.6351,4.7735,16.2720,0.9734,-10.9193,-30.6681,16.2775,-1.2452,10.4638,-4.3608,6.7979,-1.4799,5.2846,-13.5110,5.9683,-13.6677,-20.8745,5.8015,1.2140,0.3206,-10.3777,11.3218,-9.8047,8.9064,5.7046,15.1638
-6.5231,-5.9558,5.9889,-0.9008,12.5639,10.6857,26.6019,7.7813,-10.5670,-0.5414,-1.3234,-0.2656,4.5869,-16.0978,-12.4757,-3.2288,7.8554,13.2304,16.9912,7.3957,5.4700,-1.8990,-0.0130,-7.1577,10.6370,-14.5649,25.5046,25.5038,-0.3066,-12.0548,10.0760,-18.2992,-37.2990,14.1849,22.2940,16.9981,-6.7050,9.7964,-17.7664,-4.5472,-9.1102,14.3303,-4.5075,-0.2688,3.0451,-4.3367,-12.1823,2.5497,5.5412,-8.1776,1.2727,-1.2411,-10.9162,8.0630,15.2069,3.6126,5.5606,22.8245,4.9219,11.0670,8.9102,0.2631,-12.8643,27.9013,-10.8041,-3.9528,-22.6268,-7.3596,7.9507,1.9930,-5.5805,5.0695,-24.4216,-8.4781,23.5589,-6.0121,-19.6317,8.6078,-7.4825,-12.8459,-2.5273,-2.2031,-5.4622,-0.6386,18.6263,-12.5807,10.9037,20.4621,-0.8359,18.8571,9.9143,14.1400,-12.8628,9.4270,10.4604,1.7029,5.0558,0.0843,10.6644,-4.1741,1.8524,9.8751,-2.3866,-2.5782,11.9397,-12.2347,-16.3616,10.7533,20.6185,-8.6808,6.6078,-2.8004,-14.1173,-15.7207,14.9861,-12.3890,-4.5092,-2.2727,-1.0237,1.6488,-8.2770,-2.0277,14.9372,-4.5476,-14.0192,-15.5352,-2.9271,-2.4606,-13.7987,1.2139,-14.8731,-29.8789,16.5687,-8.9615,-2.7035,2.9588,-3.2986,4.9208,12.2844,-12.6176,7.3665,-21.9186,-29.0480,2.5814,4.0227,-6.8142,-5.8005,-11.8375,-12.4812,-7.0377,13.2561,4.3280,0.8973,-0.8889,7.8972,-5.7737,12.1873,-3.3489,-18.7541,-9.0241,12.2357,15.7617,1.9193,7.1438,14.6112,-3.1572,10.6504,-10.2332,-14.9242,11.9021,-4.3692,6.5587,-13.0693,2.7460,8.3629,-0.9964,1.6290,-1.1380,-24.3534,2.2577,6.0001,16.3650,-5.9007,2.9941,18.4714,17.7547,0.2277,-5.7695,-9.7730,-17.7972,-11.4190,-5.8006,-3.6010,-11.5249,3.6215,-3.0436,5.8964,-9.4014,-27.5693,-15.8417,4.9050,-43.7700,0.8702,-0.4154,-15.2014,7.2832,-10.8567,-13.0694,11.3520,6.8415,-17.2364,2.0947,14.2838,-6.5080,-3.8185,-4.8867,4.9130,9.7691,-16.9098,5.1262,14.5200,1.8260,-15.1582,-3.7285,3.3130,-26.2299,22.0142,11.7964,6.4271,17.5274,-12.6351,4.7735,16.2720,0.9734,-10.9193,-30.6681,16.2775,-1.2452,10.4638,-4.3608,6.7979,-1.4799,5.2846,-13.5110,5.9683,-13.6677,-20.8745,5.8015,1.2140,0.3206,-10.3777,11.3218,-9.8047,8.9064,5.7046,15.1638
-6.5231,-5.9558,5.9889,-0.9008,12.5639,10.6857,26.6019,7.7813,-10.5670,-0.5414,-1.3234,-0.2656,4.5869,-16.0978,-12.4757,-3.2288,7.8554,13.2304,16.9912,7.3957,5.4700,-1.8990,-0.0130,-7.1577,10.6370,-14.5649,25.5046,25.5038,-0.3066,-12.0548,10.0760,-18.2992,-37.2990,14.1849,22.2940,16.9981,-6.7050,9.7964,-17.7664,-4.5472,-9.1102,14.3303,-4.5075,-0.2688,3.0451,-4.3367,-12.1823,2.5497,5.5412,-8.1776,1.2727,-1.2411,-10.9162,8.0630,15.2069,3.6126,5.5606,22.8245,4.9219,11.0670,8.9102,0.2631,-12.8643,27.9013,-10.8041,-3.9528,-22.6268,-7.3596,7.9507,1.9930,-5.5805,5.0695,-24.4216,-8.4781,23.5589,-6.0121,-19.6317,8.6078,-7.4825,-12.8459,-2.5273,-2.2031,-5.4622,-0.6386,18.6263,-12.5807,10.9037,20.4621,-0.8359,18.8571,9.9143,14.1400,-12.8628,9.4270,10.4604,1.7029,5.0558,0.0843,10.6644,-4.1741,1.8524,9.8751,-2.3866,-2.5782,11.9397,-12.2347,-16.3616,10.7533,20.6185,-8.6808,6.6078,-2.8004,-14.1173,-15.7207,14.9861,-12.3890,-4.5092,-2.2727,-1.0237,1.6488,-8.2770,-2.0277,14.9372,-4.5476,-14.0192,-15.5352,-2.9271,-2.4606,-13.7987,1.2139,-14.8731,-29.8789,16.5687,-8.9615,-2.7035,2.9588,-3.2986,4.9208,12.2844,-12.6176,7.3665,-21.9186,-29.0480,2.5814,4.0227,-6.8142,-5.8005,-11.8375,-12.4812,-7.0377,13.2561,4.3280,0.8973,-0.8889,7.8972,-5.7737,12.1873,-3.3489,-18.7541,-9.0241,12.2357,15.7617,1.9193,7.1438,14.6112,-3.1572,10.6504,-10.2332,-14.9242,11.9021,-4.3692,6.5587,-13.0693,2.7460,8.3629,-0.9964,1.6290,-1.1380,-24.3534,2.2577,6.0001,16.3650,-5.9007,2.9941,18.4714,17.7547,0.2277,-5.7695,-9.7730,-17.7972,-11.4190,-5.8006,-3.6010,-11.5249,3.6215,-3.0436,5.8964,-9.4014,-27.5693,-15.8417,4.9050,-43.7700,0.8702,-0.4154,-15.2014,7.2832,-10.8567,-13.0694,11.3520,6.8415,-17.2364,2.0947,14.2838,-6.5080,-3.8185,-4.8867,4.9130,9.7691,-16.9098,5.1262,14.5200,1.8260,-15.1582,-3.7285,3.3130,-26.2299,22.0142,11.7964,6.4271,17.5274,-12.6351,4.7735,16.2720,0.9734,-10.9193,-30.6681,16.2775,-1.2452,10.4638,-4.3608,6.7979,-1.4799,5.2846,-13.5110,5.9683,-13.6677,-20.8745,5.8015,1.2140,0.3206,-10.3777,11.3218,-9.8047,8.9064,5.7046,15.1638
0.3628,-1.6516,-0.6721,-2.7633,5.2476,4.7345,9.9396,3.4103,-5.5049,-0.4550,1.0229,-0.0601,1.5536,-4.3550,-4.4879,2.2368,3.7342,3.6880,6.8738,4.3023,0.7092,-1.7612,-2.8627,-0.2403,4.4167,-3.9715,9.9176,7.6155,2.7883,-4.7867,5.9077,-5.0736,-15.1472,6.1971,10.1934,4.3538,-0.8608,5.6649,-6.8397,-2.4050,-2.9490,5.4620,-3.5329,0.1183,0.0420,-3.1111,-6.9562,1.4549,1.3795,-0.7311,0.7552,1.0126,-1.3690,3.7838,6.5173,0.2703,1.5246,9.4594,2.3963,3.4772,4.0649,-0.3344,-2.7350,10.6597,-6.4358,0.0806,-8.9728,-5.8295,4.0072,1.1998,-0.9424,2.0354,-7.8535,0.4101,6.6540,-0.8770,-9.6730,3.2843,-2.5050,-4.5689,-2.6066,-2.1561,0.0533,-0.8917,5.2700,-2.9277,2.9344,7.6127,0.4096,7.4465,0.9769,6.6162,-4.4748,0.0308,2.6190,5.1423,1.9892,-0.3989,4.1275,-1.4559,-0.7884,2.1098,-2.1817,0.0578,3.0540,-4.1920,-3.8193,4.0663,9.4920,1.0916,0.1098,2.4132,-7.6824,-5.6294,5.0726,-4.5600,0.2312,-1.4892,0.0699,1.9151,-3.3152,-1.4124,3.4521,-1.9844,-4.7198,-7.3992,0.4663,-2.1606,-5.3320,-0.5492,-5.8998,-11.8665,7.6527,-3.3971,-0.0250,0.9225,-0.3472,2.4390,3.6445,-5.1715,3.4329,-10.3572,-9.9655,1.0536,-0.7720,-1.9729,-0.4707,-5.2779,-4.7081,-1.1518,6.0033,-0.5806,0.1626,-2.7754,3.3551,-2.0188,5.3119,-3.4175,-6.1795,-0.8744,1.7104,3.5429,0.3256,-0.6821,8.2354,-2.1887,2.8024,-5.1303,-4.5926,5.8074,-2.4515,-0.1718,-1.9176,2.5205,1.2933,0.4423,1.9960,-4.8859,-9.1051,0.6395,0.2934,5.7821,-5.5983,2.6184,6.8765,6.1059,0.8027,-2.1801,-4.5031,-6.1335,-3.3035,-2.2386,-3.4269,-4.7778,1.1202,-1.8261,2.4928,-1.6154,-11.5127,-6.7371,2.7060,-15.9068,3.2340,0.7290,-4.1962,4.3503,-5.4790,-3.6456,6.1571,-0.5431,-5.7137,-2.0280,3.0510,-1.3697,-1.6593,-0.3446,0.9114,3.5804,-5.1361,0.6919,5.2800,-0.9930,-5.6741,-1.9562,3.6238,-11.3848,7.3750,3.4862,2.4702,9.2290,-3.0053,2.8304,4.7882,1.9816,-4.1224,-9.1001,9.7499,-2.9304,2.1521,-3.4549,-0.2015,-1.9019,0.9144,-1.2317,0.0910,-5.4017,-6.3537,1.4153,-0.8793,-1.2943,-0.3208,3.1756,-4.3424,4.0932,3.5817,10.2891
-7.8128,-13.3023,18.6339,-0.9628,4.2231,11.8714,-4.0547,0.1745,11.8205,11.5835,1.4136,8.5117,-8.9060,3.7218,1.5335,-5.7172,-15.2107,2.6822,2.0574,-2.9301,11.6871,2.9323,-0.6217,-9.8231,-12.0008,10.7227,11.4539,11.6992,10.2522,-9.0445,25.6705,10.4730,-7.1448,-18.0777,4.2190,1.0840,6.7621,32.2667,-8.6548,5.2628,-5.4180,5.7298,18.2484,-2.6666,-16.1995,-1.6750,7.4405,-5.3581,0.2877,10.3272,-12.7138,-1.3136,-5.9078,-5.1600,-6.5798,-9.2041,-2.6968,0.5243,-4.6753,-16.2255,7.9333,6.7504,3.7890,15.5766,-11.8482,9.5982,-18.3026,-1.3078,-8.5766,-8.3961,6.8009,-4.4947,-15.6607,-4.1968,6.0141,27.7264,0.6126,5.8238,4.1825,0.1692,-7.5324,11.2042,5.1360,11.7195,-1.5728,-3.3291,18.4301,17.3933,-11.3653,9.5508,5.5260,1.6613,14.1317,-1.0511,21.9063,-5.3674,-3.8123,12.1207,-7.1653,-4.3905,-6.9166,9.9814,7.1195,-14.9050,-14.0852,-20.3139,-4.9294,-12.2839,19.1247,2.1988,16.9660,0.3876,-3.4761,1.4855,-0.1208,2.5860,-1.5073,-1.7636,1.1141,9.8705,6.1836,-3.6433,9.9277,2.9109,-3.1352,9.2951,16.8692,4.0453,-3.3684,-11.3354,-8.2584,-22.7067,6.8032,-11.5586,-11.2256,-6.9914,-1.6445,0.7284,4.3200,-14.3367,-3.8898,-12.9754,2.1517,-4.4244,-13.9513,-1.0594,0.3429,2.0172,-5.6418,-18.0553,14.2555,-5.1064,1.9572,6.5266,-20.5314,-8.6477,6.9006,11.5436,10.5369,3.0739,-11.6491,3.2720,3.5873,3.4139,27.6155,-8.7784,1.3946,7.7927,-4.9178,3.4787,-4.7813,16.9343,4.3007,10.5151,0.2544,3.6857,7.9570,-1.6928,-18.0271,-0.5023,-11.5373,8.1668,-17.5152,11.1331,17.2789,-3.2555,-8.8958,12.6800,-14.2695,14.0660,4.8335,9.5505,-11.3925,-14.9981,5.2254,-20.7651,-11.6546,3.1102,-15.3057,-14.1828,-20.8898,-4.9681,3.4083,-8.8687,12.4611,8.5684,1.5127,1.9591,-0.1182,14.0262,-4.6134,8.3113,-10.8247,-0.8221,12.6770,-11.2076,-9.9028,-0.5383,1.1122,17.8039,3.6185,-11.3692,14.8500,3.1567,-26.3486,-17.5226,22.8028,4.9394,3.0791,15.1703,20.3534,11.8430,12.9211,-25.8876,7.7311,-4.2624,-3.2556,-7.3581,1.3448,-13.4977,-6.0067,-7.8488,9.6638,5.9126,12.2918,-12.8813,-34.3879,-12.6546,6.2252,17.6564,4.1925,-8.4097,4.2339,-12.8333,5.4773,-0.1053
-7.8128,-13.3023,18.6339,-0.9628,4.2231,11.8714,-4.0547,0.1745,11.8205,11.5835,1.4136,8.5117,-8.9060,3.7218,1.5335,-5.7172,-15.2107,2.6822,2.0574,-2.9301,11.6871,2.9323,-0.6217,-9.8231,-12.0008,10.7227,11.4539,11.6992,10.2522,-9.0445,25.6705,10.4730,-7.1448,-18.0777,4.2190,1.0840,6.7621,32.2667,-8.6548,5.2628,-5.4180,5.7298,18.2484,-2.6666,-16.1995,-1.6750,7.4405,-5.3581,0.2877,10.3272,-12.7138,-1.3136,-5.9078,-5.1600,-6.5798,-9.2041,-2.6968,0.5242,-4.6753,-16.2255,7.9333,6.7504,3.7890,15.5766,-11.8482,9.5982,-18.3026,-1.3078,-8.5766,-8.3961,6.8009,-4.4947,-15.6607,-4.1968,6.0141,27.7264,0.6126,5.8238,4.1825,0.1692,-7.5324,11.2042,5.1360,11.7195,-1.5728,-3.3291,18.4301,17.3933,-11.3653,9.5508,5.5260,1.6613,14.1317,-1.0511,21.9063,-5.3674,-3.8123,12.1207,-7.1653,-4.3905,-6.9166,9.9814,7.1195,-14.9050,-14.0852,-20.3139,-4.9294,-12.2839,19.1247,2.1988,16.9660,0.3876,-3.4761,1.4855,-0.1208,2.5860,-1.5073,-1.7636,1.1141,9.8705,6.1836,-3.6433,9.9277,2.9109,-3.1352,9.2951,16.8692,4.0453,-3.3684,-11.3354,-8.2584,-22.7067,6.8032,-11.5586,-11.2256,-6.9914,-1.6445,0.7284,4.3200,-14.3367,-3.8898,-12.9754,2.1517,-4.4244,-13.9513,-1.0594,0.3429,2.0172,-5.6418,-18.0553,14.2555,-5.1064,1.9572,6.5266,-20.5314,-8.6477,6.9006,11.5436,10.5369,3.0739,-11.6491,3.2720,3.5873,3.4139,27.6155,-8.7784,1.3946,7.7927,-4.9178,3.4787,-4.7813,16.9343,4.3007,10.5151,0.2544,3.6857,7.9570,-1.6928,-18.0271,-0.5023,-11.5373,8.1668,-17.5152,11.1331,17.2789,-3.2555,-8.8958,12.6800,-14.2695,14.0660,4.8335,9.5505,-11.3925,-14.9981,5.2254,-20.7651,-11.6546,3.1102,-15.3057,-14.1828,-20.8898,-4.9681,3.4083,-8.8687,12.4611,8.5684,1.5127,1.9591,-0.1182,14.0262,-4.6134,8.3113,-10.8247,-0.8221,12.6770,-11.2076,-9.9028,-0.5383,1.1122,17.8039,3.6185,-11.3692,14.8500,3.1567,-26.3486,-17.5226,22.8028,4.9394,3.0791,15.1703,20.3534,11.8430,12.9211,-25.8876,7.7311,-4.2624,-3.2556,-7.3581,1.3448,-13.4977,-6.0067,-7.8488,9.6638,5.9126,12.2918,-12.8813,-34.3879,-12.6546,6.2252,17.6564,4.1925,-8.4097,4.2339,-12.8333,5.4773,-0.1053
-7.8128,-13.3023,18.6339,-0.9628,4.2231,11.8714,-4.0547,0.1745,11.8205,11.5835,1.4136,8.5117,-8.9060,3.7218,1.5335,-5.7172,-15.2107,2.6822,2.0574,-2.9301,11.6871,2.9323,-0.6217,-9.8231,-12.0008,10.7227,11.4539,11.6992,10.2522,-9.0445,25.6705,10.4730,-7.1448,-18.0777,4.2190,1.0840,6.7621,32.2667,-8.6548,5.2628,-5.4180,5.7298,18.2484,-2.6666,-16.1995,-1.6750,7.4405,-5.3581,0.2877,10.3272,-12.7138,-1.3136,-5.9078,-5.1600,-6.5798,-9.2041,-2.6968,0.5242,-4.6753,-16.2255,7.9333,6.7504,3.7890,15.5766,-11.8482,9.5982,-18.3026,-1.3078,-8.5766,-8.3961,6.8009,-4.4947,-15.6607,-4.1968,6.0141,27.7264,0.6126,5.8238,4.1825,0.1692,-7.5324,11.2042,5.1360,11.7195,-1.5728,-3.3291,18.4301,17.3933,-11.3653,9.5508,5.5260,1.6613,14.1317,-1.0511,21.9063,-5.3674,-3.8123,12.1207,-7.1653,-4.3905,-6.9166,9.9814,7.1195,-14.9050,-14.0852,-20.3139,-4.9294,-12.2839,19.1247,2.1988,16.9660,0.3876,-3.4761,1.4855,-0.1208,2.5860,-1.5073,-1.7636,1.1141,9.8705,6.1836,-3.6433,9.9277,2.9109,-3.1352,9.2951,16.8692,4.0453,-3.3684,-11.3354,-8.2584,-22.7067,6.8032,-11.5586,-11.2256,-6.9914,-1.6445,0.7284,4.3200,-14.3367,-3.8898,-12.9754,2.1517,-4.4244,-13.9513,-1.0594,0.3429,2.0172,-5.6418,-18.0553,14.2555,-5.1064,1.9572,6.5266,-20.5314,-8.6477,6.9006,11.5436,10.5369,3.0739,-11.6491,3.2720,3.5873,3.4139,27.6155,-8.7784,1.3946,7.7927,-4.9178,3.4787,-4.7813,16.9343,4.3007,10.5151,0.2544,3.6857,7.9570,-1.6928,-18.0271,-0.5023,-11.5373,8.1668,-17.5152,11.1331,17.2789,-3.2555,-8.8958,12.6800,-14.2695,14.0660,4.8335,9.5505,-11.3925,-14.9981,5.2254,-20.7651,-11.6546,3.1102,-15.3057,-14.1828,-20.8898,-4.9681,3.4083,-8.8687,12.4611,8.5684,1.5127,1.9591,-0.1182,14.0262,-4.6134,8.3113,-10.8247,-0.8221,12.6770,-11.2076,-9.9028,-0.5383,1.1122,17.8039,3.6185,-11.3692,14.8500,3.1567,-26.3486,-17.5226,22.8028,4.9394,3.0791,15.1703,20.3534,11.8430,12.9211,-25.8876,7.7311,-4.2624,-3.2556,-7.3581,1.3448,-13.4977,-6.0067,-7.8488,9.6638,5.9126,12.2918,-12.8813,-34.3879,-12.6546,6.2252,17.6564,4.1925,-8.4097,4.2339,-12.8333,5.4773,-0.1053
-9.4738,-7.3150,1.0490,7.9542,-2.6116,17.5892,21.9246,0.1832,-4.8541,17.8465,0.4121,4.0937,-11.2374,2.3247,-4.8148,-5.1434,-5.7313,9.3976,-7.6070,2.2216,-5.1634,14.2713,2.1809,0.9674,1.4819,-2.0111,6.3523,5.2991,-8.3217,3.1343,12.3985,5.0133,-2.0326,-5.7008,-4.9573,-10.9891,3.4436,19.7109,8.7948,-2.5694,13.0622,-3.2893,-5.9251,9.8990,-2.0780,2.5989,-12.1750,-8.7562,-6.2274,-3.2887,-1.6997,-5.6375,-5.7179,-4.1402,1.4357,-0.1433,4.3834,3.3918,0.8432,-17.9458,-4.3383,-1.0034,9.5925,7.8097,8.3221,11.0384,-11.4703,-11.6155,7.5651,3.1009,-9.5705,-2.1935,-4.8774,6.0333,-10.4429,3.8034,-7.1528,1.0159,-7.5632,-14.7031,-0.1885,-1.4062,-11.0795,-8.9736,0.4773,-10.3857,1.1269,3.6719,-13.7091,-1.7599,0.0285,18.0765,15.2199,12.5547,-6.1413,7.4372,10.2279,-16.3256,10.9434,7.9922,-7.8585,-0.2021,4.8117,-1.1527,-8.1202,8.8148,-6.7297,5.0701,18.7999,13.3885,2.0984,3.3248,-8.3506,-0.1679,-4.3122,-7.6321,8.8638,-4.5967,3.1282,-1.1807,7.1476,-6.5192,-2.7978,9.5962,-1.8785,6.5614,1.8034,6.6918,10.2252,-11.6017,4.0149,-15.9960,4.8729,-4.6835,-2.2402,-3.6977,13.1156,1.0548,-2.2213,-1.2702,0.9531,-10.1970,-10.8003,17.3575,-8.0893,-0.7706,1.1614,9.8270,-15.5436,-6.0947,15.0025,10.2022,-12.6135,8.9869,-7.7099,4.4759,2.4832,1.2452,-1.0499,6.5903,-8.4133,-3.1653,-10.1956,-1.9400,14.6708,-2.1361,-13.8490,-4.1892,2.8588,-8.6084,7.3907,-2.6750,-0.0248,12.9565,-7.3591,-9.2416,-0.9135,8.8362,-2.9627,-7.7870,-17.9836,-1.1865,-4.3030,8.2056,12.8102,-3.5209,-12.9586,0.5700,7.1636,10.4200,-11.1828,6.5089,-5.7975,8.8526,14.7108,-16.6696,-10.8882,6.7043,3.3968,-11.1311,-5.2911,-17.5504,10.8239,5.1357,8.2132,4.1770,-14.9294,-2.3046,2.0257,15.3982,-3.7415,2.9746,-3.3039,1.1608,-1.1489,10.3591,-3.5774,10.5080,3.3348,-5.3998,2.0449,-7.0509,-2.9116,-5.8639,0.6077,-15.2939,6.9506,13.2180,-4.0404,14.7922,-2.6897,3.7328,-4.9644,-1.7539,3.3596,-1.5483,-3.8412,-17.2006,-3.9670,-15.2514,-7.6008,-10.8991,11.5483,6.5452,-5.2975,-8.8148,-8.9515,4.9987,5.6252,4.2145,-0.5496,-5.1470,-11.4072,-8.5791,12.6230,9.9147
-9.4738,-7.3150,1.0490,7.9542,-2.6116,17.5892,21.9246,0.1832,-4.8541,17.8465,0.4121,4.0937,-11.2374,2.3247,-4.8148,-5.1434,-5.7313,9.3976,-7.6070,2.2216,-5.1634,14.2713,2.1809,0.9674,1.4819,-2.0111,6.3523,5.2991,-8.3217,3.1343,12.3985,5.0133,-2.0326,-5.7008,-4.9573,-10.9891,3.4436,19.7109,8.7948,-2.5694,13.0622,-3.2893,-5.9251,9.8990,-2.0780,2.5989,-12.1750,-8.7562,-6.2274,-3.2887,-1.6997,-5.6375,-5.7179,-4.1402,1.4357,-0.1433,4.3834,3.3918,0.8432,-17.9458,-4.3383,-1.0034,9.5925,7.8097,8.3221,11.0384,-11.4703,-11.6155,7.5651,3.1009,-9.5705,-2.1935,-4.8774,6.0333,-10.4429,3.8034,-7.1528,1.0159,-7.5632,-14.7031,-0.1885,-1.4062,-11.0795,-8.9736,0.4773,-10.3857,1.1269,3.6719,-13.7091,-1.7599,0.0285,18.0765,15.2199,12.5547,-6.1413,7.4372,10.2279,-16.3256,10.9434,7.9922,-7.8585,-0.2021,4.8117,-1.1527,-8.1202,8.8148,-6.7297,5.0701,18.7999,13.3885,2.0984,3.3248,-8.3506,-0.1679,-4.3122,-7.6321,8.8638,-4.5967,3.1282,-1.1807,7.1476,-6.5192,-2.7978,9.5962,-1.8785,6.5614,1.8034,6.6918,10.2252,-11.6017,4.0149,-15.9960,4.8729,-4.6835,-2.2402,-3.6977,13.1156,1.0548,-2.2213,-1.2702,0.9531,-10.1970,-10.8003,17.3575,-8.0893,-0.7706,1.1614,9.8270,-15.5436,-6.0947,15.0025,10.2022,-12.6135,8.9869,-7.7099,4.4759,2.4832,1.2452,-1.0499,6.5903,-8.4133,-3.1653,-10.1956,-1.9400,14.6708,-2.1361,-13.8490,-4.1892,2.8588,-8.6084,7.3907,-2.6750,-0.0248,12.9565,-7.3591,-9.2416,-0.9135,8.8362,-2.9627,-7.7870,-17.9836,-1.1865,-4.3030,8.2056,12.8102,-3.5209,-12.9586,0.5700,7.1636,10.4200,-11.1828,6.5089,-5.7975,8.8526,14.7108,-16.6696,-10.8882,6.7043,3.3968,-11.1311,-5.2911,-17.5504,10.8239,5.1357,8.2132,4.1770,-14.9294,-2.3046,2.0257,15.3982,-3.7415,2.9746,-3.3039,1.1608,-1.1489,10.3591,-3.5774,10.5080,3.3348,-5.3998,2.0449,-7.0509,-2.9116,-5.8639,0.6077,-15.2939,6.9506,13.2180,-4.0404,14.7922,-2.6897,3.7328,-4.9644,-1.7539,3.3596,-1.5483,-3.8412,-17.2006,-3.9670,-15.2514,-7.6008,-10.8991,11.5483,6.5452,-5.2975,-8.8148,-8.9515,4.9987,5.6252,4.2145,-0.5496,-5.1470,-11.4072,-8.5791,12.6230,9.9147
-9.4738,-7.3150,1.0490,7.9542,-2.6116,17.5892,21.9246,0.1832,-4.8541,17.8465,0.4121,4.0937,-11.2374,2.3247,-4.8148,-5.1434,-5.7313,9.3976,-7.6070,2.2216,-5.1634,14.2713,2.1809,0.9674,1.4819,-2.0111,6.3523,5.2991,-8.3217,3.1343,12.3985,5.0133,-2.0326,-5.7008,-4.9573,-10.9891,3.4436,19.7109,8.7948,-2.5694,13.0622,-3.2893,-5.9251,9.8990,-2.0780,2.5989,-12.1750,-8.7562,-6.2274,-3.2887,-1.6997,-5.6375,-5.7179,-4.1402,1.4357,-0.1433,4.3834,3.3918,0.8432,-17.9458,-4.3383,-1.0034,9.5925,7.8097,8.3221,11.0384,-11.4703,-11.6155,7.5651,3.1009,-9.5705,-2.1935,-4.8774,6.0333,-10.4429,3.8034,-7.1528,1.0159,-7.5632,-14.7031,-0.1885,-1.4062,-11.0795,-8.9736,0.4773,-10.3857,1.1269,3.6719,-13.7091,-1.7599,0.0285,18.0765,15.2199,12.5547,-6.1413,7.4372,10.2279,-16.3256,10.9434,7.9922,-7.8585,-0.2021,4.8117,-1.1527,-8.1202,8.8148,-6.7297,5.0701,18.7999,13.3885,2.0984,3.3248,-8.3506,-0.1679,-4.3122,-7.6321,8.8638,-4.5967,3.1282,-1.1807,7.1476,-6.5192,-2.7978,9.5962,-1.8785,6.5614,1.8034,6.6918,10.2252,-11.6017,4.0149,-15.9960,4.8729,-4.6835,-2.2402,-3.6977,13.1156,1.0548,-2.2213,-1.2702,0.9531,-10.1970,-10.8003,17.3575,-8.0893,-0.7706,1.1614,9.8270,-15.5436,-6.0947,15.0025,10.2022,-12.6135,8.9869,-7.7099,4.4759,2.4832,1.2452,-1.0499,6.5903,-8.4133,-3.1653,-10.1956,-1.9400,14.6708,-2.1361,-13.8490,-4.1892,2.8588,-8.6084,7.3907,-2.6750,-0.0248,12.9565,-7.3591,-9.2416,-0.9135,8.8362,-2.9627,-7.7870,-17.9836,-1.1865,-4.3030,8.2056,12.8102,-3.5209,-12.9586,0.5700,7.1636,10.4200,-11.1828,6.5089,-5.7975,8.8526,14.7108,-16.6696,-10.8882,6.7043,3.3968,-11.1311,-5.2911,-17.5504,10.8239,5.1357,8.2132,4.1770,-14.9294,-2.3046,2.0257,15.3982,-3.7415,2.9746,-3.3039,1.1608,-1.1489,10.3591,-3.5774,10.5080,3.3348,-5.3998,2.0449,-7.0509,-2.9116,-5.8639,0.6077,-15.2939,6.9506,13.2180,-4.0404,14.7922,-2.6897,3.7328,-4.9644,-1.7539,3.3596,-1.5483,-3.8412,-17.2006,-3.9670,-15.2514,-7.6008,-10.8991,11.5483,6.5452,-5.2975,-8.8148,-8.9515,4.9987,5.6252,4.2145,-0.5496,-5.1470,-11.4072,-8.5791,12.6230,9.9147
-9.4738,-7.3150,1.0490,7.9542,-2.6116,17.5892,21.9246,0.1832,-4.8541,17.8465,0.4121,4.0937,-11.2374,2.3247,-4.8148,-5.1434,-5.7313,9.3976,-7.6070,2.2216,-5.1634,14.2713,2.1809,0.9674,1.4819,-2.0111,6.3523,5.2991,-8.3217,3.1343,12.3985,5.0133,-2.0326,-5.7008,-4.9573,-10.9891,3.4436,19.7109,8.7948,-2.5694,13.0622,-3.2893,-5.9251,9.8990,-2.0780,2.5989,-12.1750,-8.7562,-6.2274,-3.2887,-1.6997,-5.6375,-5.7179,-4.1402,1.4357,-0.1433,4.3834,3.3918,0.8432,-17.9458,-4.3383,-1.0034,9.5925,7.8097,8.3221,11.0384,-11.4703,-11.6155,7.5651,3.1009,-9.5705,-2.1935,-4.8774,6.0333,-10.4429,3.8034,-7.1528,1.0159,-7.5632,-14.7031,-0.1885,-1.4062,-11.0795,-8.9736,0.4773,-10.3857,1.1269,3.6719,-13.7091,-1.7599,0.0285,18.0765,15.2199,12.5547,-6.1413,7.4372,10.2279,-16.3256,10.9434,7.9922,-7.8585,-0.2021,4.8117,-1.1527,-8.1202,8.8148,-6.7297,5.0701,18.7999,13.3885,2.0984,3.3248,-8.3506,-0.1679,-4.3122,-7.6321,8.8638,-4.5967,3.1282,-1.1807,7.1476,-6.5192,-2.7978,9.5962,-1.8785,6.5614,1.8034,6.6918,10.2252,-11.6017,4.0149,-15.9960,4.8729,-4.6835,-2.2402,-3.6977,13.1156,1.0548,-2.2213,-1.2702,0.9531,-10.1970,-10.8003,17.3575,-8.0893,-0.7706,1.1614,9.8270,-15.5436,-6.0947,15.0025,10.2022,-12.6135,8.9869,-7.7099,4.4759,2.4832,1.2452,-1.0499,6.5903,-8.4133,-3.1653,-10.1956,-1.9400,14.6708,-2.1361,-13.8490,-4.1892,2.8588,-8.6084,7.3907,-2.6750,-0.0248,12.9565,-7.3591,-9.2416,-0.9135,8.8362,-2.9627,-7.7870,-17.9836,-1.1865,-4.3030,8.2056,12.8102,-3.5209,-12.9586,0.5700,7.1636,10.4200,-11.1828,6.5089,-5.7975,8.8526,14.7108,-16.6696,-10.8882,6.7043,3.3968,-11.1311,-5.2911,-17.5504,10.8239,5.1357,8.2132,4.1770,-14.9294,-2.3046,2.0257,15.3982,-3.7415,2.9746,-3.3039,1.1608,-1.1489,10.3591,-3.5774,10.5080,3.3348,-5.3998,2.0449,-7.0509,-2.9116,-5.8639,0.6077,-15.2939,6.9506,13.2180,-4.0404,14.7922,-2.6897,3.7328,-4.9644,-1.7539,3.3596,-1.5483,-3.8412,-17.2006,-3.9670,-15.2514,-7.6008,-10.8991,11.5483,6.5452,-5.2975,-8.8148,-8.9515,4.9987,5.6252,4.2145,-0.5496,-5.1470,-11.4072,-8.5791,12.6230,9.9147
-9.4738,-7.3150,1.0490,7.9542,-2.6116,17.5892,21.9246,0.1832,-4.8541,17.8465,0.4121,4.0937,-11.2374,2.3247,-4.8148,-5.1434,-5.7313,9.3976,-7.6070,2.2216,-5.1634,14.2713,2.1809,0.9674,1.4819,-2.0111,6.3523,5.2991,-8.3218,3.1343,12.3985,5.0133,-2.0326,-5.7008,-4.9573,-10.9891,3.4436,19.7109,8.7948,-2.5694,13.0622,-3.2893,-5.9251,9.8990,-2.0780,2.5989,-12.1750,-8.7562,-6.2274,-3.2887,-1.6997,-5.6375,-5.7179,-4.1402,1.4357,-0.1433,4.3834,3.3918,0.8432,-17.9458,-4.3383,-1.0034,9.5925,7.8097,8.3221,11.0384,-11.4703,-11.6155,7.5651,3.1009,-9.5705,-2.1935,-4.8774,6.0333,-10.4429,3.8034,-7.1528,1.0159,-7.5632,-14.7031,-0.1885,-1.4062,-11.0795,-8.9736,0.4773,-10.3857,1.1269,3.6719,-13.7091,-1.7599,0.0285,18.0765,15.2199,12.5547,-6.1413,7.4372,10.2279,-16.3256,10.9434,7.9922,-7.8585,-0.2021,4.8117,-1.1527,-8.1202,8.8148,-6.7297,5.0701,18.7999,13.3885,2.0984,3.3248,-8.3506,-0.1679,-4.3122,-7.6321,8.8638,-4.5967,3.1282,-1.1807,7.1476,-6.5192,-2.7978,9.5962,-1.8785,6.5614,1.8034,6.6918,10.2252,-11.6017,4.0149,-15.9960,4.8729,-4.6835,-2.2402,-3.6977,13.1156,1.0548,-2.2213,-1.2702,0.9531,-10.1970,-10.8003,17.3575,-8.0893,-0.7706,1.1614,9.8270,-15.5436,-6.0947,15.0025,10.2022,-12.6135,8.9869,-7.7099,4.4759,2.4832,1.2452,-1.0499,6.5903,-8.4133,-3.1653,-10.1956,-1.9400,14.6708,-2.1361,-13.8490,-4.1892,2.8588,-8.6084,7.3907,-2.6750,-0.0248,12.9565,-7.3591,-9.2416,-0.9135,8.8362,-2.9627,-7.7870,-17.9836,-1.1865,-4.3030,8.2056,12.8102,-3.5209,-12.9586,0.5700,7.1636,10.4200,-11.1828,6.5089,-5.7975,8.8526,14.7108,-16.6696,-10.8882,6.7044,3.3968,-11.1311,-5.2911,-17.5504,10.8239,5.1357,8.2132,4.1770,-14.9294,-2.3046,2.0257,15.3982,-3.7415,2.9746,-3.3039,1.1608,-1.1489,10.3591,-3.5774,10.5080,3.3348,-5.3998,2.0449,-7.0509,-2.9116,-5.8639,0.6077,-15.2939,6.9506,13.2180,-4.0404,14.7922,-2.6897,3.7328,-4.9644,-1.7539,3.3596,-1.5483,-3.8412,-17.2006,-3.9670,-15.2514,-7.6008,-10.8991,11.5483,6.5452,-5.2975,-8.8148,-8.9515,4.9987,5.6252,4.2145,-0.5496,-5.1470,-11.4072,-8.5791,12.6230,9.9147
-12.6039,-10.1337,-6.8508,11.3957,0.8597,15.4273,25.0913,-10.9591,-4.2615,5.2674,-6.3490,2.7909,-6.8305,16.8250,9.8126,-1.6157,-1.8609,-0.0408,-2.5007,-2.3822,3.2852,6.4594,-4.0860,5.9949,-5.7492,13.9550,9.2533,4.1682,-1.7897,-2.4852,3.5240,8.4011,-9.3435,1.7204,5.4725,3.6363,1.1878,15.4778,1.1442,4.9259,2.5797,6.7962,7.2077,5.8555,-1.6517,0.9563,4.2853,-5.9056,7.2426,5.1096,-10.5111,-4.5379,3.6518,-12.7503,1.3960,-5.8036,-0.4966,15.0731,-6.6564,-13.8073,5.4051,-4.9294,1.4985,5.0079,7.2668,14.3703,-9.0715,-8.7906,-2.2356,8.6385,8.3905,-1.5055,4.0132,1.3476,-13.2473,3.8783,-9.1128,-1.9266,-9.3614,-1.7620,10.3634,-1.9392,-9.6913,-1.7657,3.7872,-14.2518,-2.0958,7.9089,0.2769,9.1097,2.0623,6.4903,6.1108,2.6801,1.4295,7.2617,-2.1250,-8.9617,2.9231,-1.0447,-3.1214,7.2081,5.4913,-5.4718,-4.6406,2.5765,-13.5012,9.5815,11.3328,14.7730,0.7790,1.5628,-3.6951,-7.0841,-5.6934,-10.4445,1.8000,-10.2730,2.8760,-11.3103,10.9404,4.8642,-13.9321,-1.4678,3.9702,-7.2391,0.3569,2.6644,0.9089,-7.6922,7.4320,-11.9129,0.4244,0.6977,-3.4319,1.3638,0.5007,-2.4764,-2.9008,-0.6061,-1.1653,-3.7948,-20.6546,6.5122,-7.5048,9.4562,6.0735,-1.4239,-6.7778,-11.2403,12.4343,-6.4804,-2.2287,-9.1847,-0.7836,-0.5878,3.4810,-9.6954,-4.5806,0.7564,-13.2189,-2.3737,-11.5054,-12.2078,10.1860,-11.3353,-9.9740,-8.5561,-6.1853,8.6323,-13.7803,-4.9054,-4.6306,0.0112,4.6329,5.3324,-5.4130,-5.0551,-11.8731,-3.1057,-7.7444,5.7139,-8.8922,8.5554,16.7299,-9.8220,-3.6667,-1.2099,5.2597,4.9585,-1.5431,-0.3500,-8.1603,-1.2558,9.6128,-1.2993,1.8376,-3.6229,-6.8684,-21.8356,-5.9630,-13.7342,5.3285,-2.0660,-3.7435,7.9763,-0.1963,0.2835,-6.0561,13.5986,2.6799,-9.3348,-4.8163,7.9238,2.7373,8.5116,-1.7762,3.3032,8.8447,-3.3963,5.0900,-8.7189,3.4501,-7.1701,6.0332,-0.7221,17.0528,12.0136,10.7304,8.8207,6.9788,7.6732,3.1786,-3.2992,0.0597,5.6449,3.6125,-12.0350,7.1023,-5.2413,1.3955,-4.8698,0.2259,2.7629,-8.5240,-10.0441,-9.1535,0.9237,3.0606,5.7658,2.0490,-15.7688,-7.3089,10.2506,0.6485,3.4837
5.4207,2.4365,-2.6188,-5.1394,10.8254,22.5069,7.7697,-31.6294,-15.3719,-0.2792,6.1392,-14.5090,-13.9833,2.9999,-5.9687,8.9755,-0.1244,0.9010,3.0027,-10.3373,24.8320,-6.6965,-14.7835,1.4189,7.1539,-14.6856,21.3115,-7.4155,-11.2035,-0.5443,31.1044,-21.5098,-30.5218,13.9387,32.3196,5.4465,20.1308,18.9261,5.0422,-16.5367,-2.4025,-4.5822,-3.4962,17.1833,5.9532,-15.9730,-4.5644,11.7419,-3.9837,5.7990,-13.4261,4.7080,-8.1711,-13.5945,11.8180,6.1042,9.8167,10.6258,-14.5922,-18.7694,-6.8900,-16.3934,8.9801,-0.8824,0.6723,17.0068,-16.4904,-12.1394,-3.0706,14.3400,9.2158,20.3001,8.7427,5.7154,-3.1474,2.0463,-23.9089,-29.8700,-13.3059,-16.9421,-10.1623,24.0718,0.6102,-10.4667,-7.0735,4.6390,15.7066,-7.6737,-6.9033,-19.1268,13.0709,25.6640,2.4877,-16.3156,-14.6087,18.7966,14.6582,-14.9122,-14.2081,6.9642,-10.1132,10.5946,-8.7062,2.9472,-2.2748,10.7123,-3.3509,16.1588,20.2337,18.5111,-2.8276,2.9673,2.2234,3.6597,9.9880,12.7758,-1.7175,-13.3256,-7.7088,13.2623,-13.1548,-5.1874,0.5614,-11.2985,-19.9901,8.1295,16.5187,8.0825,-9.9479,9.7647,3.6887,-16.5669,13.9418,5.8810,14.6233,-2.1591,5.4701,14.8541,3.0941,-13.7880,17.9053,-7.7426,-6.6312,-4.9975,-9.9229,-9.3201,-6.6879,2.8252,-1.1283,-5.5615,0.6516,5.0822,7.0758,0.1185,-24.3190,5.7806,-3.1766,-8.8976,0.2172,-3.4371,6.1943,-14.1070,1.3289,-10.1543,11.6227,-7.1640,12.0632,1.3392,-19.3511,6.7411,-7.2304,-11.9139,3.6080,8.1856,-17.0437,-6.1614,8.5176,-13.6280,3.6660,0.9580,-4.7335,19.0365,-2.3308,2.6865,15.0031,-25.9098,-13.7039,6.5351,0.9649,-10.3235,6.1580,14.0006,-14.9655,-1.8001,3.1664,-19.3509,1.4992,-7.1886,-13.0847,-5.7533,-16.1003,-9.2945,16.2550,0.1022,7.1219,9.9623,-13.5537,-0.9350,8.9597,0.5350,11.3619,-16.1199,4.9071,16.2461,11.1649,7.5332,-19.3211,18.8847,-2.2412,0.7417,10.3785,17.7760,-0.5246,-4.0803,-4.0830,-28.4788,15.2856,7.6021,-2.4205,23.7132,19.3113,-9.5536,18.8349,-16.9266,-9.7244,-5.4111,20.0418,7.9525,-9.3141,-0.4649,8.1333,-12.6699,4.0716,3.8681,-4.2709,-19.4893,-4.3501,-23.3125,-1.6004,3.7204,-0.3191,-9.8811,-6.7497,2.5551,10.6742,15.2815
5.4208,2.4365,-2.6188,-5.1394,10.8254,22.5069,7.7697,-31.6294,-15.3719,-0.2792,6.1392,-14.5090,-13.9833,2.9999,-5.9687,8.9755,-0.1244,0.9010,3.0027,-10.3373,24.8320,-6.6965,-14.7835,1.4189,7.1539,-14.6856,21.3115,-7.4155,-11.2035,-0.5443,31.1044,-21.5098,-30.5218,13.9387,32.3196,5.4465,20.1308,18.9261,5.0422,-16.5367,-2.4025,-4.5822,-3.4962,17.1833,5.9532,-15.9730,-4.5644,11.7419,-3.9837,5.7990,-13.4261,4.7080,-8.1711,-13.5945,11.8180,6.1042,9.8167,10.6258,-14.5922,-18.7694,-6.8900,-16.3934,8.9801,-0.8824,0.6723,17.0068,-16.4904,-12.1394,-3.0706,14.3400,9.2158,20.3001,8.7427,5.7154,-3.1474,2.0463,-23.9089,-29.8700,-13.3059,-16.9421,-10.1623,24.0718,0.6102,-10.4667,-7.0735,4.6390,15.7066,-7.6737,-6.9033,-19.1268,13.0709,25.6640,2.4877,-16.3156,-14.6087,18.7966,14.6582,-14.9122,-14.2081,6.9642,-10.1132,10.5946,-8.7062,2.9472,-2.2748,10.7123,-3.3509,16.1588,20.2337,18.5111,-2.8276,2.9673,2.2234,3.6597,9.9880,12.7758,-1.7175,-13.3256,-7.7088,13.2623,-13.1548,-5.1874,0.5614,-11.2985,-19.9901,8.1295,16.5187,8.0825,-9.9479,9.7647,3.6887,-16.5669,13.9418,5.8810,14.6233,-2.1591,5.4701,14.8541,3.0941,-13.7880,17.9053,-7.7426,-6.6312,-4.9975,-9.9229,-9.3201,-6.6879,2.8252,-1.1283,-5.5615,0.6516,5.0822,7.0758,0.1185,-24.3190,5.7806,-3.1766,-8.8976,0.2172,-3.4371,6.1943,-14.1070,1.3289,-10.1543,11.6227,-7.1640,12.0632,1.3392,-19.3511,6.7411,-7.2304,-11.9139,3.6080,8.1856,-17.0437,-6.1614,8.5176,-13.6280,3.6660,0.9580,-4.7335,19.0365,-2.3308,2.6865,15.0031,-25.9098,-13.7039,6.5351,0.9649,-10.3235,6.1580,14.0006,-14.9655,-1.8001,3.1664,-19.3509,1.4992,-7.1886,-13.0847,-5.7533,-16.1003,-9.2945,16.2550,0.1022,7.1219,9.9623,-13.5537,-0.9350,8.9597,0.5350,11.3619,-16.1199,4.9071,16.2461,11.1649,7.5332,-19.3211,18.8847,-2.2412,0.7417,10.3785,17.7760,-0.5246,-4.0803,-4.0830,-28.4788,15.2856,7.6021,-2.4205,23.7132,19.3113,-9.5536,18.8349,-16.9266,-9.7244,-5.4111,20.0418,7.9525,-9.3141,-0.4649,8.1333,-12.6699,4.0716,3.8681,-4.2709,-19.4893,-4.3501,-23.3125,-1.6004,3.7204,-0.3191,-9.8811,-6.7497,2.5551,10.6742,15.2815
5.4208,2.4365,-2.6188,-5.1394,10.8254,22.5069,7.7697,-31.6294,-15.3719,-0.2792,6.1392,-14.5090,-13.9833,2.9999,-5.9687,8.9755,-0.1244,0.9010,3.0027,-10.3373,24.8320,-6.6965,-14.7835,1.4189,7.1539,-14.6856,21.3115,-7.4155,-11.2035,-0.5443,31.1044,-21.5098,-30.5218,13.9387,32.3196,5.4465,20.1308,18.9261,5.0422,-16.5367,-2.4025,-4.5822,-3.4962,17.1833,5.9532,-15.9730,-4.5644,11.7419,-3.9837,5.7990,-13.4261,4.7080,-8.1711,-13.5945,11.8180,6.1042,9.8167,10.6258,-14.5922,-18.7694,-6.8900,-16.3934,8.9801,-0.8824,0.6723,17.0068,-16.4904,-12.1394,-3.0706,14.3400,9.2158,20.3001,8.7427,5.7154,-3.1474,2.0463,-23.9089,-29.8700,-13.3059,-16.9421,-10.1623,24.0718,0.6102,-10.4667,-7.0735,4.6390,15.7066,-7.6737,-6.9033,-19.1268,13.0709,25.6640,2.4877,-16.3156,-14.6087,18.7966,14.6582,-14.9122,-14.2081,6.9642,-10.1132,10.5946,-8.7062,2.9472,-2.2748,10.7123,-3.3509,16.1588,20.2337,18.5111,-2.8276,2.9673,2.2234,3.6597,9.9880,12.7758,-1.7175,-13.3256,-7.7088,13.2623,-13.1548,-5.1874,0.5614,-11.2985,-19.9901,8.1295,16.5187,8.0825,-9.9479,9.7647,3.6887,-16.5669,13.9418,5.8810,14.6233,-2.1591,5.4701,14.8541,3.0941,-13.7880,17.9053,-7.7426,-6.6312,-4.9975,-9.9229,-9.3201,-6.6879,2.8252,-1.1283,-5.5615,0.6516,5.0822,7.0758,0.1185,-24.3190,5.7806,-3.1766,-8.8976,0.2172,-3.4371,6.1943,-14.1070,1.3289,-10.1543,11.6227,-7.1640,12.0632,1.3392,-19.3511,6.7411,-7.2304,-11.9139,3.6080,8.1856,-17.0437,-6.1614,8.5176,-13.6280,3.6660,0.9580,-4.7335,19.0365,-2.3308,2.6865,15.0031,-25.9098,-13.7039,6.5351,0.9649,-10.3235,6.1580,14.0006,-14.9655,-1.8001,3.1664,-19.3509,1.4992,-7.1886,-13.0847,-5.7533,-16.1003,-9.2945,16.2550,0.1022,7.1219,9.9623,-13.5537,-0.9350,8.9597,0.5350,11.3619,-16.1199,4.9071,16.2461,11.1649,7.5332,-19.3211,18.8847,-2.2412,0.7417,10.3785,17.7760,-0.5246,-4.0803,-4.0830,-28.4788,15.2856,7.6021,-2.4205,23.7132,19.3113,-9.5536,18.8349,-16.9266,-9.7244,-5.4111,20.0418,7.9525,-9.3141,-0.4649,8.1333,-12.6699,4.0716,3.8681,-4.2709,-19.4893,-4.3501,-23.3125,-1.6004,3.7204,-0.3191,-9.8811,-6.7497,2.5551,10.6742,15.2815
-9.3112,6.8276,-3.6774,4.0127,0.7048,13.7934,12.0827,-10.2066,-1.0714,12.2668,-9.0823,3.9286,-2.5048,-1.0554,-13.0938,-7.4497,4.4665,2.6296,-3.5444,-10.7624,19.6419,1.6291,9.7619,1.1939,13.9362,9.3654,-3.0354,7.3122,-11.8125,4.3903,16.3556,-7.6993,-5.3525,0.3134,10.1247,0.0076,5.6820,17.7559,4.5792,0.4983,-7.8970,0.8273,6.5879,-2.7584,-10.1755,-5.1262,-8.6993,-11.2600,4.4811,-5.1137,2.1023,4.0089,0.8306,2.0667,3.4651,-16.0304,6.6275,3.5038,-10.4321,-7.2269,-3.7254,4.5472,13.0786,5.5894,1.8889,-9.5614,-9.6794,7.9803,-1.7749,2.9499,-11.2220,4.6680,-5.1881,1.2105,4.3419,5.2056,-12.3660,-2.2068,3.4558,-5.6306,2.0072,16.9756,5.2782,-7.5351,4.9433,-7.3938,-0.7521,-3.3245,1.1994,2.9723,8.1188,12.6700,-2.2854,0.1009,-3.6976,-4.6985,8.7172,-13.0041,0.3533,0.0186,1.0024,0.5941,-0.0835,-2.5347,0.0729,-6.5108,2.0063,-4.9919,8.3014,-0.8839,1.4980,-7.6069,-17.0070,-3.3819,3.4714,-0.6321,1.7371,0.7801,12.1055,-3.0986,8.1828,3.5941,-4.7219,-7.7035,-4.4316,3.6658,-1.4062,1.2959,-3.7900,-2.3411,6.4937,-8.0720,6.1555,1.7865,9.3977,-12.3971,-7.4764,14.2984,14.1693,0.7619,-1.9277,-15.1581,-3.5088,10.4674,-1.8759,9.4719,-3.8655,0.6617,-3.0188,2.9856,-3.0393,14.9095,-3.8996,-2.3495,10.0930,-0.9680,4.6829,-4.6589,-12.8428,-3.7494,2.8474,-4.7450,-0.3350,-15.3415,11.2430,-5.8988,-2.5266,5.8274,-3.4644,-5.5498,-0.9047,11.5812,1.6618,-8.3152,5.2212,-6.9355,1.6282,11.3417,2.1420,-0.2974,5.2946,14.9634,-9.8618,1.0038,-0.9464,-8.2708,-8.1097,-7.3957,15.0141,1.3287,-9.6949,0.1052,-1.6178,-0.1264,1.0179,-5.8330,3.6628,-1.8341,-0.2525,-5.4150,0.2880,-24.4392,7.7927,5.5490,2.0688,5.3526,0.0157,10.4750,4.6686,16.7726,-18.0324,-9.5314,-2.9532,2.7615,-5.7410,12.1072,-6.5499,0.1722,0.2261,14.6098,0.3819,12.1491,8.2864,-2.6079,4.4010,-12.0952,14.3677,5.0442,10.6007,5.0782,6.7484,5.0101,0.7876,-3.3045,-7.0200,-7.3203,18.6355,-7.2995,1.3132,1.7958,10.8777,-2.8446,-2.2007,-4.3314,-1.9402,-0.0508,2.2818,-0.2420,1.6821,10.0275,6.6023,-5.4130,-13.6483,5.6760,2.4779,-0.7528
-9.3112,6.8276,-3.6774,4.0127,0.7048,13.7934,12.0827,-10.2066,-1.0714,12.2668,-9.0823,3.9286,-2.5048,-1.0554,-13.0938,-7.4497,4.4665,2.6296,-3.5444,-10.7624,19.6419,1.6291,9.7619,1.1939,13.9362,9.3654,-3.0354,7.3122,-11.8125,4.3903,16.3556,-7.6993,-5.3525,0.3134,10.1247,0.0076,5.6820,17.7559,4.5792,0.4983,-7.8970,0.8273,6.5879,-2.7584,-10.1755,-5.1262,-8.6993,-11.2600,4.4811,-5.1137,2.1023,4.0089,0.8306,2.0667,3.4651,-16.0304,6.6275,3.5038,-10.4321,-7.2269,-3.7254,4.5472,13.0786,5.5894,1.8889,-9.5614,-9.6794,7.9803,-1.7749,2.9499,-11.2220,4.6680,-5.1881,1.2105,4.3419,5.2056,-12.3660,-2.2068,3.4558,-5.6306,2.0072,16.9756,5.2782,-7.5351,4.9433,-7.3938,-0.7521,-3.3245,1.1994,2.9723,8.1188,12.6700,-2.2854,0.1009,-3.6976,-4.6985,8.7172,-13.0041,0.3533,0.0186,1.0024,0.5941,-0.0835,-2.5347,0.0729,-6.5108,2.0063,-4.9919,8.3014,-0.8839,1.4980,-7.6069,-17.0070,-3.3819,3.4714,-0.6321,1.7371,0.7801,12.1055,-3.0986,8.1828,3.5941,-4.7219,-7.7035,-4.4316,3.6658,-1.4062,1.2959,-3.7900,-2.3411,6.4937,-8.0720,6.1555,1.7865,9.3977,-12.3971,-7.4764,14.2984,14.1693,0.7619,-1.9277,-15.1581,-3.5088,10.4674,-1.8759,9.4719,-3.8655,0.6617,-3.0188,2.9856,-3.0393,14.9095,-3.8996,-2.3495,10.0930,-0.9680,4.6829,-4.6589,-12.8428,-3.7494,2.8474,-4.7450,-0.3350,-15.3415,11.2430,-5.8988,-2.5266,5.8274,-3.4644,-5.5498,-0.9047,11.5812,1.6618,-8.3152,5.2212,-6.9355,1.6282,11.3417,2.1420,-0.2974,5.2946,14.9634,-9.8618,1.0038,-0.9464,-8.2708,-8.1097,-7.3957,15.0141,1.3287,-9.6949,0.1052,-1.6178,-0.1264,1.0179,-5.8330,3.6628,-1.8341,-0.2525,-5.4150,0.2880,-24.4392,7.7927,5.5490,2.0688,5.3526,0.0157,10.4750,4.6686,16.7726,-18.0324,-9.5314,-2.9532,2.7615,-5.7410,12.1072,-6.5499,0.1722,0.2261,14.6098,0.3819,12.1491,8.2864,-2.6079,4.4010,-12.0952,14.3677,5.0442,10.6007,5.0782,6.7484,5.0101,0.7876,-3.3045,-7.0200,-7.3203,18.6355,-7.2995,1.3132,1.7958,10.8777,-2.8446,-2.2007,-4.3314,-1.9402,-0.0508,2.2818,-0.2420,1.6821,10.0275,6.6023,-5.4130,-13.6483,5.6760,2.4779,-0.7528
-9.3112,6.8276,-3.6774,4.0127,0.7048,13.7934,12.0827,-10.2066,-1.0714,12.2668,-9.0823,3.9286,-2.5048,-1.0554,-13.0938,-7.4497,4.4665,2.6296,-3.5444,-10.7624,19.6419,1.6291,9.7619,1.1939,13.9362,9.3654,-3.0354,7.3122,-11.8125,4.3903,16.3556,-7.6993,-5.3525,0.3134,10.1247,0.0076,5.6820,17.7559,4.5792,0.4983,-7.8970,0.8273,6.5879,-2.7584,-10.1755,-5.1262,-8.6993,-11.2600,4.4811,-5.1137,2.1023,4.0089,0.8306,2.0667,3.4651,-16.0304,6.6275,3.5038,-10.4321,-7.2269,-3.7254,4.5472,13.0786,5.5894,1.8889,-9.5614,-9.6794,7.9803,-1.7749,2.9499,-11.2220,4.6680,-5.1881,1.2105,4.3419,5.2056,-12.3660,-2.2068,3.4558,-5.6306,2.0072,16.9756,5.2782,-7.5351,4.9433,-7.3938,-0.7521,-3.3245,1.1994,2.9723,8.1188,12.6700,-2.2854,0.1009,-3.6976,-4.6985,8.7172,-13.0041,0.3533,0.0186,1.0024,0.5941,-0.0835,-2.5347,0.0729,-6.5108,2.0063,-4.9919,8.3014,-0.8839,1.4980,-7.6069,-17.0070,-3.3819,3.4714,-0.6321,1.7371,0.7801,12.1055,-3.0986,8.1828,3.5941,-4.7219,-7.7035,-4.4316,3.6658,-1.4062,1.2959,-3.7900,-2.3411,6.4937,-8.0720,6.1555,1.7865,9.3977,-12.3971,-7.4764,14.2984,14.1693,0.7619,-1.9277,-15.1581,-3.5088,10.4674,-1.8759,9.4719,-3.8655,0.6617,-3.0188,2.9856,-3.0393,14.9095,-3.8996,-2.3495,10.0930,-0.9680,4.6829,-4.6589,-12.8428,-3.7494,2.8474,-4.7450,-0.3350,-15.3415,11.2430,-5.8988,-2.5266,5.8274,-3.4644,-5.5498,-0.9047,11.5812,1.6618,-8.3152,5.2212,-6.9355,1.6282,11.3417,2.1420,-0.2974,5.2946,14.9634,-9.8618,1.0038,-0.9464,-8.2708,-8.1097,-7.3957,15.0141,1.3287,-9.6949,0.1052,-1.6178,-0.1264,1.0179,-5.8330,3.6628,-1.8341,-0.2525,-5.4150,0.2880,-24.4392,7.7927,5.5490,2.0688,5.3526,0.0157,10.4750,4.6686,16.7726,-18.0324,-9.5314,-2.9532,2.7615,-5.7410,12.1072,-6.5499,0.1722,0.2261,14.6098,0.3819,12.1491,8.2864,-2.6079,4.4010,-12.0952,14.3677,5.0442,10.6007,5.0782,6.7484,5.0101,0.7876,-3.3045,-7.0200,-7.3203,18.6355,-7.2995,1.3132,1.7958,10.8777,-2.8446,-2.2007,-4.3314,-1.9402,-0.0508,2.2818,-0.2420,1.6821,10.0275,6.6023,-5.4130,-13.6483,5.6760,2.4779,-0.7528
-1.6989,-0.1127,-3.5914,-1.9483,-4.7705,12.1599,9.0588,-4.5468,-6.9445,1.8857,-0.1318,5.1050,-6.6597,5.6592,-4.6203,2.6732,0.5075,-6.4638,7.0280,-0.5493,6.7520,-3.0733,-0.5576,8.5447,-2.5075,3.3404,2.7819,0.1037,4.0100,-3.0131,6.4590,6.9103,-6.2138,4.9019,11.7857,0.5974,2.8704,19.1077,-6.1411,2.0028,0.3216,2.9337,-0.0863,-3.5145,-7.2748,-5.1096,-12.1261,-0.6760,5.1672,8.4349,-4.3117,-0.0700,3.4303,-2.0435,5.2139,-6.1025,5.9589,13.9266,-5.0624,-7.8839,-3.1016,3.9700,5.2525,5.9941,-2.7799,-1.2944,-14.1746,-8.4707,3.3816,2.6325,-5.1020,5.1266,-1.1109,7.4695,-3.2083,1.9351,-11.6151,-6.4225,1.3602,4.7565,-4.8421,5.8282,-1.8184,-0.6960,2.4498,-0.6593,1.0826,6.5264,1.6557,5.3140,0.5746,9.1625,2.4809,-14.0648,2.0799,7.6553,-0.8633,0.7029,4.9018,-7.5951,-2.1421,-6.5658,-3.3309,1.3971,-5.5823,4.9675,-5.0708,0.6936,13.9879,5.8328,-4.7935,6.7620,-6.9513,-2.1263,-4.1576,-5.0551,6.5087,-0.6608,5.5874,5.8394,6.5237,-1.7543,-3.2357,-7.6209,-1.0440,-7.0039,3.4416,-5.3115,-3.9499,-0.5149,1.3523,-9.8175,6.7973,4.5870,-1.9048,-4.5689,7.4887,7.1502,5.4923,-3.5934,-1.7282,-8.6024,-4.8734,6.0421,-1.6600,0.8356,7.3001,-3.6858,1.7648,2.5550,-0.2901,-1.3960,-4.8262,-1.0896,1.4383,-3.2530,11.6295,0.6583,2.1724,-0.7782,-1.0623,-1.7566,-4.4695,-14.3831,13.0046,-2.1942,-7.0083,-2.1615,-3.8766,-0.4194,-1.1938,-4.5680,3.8614,-6.2888,-0.6035,-1.0325,4.1069,-1.3002,-11.4320,0.3683,-5.8240,7.3517,-6.4050,9.2539,5.1011,0.2649,-1.6115,2.9624,0.4434,8.3432,-6.1809,-1.0350,-9.0492,1.9110,-2.5571,-7.2852,5.5020,2.6307,-7.5804,-5.0888,-2.2319,-16.0036,8.6781,3.7174,-2.3063,8.4657,-4.6986,2.4126,2.9458,3.3612,-6.7637,-13.5872,-8.6140,-1.8306,-7.1635,10.4130,-3.0976,-0.0462,1.2038,-1.8355,4.8648,-0.0918,3.3707,-8.7247,6.3940,-14.4361,3.3325,3.8716,3.3716,10.6891,3.2827,5.3050,-0.8864,-2.1346,3.7770,-2.8046,11.6989,-10.7000,-4.1083,-1.7932,-1.9154,-7.0277,-3.7128,9.8090,-2.5878,-4.4537,2.5485,0.1973,-0.5433,-3.3074,7.8136,-2.6095,-3.8208,-2.3006,-1.5888,15.8388
-1.6989,-0.1127,-3.5914,-1.9483,-4.7705,12.1599,9.0588,-4.5468,-6.9445,1.8857,-0.1318,5.1050,-6.6597,5.6592,-4.6203,2.6732,0.5075,-6.4638,7.0280,-0.5493,6.7520,-3.0733,-0.5576,8.5447,-2.5075,3.3404,2.7819,0.1037,4.0100,-3.0131,6.4590,6.9103,-6.2138,4.9019,11.7857,0.5974,2.8704,19.1077,-6.1411,2.0028,0.3216,2.9337,-0.0863,-3.5145,-7.2748,-5.1096,-12.1261,-0.6760,5.1672,8.4349,-4.3117,-0.0700,3.4303,-2.0435,5.2139,-6.1025,5.9589,13.9266,-5.0624,-7.8839,-3.1016,3.9700,5.2525,5.9941,-2.7799,-1.2944,-14.1746,-8.4707,3.3816,2.6325,-5.1020,5.1266,-1.1109,7.4695,-3.2083,1.9351,-11.6151,-6.4225,1.3602,4.7565,-4.8421,5.8282,-1.8184,-0.6960,2.4498,-0.6593,1.0826,6.5264,1.6557,5.3140,0.5746,9.1625,2.4809,-14.0648,2.0799,7.6553,-0.8633,0.7029,4.9018,-7.5951,-2.1421,-6.5658,-3.3309,1.3971,-5.5823,4.9675,-5.0708,0.6936,13.9879,5.8328,-4.7935,6.7620,-6.9513,-2.1263,-4.1576,-5.0551,6.5087,-0.6608,5.5874,5.8394,6.5237,-1.7543,-3.2357,-7.6209,-1.0440,-7.0039,3.4416,-5.3115,-3.9499,-0.5149,1.3523,-9.8175,6.7973,4.5870,-1.9048,-4.5689,7.4887,7.1502,5.4923,-3.5934,-1.7282,-8.6024,-4.8734,6.0421,-1.6600,0.8356,7.3001,-3.6858,1.7648,2.5550,-0.2901,-1.3960,-4.8262,-1.0896,1.4383,-3.2530,11.6295,0.6583,2.1724,-0.7782,-1.0623,-1.7566,-4.4695,-14.3831,13.0046,-2.1942,-7.0083,-2.1615,-3.8766,-0.4194,-1.1938,-4.5680,3.8614,-6.2888,-0.6035,-1.0325,4.1069,-1.3002,-11.4320,0.3683,-5.8240,7.3517,-6.4050,9.2539,5.1011,0.2649,-1.6115,2.9624,0.4434,8.3432,-6.1809,-1.0350,-9.0492,1.9110,-2.5571,-7.2852,5.5020,2.6307,-7.5804,-5.0888,-2.2319,-16.0036,8.6781,3.7174,-2.3063,8.4657,-4.6986,2.4126,2.9458,3.3612,-6.7637,-13.5872,-8.6140,-1.8306,-7.1635,10.4130,-3.0976,-0.0462,1.2038,-1.8355,4.8648,-0.0918,3.3707,-8.7247,6.3940,-14.4361,3.3325,3.8716,3.3716,10.6891,3.2827,5.3050,-0.8864,-2.1346,3.7770,-2.8046,11.6989,-10.7000,-4.1083,-1.7932,-1.9154,-7.0277,-3.7128,9.8090,-2.5878,-4.4537,2.5485,0.1973,-0.5433,-3.3074,7.8136,-2.6095,-3.8208,-2.3006,-1.5888,15.8388
-1.6989,-0.1127,-3.5914,-1.9483,-4.7705,12.1599,9.0588,-4.5468,-6.9445,1.8857,-0.1318,5.1050,-6.6597,5.6592,-4.6203,2.6732,0.5075,-6.4638,7.0280,-0.5493,6.7520,-3.0733,-0.5576,8.5447,-2.5075,3.3404,2.7819,0.1037,4.0100,-3.0131,6.4590,6.9103,-6.2138,4.9019,11.7857,0.5974,2.8704,19.1077,-6.1411,2.0028,0.3216,2.9337,-0.0863,-3.5145,-7.2748,-5.1096,-12.1261,-0.6760,5.1672,8.4349,-4.3117,-0.0700,3.4303,-2.0435,5.2139,-6.1025,5.9589,13.9266,-5.0624,-7.8839,-3.1016,3.9700,5.2525,5.9941,-2.7799,-1.2944,-14.1746,-8.4707,3.3816,2.6325,-5.1020,5.1266,-1.1109,7.4695,-3.2083,1.9351,-11.6151,-6.4225,1.3602,4.7565,-4.8421,5.8282,-1.8184,-0.6960,2.4498,-0.6593,1.0826,6.5264,1.6557,5.3140,0.5746,9.1625,2.4809,-14.0648,2.0799,7.6553,-0.8633,0.7029,4.9018,-7.5951,-2.1421,-6.5658,-3.3309,1.3971,-5.5823,4.9675,-5.0708,0.6936,13.9879,5.8328,-4.7935,6.7620,-6.9513,-2.1263,-4.1576,-5.0551,6.5087,-0.6608,5.5874,5.8394,6.5237,-1.7543,-3.2357,-7.6209,-1.0440,-7.0039,3.4416,-5.3115,-3.9499,-0.5149,1.3523,-9.8175,6.7973,4.5870,-1.9048,-4.5689,7.4887,7.1502,5.4923,-3.5934,-1.7282,-8.6024,-4.8734,6.0421,-1.6600,0.8356,7.3001,-3.6858,1.7648,2.5550,-0.2901,-1.3960,-4.8262,-1.0896,1.4383,-3.2530,11.6295,0.6583,2.1724,-0.7782,-1.0623,-1.7566,-4.4695,-14.3831,13.0046,-2.1942,-7.0083,-2.1615,-3.8766,-0.4194,-1.1938,-4.5680,3.8614,-6.2888,-0.6035,-1.0325,4.1069,-1.3002,-11.4320,0.3683,-5.8240,7.3517,-6.4050,9.2539,5.1011,0.2649,-1.6115,2.9624,0.4434,8.3432,-6.1809,-1.0350,-9.0492,1.9110,-2.5571,-7.2852,5.5020,2.6307,-7.5804,-5.0888,-2.2319,-16.0036,8.6781,3.7174,-2.3063,8.4657,-4.6986,2.4126,2.9458,3.3612,-6.7637,-13.5872,-8.6140,-1.8306,-7.1635,10.4130,-3.0976,-0.0462,1.2038,-1.8355,4.8648,-0.0918,3.3707,-8.7247,6.3940,-14.4361,3.3325,3.8716,3.3716,10.6891,3.2827,5.3050,-0.8864,-2.1346,3.7770,-2.8046,11.6989,-10.7000,-4.1083,-1.7932,-1.9154,-7.0277,-3.7128,9.8090,-2.5878,-4.4537,2.5485,0.1973,-0.5433,-3.3074,7.8136,-2.6095,-3.8208,-2.3006,-1.5888,15.8388
-9.3112,6.8276,-3.6774,4.0127,0.7048,13.7934,12.0827,-10.2066,-1.0714,12.2668,-9.0823,3.9286,-2.5048,-1.0554,-13.0938,-7.4497,4.4665,2.6296,-3.5444,-10.7624,19.6419,1.6291,9.7619,1.1939,13.9362,9.3654,-3.0354,7.3122,-11.8125,4.3903,16.3556,-7.6993,-5.3525,0.3134,10.1247,0.0076,5.6820,17.7559,4.5792,0.4983,-7.8970,0.8273,6.5879,-2.7584,-10.1755,-5.1262,-8.6993,-11.2600,4.4811,-5.1137,2.1023,4.0089,0.8306,2.0667,3.4651,-16.0304,6.6275,3.5038,-10.4321,-7.2269,-3.7254,4.5472,13.0786,5.5894,1.8889,-9.5614,-9.6794,7.9803,-1.7749,2.9499,-11.2220,4.6680,-5.1881,1.2105,4.3419,5.2056,-12.3660,-2.2068,3.4558,-5.6306,2.0072,16.9756,5.2782,-7.5351,4.9433,-7.3938,-0.7521,-3.3245,1.1994,2.9723,8.1188,12.6700,-2.2854,0.1009,-3.6976,-4.6985,8.7172,-13.0041,0.3533,0.0186,1.0024,0.5941,-0.0835,-2.5347,0.0729,-6.5108,2.0063,-4.9919,8.3014,-0.8839,1.4980,-7.6069,-17.0070,-3.3819,3.4714,-0.6321,1.7371,0.7801,12.1055,-3.0986,8.1828,3.5941,-4.7219,-7.7035,-4.4316,3.6658,-1.4062,1.2959,-3.7900,-2.3411,6.4937,-8.0720,6.1555,1.7865,9.3977,-12.3971,-7.4764,14.2984,14.1693,0.7619,-1.9277,-15.1581,-3.5088,10.4674,-1.8759,9.4719,-3.8655,0.6617,-3.0188,2.9856,-3.0393,14.9095,-3.8996,-2.3495,10.0930,-0.9680,4.6829,-4.6589,-12.8428,-3.7494,2.8474,-4.7450,-0.3350,-15.3415,11.2430,-5.8988,-2.5266,5.8274,-3.4644,-5.5498,-0.9047,11.5812,1.6618,-8.3152,5.2212,-6.9355,1.6282,11.3417,2.1420,-0.2974,5.2946,14.9634,-9.8618,1.0038,-0.9464,-8.2708,-8.1097,-7.3957,15.0141,1.3287,-9.6949,0.1052,-1.6178,-0.1264,1.0179,-5.8330,3.6628,-1.8341,-0.2525,-5.4150,0.2880,-24.4392,7.7927,5.5490,2.0688,5.3526,0.0157,10.4750,4.6686,16.7726,-18.0324,-9.5314,-2.9532,2.7615,-5.7410,12.1072,-6.5499,0.1722,0.2261,14.6098,0.3819,12.1491,8.2864,-2.6079,4.4010,-12.0952,14.3677,5.0442,10.6007,5.0782,6.7484,5.0101,0.7876,-3.3045,-7.0200,-7.3203,18.6355,-7.2995,1.3132,1.7958,10.8777,-2.8446,-2.2007,-4.3314,-1.9402,-0.0508,2.2818,-0.2420,1.6821,10.0275,6.6023,-5.4130,-13.6483,5.6760,2.4779,-0.7528
-1.6989,-0.1127,-3.5914,-1.9483,-4.7705,12.1599,9.0588,-4.5468,-6.9445,1.8857,-0.1318,5.1050,-6.6597,5.6592,-4.6203,2.6732,0.5075,-6.4638,7.0280,-0.5493,6.7520,-3.0733,-0.5576,8.5447,-2.5075,3.3404,2.7819,0.1037,4.0100,-3.0131,6.4590,6.9103,-6.2138,4.9019,11.7857,0.5974,2.8704,19.1077,-6.1411,2.0028,0.3216,2.9337,-0.0863,-3.5145,-7.2748,-5.1096,-12.1261,-0.6760,5.1672,8.4349,-4.3117,-0.0700,3.4303,-2.0435,5.2139,-6.1025,5.9589,13.9266,-5.0624,-7.8839,-3.1016,3.9700,5.2525,5.9941,-2.7799,-1.2944,-14.1746,-8.4707,3.3816,2.6325,-5.1020,5.1266,-1.1109,7.4695,-3.2083,1.9351,-11.6151,-6.4225,1.3602,4.7565,-4.8421,5.8282,-1.8184,-0.6960,2.4498,-0.6593,1.0826,6.5264,1.6557,5.3140,0.5746,9.1625,2.4809,-14.0648,2.0799,7.6553,-0.8633,0.7029,4.9018,-7.5951,-2.1421,-6.5658,-3.3309,1.3971,-5.5823,4.9675,-5.0708,0.6936,13.9879,5.8328,-4.7935,6.7620,-6.9513,-2.1263,-4.1576,-5.0551,6.5087,-0.6608,5.5874,5.8394,6.5237,-1.7543,-3.2357,-7.6209,-1.0440,-7.0039,3.4416,-5.3115,-3.9499,-0.5149,1.3523,-9.8175,6.7973,4.5870,-1.9048,-4.5689,7.4887,7.1502,5.4923,-3.5934,-1.7282,-8.6024,-4.8734,6.0421,-1.6600,0.8356,7.3001,-3.6858,1.7648,2.5550,-0.2901,-1.3960,-4.8262,-1.0896,1.4383,-3.2530,11.6295,0.6583,2.1724,-0.7782,-1.0623,-1.7566,-4.4695,-14.3831,13.0046,-2.1942,-7.0083,-2.1615,-3.8766,-0.4194,-1.1938,-4.5680,3.8614,-6.2888,-0.6035,-1.0325,4.1069,-1.3002,-11.4320,0.3683,-5.8240,7.3517,-6.4050,9.2539,5.1011,0.2649,-1.6115,2.9624,0.4434,8.3432,-6.1809,-1.0350,-9.0492,1.9110,-2.5571,-7.2852,5.5020,2.6307,-7.5804,-5.0888,-2.2319,-16.0036,8.6781,3.7174,-2.3063,8.4657,-4.6986,2.4126,2.9458,3.3612,-6.7637,-13.5872,-8.6140,-1.8306,-7.1635,10.4130,-3.0976,-0.0462,1.2038,-1.8355,4.8648,-0.0918,3.3707,-8.7247,6.3940,-14.4361,3.3325,3.8716,3.3716,10.6891,3.2827,5.3050,-0.8864,-2.1346,3.7770,-2.8046,11.6989,-10.7000,-4.1083,-1.7932,-1.9154,-7.0277,-3.7128,9.8090,-2.5878,-4.4537,2.5485,0.1973,-0.5433,-3.3074,7.8136,-2.6095,-3.8208,-2.3006,-1.5888,15.8388
-1.6989,-0.1127,-3.5914,-1.9483,-4.7705,12.1599,9.0588,-4.5468,-6.9445,1.8857,-0.1318,5.1050,-6.6597,5.6592,-4.6203,2.6732,0.5075,-6.4638,7.0280,-0.5493,6.7520,-3.0733,-0.5576,8.5447,-2.5075,3.3404,2.7819,0.1037,4.0100,-3.0131,6.4590,6.9103,-6.2138,4.9019,11.7857,0.5974,2.8704,19.1077,-6.1411,2.0028,0.3216,2.9337,-0.0863,-3.5145,-7.2748,-5.1096,-12.1261,-0.6760,5.1672,8.4349,-4.3117,-0.0700,3.4303,-2.0435,5.2139,-6.1025,5.9589,13.9266,-5.0624,-7.8839,-3.1016,3.9700,5.2525,5.9941,-2.7799,-1.2944,-14.1746,-8.4707,3.3816,2.6325,-5.1020,5.1266,-1.1109,7.4695,-3.2083,1.9351,-11.6151,-6.4225,1.3602,4.7565,-4.8421,5.8282,-1.8184,-0.6960,2.4498,-0.6593,1.0826,6.5264,1.6557,5.3140,0.5746,9.1625,2.4809,-14.0648,2.0799,7.6553,-0.8633,0.7029,4.9018,-7.5951,-2.1421,-6.5658,-3.3309,1.3971,-5.5823,4.9675,-5.0708,0.6936,13.9879,5.8328,-4.7935,6.7620,-6.9513,-2.1263,-4.1576,-5.0551,6.5087,-0.6608,5.5874,5.8394,6.5237,-1.7543,-3.2357,-7.6209,-1.0440,-7.0039,3.4416,-5.3115,-3.9499,-0.5149,1.3523,-9.8175,6.7973,4.5870,-1.9048,-4.5689,7.4887,7.1502,5.4923,-3.5934,-1.7282,-8.6024,-4.8734,6.0421,-1.6600,0.8356,7.3001,-3.6858,1.7648,2.5550,-0.2901,-1.3960,-4.8262,-1.0896,1.4383,-3.2530,11.6295,0.6583,2.1724,-0.7782,-1.0623,-1.7566,-4.4695,-14.3831,13.0046,-2.1942,-7.0083,-2.1615,-3.8766,-0.4194,-1.1938,-4.5680,3.8614,-6.2888,-0.6035,-1.0325,4.1069,-1.3002,-11.4320,0.3683,-5.8240,7.3517,-6.4050,9.2539,5.1011,0.2649,-1.6115,2.9624,0.4434,8.3432,-6.1809,-1.0350,-9.0492,1.9110,-2.5571,-7.2852,5.5020,2.6307,-7.5804,-5.0888,-2.2319,-16.0036,8.6781,3.7174,-2.3063,8.4657,-4.6986,2.4126,2.9458,3.3612,-6.7637,-13.5872,-8.6140,-1.8306,-7.1635,10.4130,-3.0976,-0.0462,1.2038,-1.8355,4.8648,-0.0918,3.3707,-8.7247,6.3940,-14.4361,3.3325,3.8716,3.3716,10.6891,3.2827,5.3050,-0.8864,-2.1346,3.7770,-2.8046,11.6989,-10.7000,-4.1083,-1.7932,-1.9154,-7.0277,-3.7128,9.8090,-2.5878,-4.4537,2.5485,0.1973,-0.5433,-3.3074,7.8136,-2.6095,-3.8208,-2.3006,-1.5888,15.8388
-1.6989,-0.1127,-3.5914,-1.9483,-4.7705,12.1599,9.0588,-4.5468,-6.9445,1.8857,-0.1318,5.1050,-6.6597,5.6592,-4.6203,2.6732,0.5075,-6.4638,7.0280,-0.5493,6.7520,-3.0733,-0.5576,8.5447,-2.5075,3.3404,2.7819,0.1037,4.0100,-3.0131,6.4590,6.9103,-6.2138,4.9019,11.7857,0.5974,2.8704,19.1077,-6.1411,2.0028,0.3216,2.9337,-0.0863,-3.5145,-7.2748,-5.1096,-12.1261,-0.6760,5.1672,8.4349,-4.3117,-0.0700,3.4303,-2.0435,5.2139,-6.1025,5.9589,13.9266,-5.0624,-7.8839,-3.1016,3.9700,5.2525,5.9941,-2.7799,-1.2944,-14.1746,-8.4707,3.3816,2.6325,-5.1020,5.1266,-1.1109,7.4695,-3.2083,1.9351,-11.6151,-6.4225,1.3602,4.7565,-4.8421,5.8282,-1.8184,-0.6960,2.4498,-0.6593,1.0826,6.5264,1.6557,5.3140,0.5746,9.1625,2.4809,-14.0648,2.0799,7.6553,-0.8633,0.7029,4.9018,-7.5951,-2.1421,-6.5658,-3.3309,1.3971,-5.5823,4.9675,-5.0708,0.6936,13.9879,5.8328,-4.7935,6.7620,-6.9513,-2.1263,-4.1576,-5.0551,6.5087,-0.6608,5.5874,5.8394,6.5237,-1.7543,-3.2357,-7.6209,-1.0440,-7.0039,3.4416,-5.3115,-3.9499,-0.5149,1.3523,-9.8175,6.7973,4.5870,-1.9048,-4.5689,7.4887,7.1502,5.4923,-3.5934,-1.7282,-8.6024,-4.8734,6.0421,-1.6600,0.8356,7.3001,-3.6858,1.7648,2.5550,-0.2901,-1.3960,-4.8262,-1.0896,1.4383,-3.2530,11.6295,0.6583,2.1724,-0.7782,-1.0623,-1.7566,-4.4695,-14.3831,13.0046,-2.1942,-7.0083,-2.1615,-3.8766,-0.4194,-1.1938,-4.5680,3.8614,-6.2888,-0.6035,-1.0325,4.1069,-1.3002,-11.4320,0.3683,-5.8240,7.3517,-6.4050,9.2539,5.1011,0.2649,-1.6115,2.9624,0.4434,8.3432,-6.1809,-1.0350,-9.0492,1.9110,-2.5571,-7.2852,5.5020,2.6307,-7.5804,-5.0888,-2.2319,-16.0036,8.6781,3.7174,-2.3063,8.4657,-4.6986,2.4126,2.9458,3.3612,-6.7637,-13.5872,-8.6140,-1.8306,-7.1635,10.4130,-3.0976,-0.0462,1.2038,-1.8355,4.8648,-0.0918,3.3707,-8.7247,6.3940,-14.4361,3.3325,3.8716,3.3716,10.6891,3.2827,5.3050,-0.8864,-2.1346,3.7770,-2.8046,11.6989,-10.7000,-4.1083,-1.7932,-1.9154,-7.0277,-3.7128,9.8090,-2.5878,-4.4537,2.5485,0.1973,-0.5433,-3.3074,7.8136,-2.6095,-3.8208,-2.3006,-1.5888,15.8388
-1.6989,-0.1127,-3.5914,-1.9483,-4.7705,12.1599,9.0588,-4.5468,-6.9445,1.8857,-0.1318,5.1050,-6.6597,5.6592,-4.6203,2.6732,0.5075,-6.4638,7.0280,-0.5493,6.7520,-3.0733,-0.5576,8.5447,-2.5075,3.3404,2.7819,0.1037,4.0100,-3.0131,6.4590,6.9102,-6.2138,4.9019,11.7857,0.5974,2.8704,19.1077,-6.1411,2.0028,0.3216,2.9337,-0.0863,-3.5145,-7.2748,-5.1096,-12.1261,-0.6760,5.1672,8.4349,-4.3117,-0.0700,3.4303,-2.0435,5.2139,-6.1025,5.9589,13.9266,-5.0624,-7.8839,-3.1016,3.9700,5.2525,5.9941,-2.7799,-1.2944,-14.1746,-8.4707,3.3816,2.6325,-5.1020,5.1266,-1.1109,7.4695,-3.2083,1.9351,-11.6151,-6.4225,1.3602,4.7565,-4.8421,5.8282,-1.8184,-0.6960,2.4498,-0.6593,1.0826,6.5264,1.6557,5.3140,0.5746,9.1625,2.4809,-14.0648,2.0799,7.6553,-0.8633,0.7029,4.9018,-7.5951,-2.1421,-6.5658,-3.3309,1.3971,-5.5823,4.9675,-5.0708,0.6936,13.9879,5.8328,-4.7935,6.7620,-6.9513,-2.1263,-4.1576,-5.0551,6.5087,-0.6608,5.5874,5.8394,6.5237,-1.7543,-3.2357,-7.6209,-1.0440,-7.0039,3.4416,-5.3115,-3.9499,-0.5149,1.3523,-9.8175,6.7973,4.5870,-1.9048,-4.5689,7.4887,7.1502,5.4923,-3.5934,-1.7282,-8.6024,-4.8734,6.0421,-1.6600,0.8356,7.3001,-3.6858,1.7648,2.5550,-0.2901,-1.3960,-4.8262,-1.0896,1.4383,-3.2530,11.6295,0.6583,2.1724,-0.7782,-1.0623,-1.7566,-4.4695,-14.3831,13.0046,-2.1942,-7.0083,-2.1615,-3.8766,-0.4194,-1.1938,-4.5680,3.8614,-6.2888,-0.6035,-1.0325,4.1069,-1.3002,-11.4320,0.3683,-5.8240,7.3517,-6.4050,9.2539,5.1011,0.2649,-1.6115,2.9624,0.4434,8.3432,-6.1809,-1.0350,-9.0492,1.9110,-2.5571,-7.2852,5.5020,2.6307,-7.5804,-5.0888,-2.2319,-16.0036,8.6781,3.7174,-2.3063,8.4657,-4.6986,2.4126,2.9458,3.3612,-6.7637,-13.5872,-8.6140,-1.8306,-7.1635,10.4130,-3.0976,-0.0462,1.2038,-1.8355,4.8648,-0.0918,3.3707,-8.7247,6.3940,-14.4361,3.3325,3.8716,3.3716,10.6891,3.2827,5.3050,-0.8864,-2.1346,3.7770,-2.8046,11.6989,-10.7000,-4.1083,-1.7932,-1.9154,-7.0277,-3.7128,9.8090,-2.5878,-4.4537,2.5485,0.1973,-0.5433,-3.3074,7.8136,-2.6095,-3.8208,-2.3006,-1.5888,15.8388
-1.6989,-0.1127,-3.5914,-1.9483,-4.7705,12.1599,9.0588,-4.5468,-6.9445,1.8857,-0.1318,5.1050,-6.6597,5.6592,-4.6203,2.6732,0.5075,-6.4638,7.0280,-0.5493,6.7520,-3.0733,-0.5576,8.5447,-2.5075,3.3404,2.7819,0.1037,4.0100,-3.0131,6.4590,6.9103,-6.2138,4.9019,11.7857,0.5974,2.8704,19.1077,-6.1411,2.0028,0.3216,2.9337,-0.0863,-3.5145,-7.2748,-5.1096,-12.1261,-0.6760,5.1672,8.4349,-4.3117,-0.0700,3.4303,-2.0435,5.2139,-6.1025,5.9589,13.9266,-5.0624,-7.8839,-3.1016,3.9700,5.2525,5.9941,-2.7799,-1.2944,-14.1746,-8.4707,3.3816,2.6325,-5.1020,5.1266,-1.1109,7.4695,-3.2083,1.9351,-11.6151,-6.4225,1.3602,4.7565,-4.8421,5.8282,-1.8184,-0.6960,2.4498,-0.6593,1.0826,6.5264,1.6557,5.3140,0.5746,9.1625,2.4809,-14.0648,2.0799,7.6553,-0.8633,0.7029,4.9018,-7.5951,-2.1421,-6.5658,-3.3309,1.3971,-5.5823,4.9675,-5.0708,0.6936,13.9879,5.8328,-4.7935,6.7620,-6.9513,-2.1263,-4.1576,-5.0551,6.5087,-0.6608,5.5874,5.8394,6.5237,-1.7543,-3.2357,-7.6209,-1.0440,-7.0039,3.4416,-5.3115,-3.9499,-0.5149,1.3523,-9.8175,6.7973,4.5870,-1.9048,-4.5689,7.4887,7.1502,5.4923,-3.5934,-1.7282,-8.6024,-4.8734,6.0421,-1.6600,0.8356,7.3001,-3.6858,1.7648,2.5550,-0.2901,-1.3960,-4.8262,-1.0896,1.4383,-3.2530,11.6295,0.6583,2.1724,-0.7782,-1.0623,-1.7566,-4.4695,-14.3831,13.0046,-2.1942,-7.0083,-2.1615,-3.8766,-0.4194,-1.1938,-4.5680,3.8614,-6.2888,-0.6035,-1.0325,4.1069,-1.3002,-11.4320,0.3683,-5.8240,7.3517,-6.4050,9.2539,5.1011,0.2649,-1.6115,2.9624,0.4434,8.3432,-6.1809,-1.0350,-9.0492,1.9110,-2.5571,-7.2852,5.5020,2.6307,-7.5804,-5.0888,-2.2319,-16.0036,8.6781,3.7174,-2.3063,8.4657,-4.6986,2.4126,2.9458,3.3612,-6.7637,-13.5872,-8.6140,-1.8306,-7.1635,10.4130,-3.0976,-0.0462,1.2038,-1.8355,4.8648,-0.0918,3.3707,-8.7247,6.3940,-14.4361,3.3325,3.8716,3.3716,10.6891,3.2827,5.3050,-0.8864,-2.1346,3.7770,-2.8046,11.6989,-10.7000,-4.1083,-1.7932,-1.9154,-7.0277,-3.7128,9.8090,-2.5878,-4.4537,2.5485,0.1973,-0.5433,-3.3074,7.8136,-2.6095,-3.8208,-2.3006,-1.5888,15.8388
-1.6989,-0.1127,-3.5914,-1.9483,-4.7705,12.1599,9.0588,-4.5468,-6.9445,1.8857,-0.1318,5.1050,-6.6597,5.6592,-4.6203,2.6732,0.5075,-6.4638,7.0280,-0.5493,6.7520,-3.0733,-0.5576,8.5447,-2.5075,3.3404,2.7819,0.1037,4.0100,-3.0131,6.4590,6.9103,-6.2138,4.9019,11.7857,0.5974,2.8704,19.1077,-6.1411,2.0028,0.3216,2.9337,-0.0863,-3.5145,-7.2748,-5.1096,-12.1261,-0.6760,5.1672,8.4349,-4.3117,-0.0700,3.4303,-2.0435,5.2139,-6.1025,5.9589,13.9266,-5.0624,-7.8839,-3.1016,3.9700,5.2525,5.9941,-2.7799,-1.2944,-14.1746,-8.4707,3.3816,2.6325,-5.1020,5.1266,-1.1109,7.4695,-3.2083,1.9351,-11.6151,-6.4225,1.3602,4.7565,-4.8421,5.8282,-1.8184,-0.6960,2.4498,-0.6593,1.0826,6.5264,1.6557,5.3140,0.5746,9.1625,2.4809,-14.0648,2.0799,7.6553,-0.8633,0.7029,4.9018,-7.5951,-2.1421,-6.5658,-3.3309,1.3971,-5.5823,4.9675,-5.0708,0.6936,13.9879,5.8328,-4.7935,6.7620,-6.9513,-2.1263,-4.1576,-5.0551,6.5087,-0.6608,5.5874,5.8394,6.5237,-1.7543,-3.2357,-7.6209,-1.0440,-7.0039,3.4416,-5.3115,-3.9499,-0.5149,1.3523,-9.8175,6.7973,4.5870,-1.9048,-4.5689,7.4887,7.1502,5.4923,-3.5934,-1.7282,-8.6024,-4.8734,6.0421,-1.6600,0.8356,7.3001,-3.6858,1.7648,2.5550,-0.2901,-1.3960,-4.8262,-1.0896,1.4383,-3.2530,11.6295,0.6583,2.1724,-0.7782,-1.0623,-1.7566,-4.4695,-14.3831,13.0046,-2.1942,-7.0083,-2.1615,-3.8766,-0.4194,-1.1938,-4.5680,3.8614,-6.2888,-0.6035,-1.0325,4.1069,-1.3002,-11.4320,0.3683,-5.8240,7.3517,-6.4050,9.2539,5.1011,0.2649,-1.6115,2.9624,0.4434,8.3432,-6.1809,-1.0350,-9.0492,1.9110,-2.5571,-7.2852,5.5020,2.6307,-7.5804,-5.0888,-2.2319,-16.0036,8.6781,3.7174,-2.3063,8.4657,-4.6986,2.4126,2.9458,3.3612,-6.7637,-13.5872,-8.6140,-1.8306,-7.1635,10.4130,-3.0976,-0.0462,1.2038,-1.8355,4.8648,-0.0918,3.3707,-8.7247,6.3940,-14.4361,3.3325,3.8716,3.3716,10.6891,3.2827,5.3050,-0.8864,-2.1346,3.7770,-2.8046,11.6989,-10.7000,-4.1083,-1.7932,-1.9154,-7.0277,-3.7128,9.8090,-2.5878,-4.4537,2.5485,0.1973,-0.5433,-3.3074,7.8136,-2.6095,-3.8208,-2.3006,-1.5888,15.8388
-1.6989,-0.1127,-3.5914,-1.9483,-4.7705,12.1599,9.0588,-4.5468,-6.9445,1.8857,-0.1318,5.1051,-6.6597,5.6592,-4.6203,2.6732,0.5075,-6.4638,7.0280,-0.5493,6.7520,-3.0733,-0.5576,8.5447,-2.5075,3.3404,2.7819,0.1037,4.0100,-3.0131,6.4590,6.9103,-6.2138,4.9019,11.7857,0.5974,2.8704,19.1077,-6.1411,2.0028,0.3216,2.9337,-0.0863,-3.5145,-7.2748,-5.1096,-12.1261,-0.6760,5.1672,8.4349,-4.3117,-0.0700,3.4303,-2.0435,5.2139,-6.1025,5.9589,13.9266,-5.0624,-7.8839,-3.1016,3.9700,5.2525,5.9941,-2.7799,-1.2944,-14.1746,-8.4707,3.3816,2.6325,-5.1020,5.1266,-1.1109,7.4695,-3.2083,1.9351,-11.6151,-6.4225,1.3602,4.7565,-4.8421,5.8282,-1.8184,-0.6960,2.4498,-0.6593,1.0826,6.5264,1.6557,5.3140,0.5746,9.1625,2.4809,-14.0648,2.0799,7.6553,-0.8633,0.7029,4.9018,-7.5951,-2.1421,-6.5658,-3.3309,1.3971,-5.5823,4.9675,-5.0708,0.6936,13.9879,5.8328,-4.7935,6.7620,-6.9513,-2.1263,-4.1576,-5.0551,6.5087,-0.6608,5.5874,5.8394,6.5237,-1.7543,-3.2357,-7.6209,-1.0440,-7.0039,3.4416,-5.3115,-3.9499,-0.5149,1.3523,-9.8175,6.7973,4.5870,-1.9048,-4.5689,7.4887,7.1502,5.4923,-3.5934,-1.7282,-8.6024,-4.8734,6.0421,-1.6600,0.8356,7.3001,-3.6858,1.7648,2.5550,-0.2901,-1.3960,-4.8262,-1.0896,1.4383,-3.2530,11.6295,0.6583,2.1724,-0.7782,-1.0623,-1.7566,-4.4695,-14.3831,13.0046,-2.1942,-7.0083,-2.1615,-3.8766,-0.4194,-1.1938,-4.5680,3.8614,-6.2888,-0.6035,-1.0325,4.1069,-1.3002,-11.4320,0.3683,-5.8240,7.3517,-6.4050,9.2539,5.1011,0.2649,-1.6115,2.9624,0.4434,8.3432,-6.1809,-1.0350,-9.0492,1.9110,-2.5571,-7.2852,5.5020,2.6307,-7.5804,-5.0888,-2.2319,-16.0036,8.6781,3.7174,-2.3063,8.4657,-4.6986,2.4126,2.9458,3.3612,-6.7637,-13.5872,-8.6140,-1.8306,-7.1635,10.4130,-3.0976,-0.0462,1.2038,-1.8355,4.8648,-0.0918,3.3707,-8.7247,6.3940,-14.4361,3.3325,3.8716,3.3716,10.6891,3.2827,5.3050,-0.8864,-2.1346,3.7770,-2.8046,11.6989,-10.7000,-4.1083,-1.7932,-1.9154,-7.0277,-3.7128,9.8090,-2.5878,-4.4537,2.5485,0.1973,-0.5433,-3.3074,7.8136,-2.6095,-3.8208,-2.3006,-1.5888,15.8388
-1.6989,-0.1127,-3.5914,-1.9483,-4.7705,12.1599,9.0588,-4.5468,-6.9445,1.8857,-0.1318,5.1051,-6.6597,5.6592,-4.6203,2.6732,0.5075,-6.4638,7.0280,-0.5493,6.7520,-3.0733,-0.5576,8.5447,-2.5075,3.3404,2.7819,0.1037,4.0100,-3.0131,6.4590,6.9103,-6.2138,4.9019,11.7857,0.5974,2.8704,19.1077,-6.1411,2.0028,0.3216,2.9337,-0.0863,-3.5145,-7.2748,-5.1096,-12.1261,-0.6760,5.1672,8.4349,-4.3117,-0.0700,3.4303,-2.0435,5.2139,-6.1025,5.9589,13.9266,-5.0624,-7.8839,-3.1016,3.9700,5.2525,5.9941,-2.7799,-1.2944,-14.1746,-8.4707,3.3816,2.6325,-5.1020,5.1266,-1.1109,7.4695,-3.2083,1.9351,-11.6151,-6.4225,1.3602,4.7565,-4.8421,5.8282,-1.8184,-0.6960,2.4498,-0.6593,1.0826,6.5264,1.6557,5.3140,0.5746,9.1625,2.4809,-14.0648,2.0799,7.6553,-0.8633,0.7029,4.9018,-7.5951,-2.1421,-6.5658,-3.3309,1.3971,-5.5823,4.9675,-5.0708,0.6936,13.9879,5.8328,-4.7935,6.7620,-6.9513,-2.1263,-4.1576,-5.0551,6.5087,-0.6608,5.5874,5.8394,6.5237,-1.7543,-3.2357,-7.6209,-1.0440,-7.0039,3.4416,-5.3115,-3.9499,-0.5149,1.3523,-9.8175,6.7973,4.5870,-1.9048,-4.5689,7.4887,7.1502,5.4923,-3.5934,-1.7282,-8.6024,-4.8734,6.0421,-1.6600,0.8356,7.3001,-3.6858,1.7648,2.5550,-0.2901,-1.3960,-4.8262,-1.0896,1.4383,-3.2530,11.6295,0.6583,2.1724,-0.7782,-1.0623,-1.7566,-4.4695,-14.3831,13.0046,-2.1942,-7.0083,-2.1615,-3.8766,-0.4194,-1.1938,-4.5680,3.8614,-6.2888,-0.6035,-1.0325,4.1069,-1.3002,-11.4320,0.3683,-5.8240,7.3517,-6.4050,9.2539,5.1011,0.2649,-1.6115,2.9624,0.4434,8.3432,-6.1809,-1.0350,-9.0492,1.9110,-2.5571,-7.2852,5.5020,2.6307,-7.5804,-5.0888,-2.2319,-16.0036,8.6781,3.7174,-2.3063,8.4657,-4.6986,2.4126,2.9458,3.3612,-6.7637,-13.5872,-8.6140,-1.8306,-7.1635,10.4130,-3.0976,-0.0462,1.2038,-1.8355,4.8648,-0.0918,3.3707,-8.7247,6.3940,-14.4361,3.3325,3.8716,3.3716,10.6891,3.2827,5.3050,-0.8864,-2.1346,3.7770,-2.8046,11.6989,-10.7000,-4.1083,-1.7932,-1.9154,-7.0277,-3.7128,9.8090,-2.5878,-4.4537,2.5485,0.1973,-0.5433,-3.3074,7.8136,-2.6095,-3.8208,-2.3006,-1.5888,15.8388
-1.6989,-0.1127,-3.5914,-1.9483,-4.7705,12.1599,9.0588,-4.5468,-6.9445,1.8857,-0.1318,5.1051,-6.6597,5.6592,-4.6203,2.6732,0.5075,-6.4638,7.0280,-0.5493,6.7520,-3.0733,-0.5576,8.5447,-2.5075,3.3404,2.7819,0.1037,4.0100,-3.0131,6.4590,6.9103,-6.2138,4.9019,11.7857,0.5974,2.8704,19.1077,-6.1411,2.0028,0.3216,2.9337,-0.0863,-3.5145,-7.2748,-5.1096,-12.1261,-0.6760,5.1672,8.4349,-4.3117,-0.0700,3.4303,-2.0435,5.2139,-6.1025,5.9589,13.9266,-5.0624,-7.8839,-3.1016,3.9700,5.2525,5.9941,-2.7799,-1.2944,-14.1746,-8.4707,3.3816,2.6325,-5.1020,5.1266,-1.1109,7.4695,-3.2083,1.9351,-11.6151,-6.4225,1.3602,4.7565,-4.8421,5.8282,-1.8184,-0.6960,2.4498,-0.6593,1.0826,6.5264,1.6557,5.3140,0.5746,9.1625,2.4809,-14.0648,2.0799,7.6553,-0.8633,0.7029,4.9018,-7.5951,-2.1421,-6.5658,-3.3309,1.3971,-5.5823,4.9675,-5.0708,0.6936,13.9879,5.8328,-4.7935,6.7620,-6.9513,-2.1263,-4.1576,-5.0551,6.5087,-0.6608,5.5874,5.8394,6.5237,-1.7543,-3.2357,-7.6209,-1.0440,-7.0039,3.4416,-5.3115,-3.9499,-0.5149,1.3523,-9.8175,6.7973,4.5870,-1.9048,-4.5689,7.4887,7.1502,5.4923,-3.5934,-1.7282,-8.6024,-4.8734,6.0421,-1.6600,0.8356,7.3001,-3.6858,1.7648,2.5550,-0.2901,-1.3960,-4.8262,-1.0896,1.4383,-3.2530,11.6295,0.6583,2.1724,-0.7782,-1.0623,-1.7566,-4.4695,-14.3831,13.0046,-2.1942,-7.0083,-2.1615,-3.8766,-0.4194,-1.1938,-4.5680,3.8614,-6.2888,-0.6035,-1.0325,4.1069,-1.3002,-11.4320,0.3683,-5.8240,7.3517,-6.4050,9.2539,5.1011,0.2649,-1.6115,2.9624,0.4434,8.3432,-6.1809,-1.0350,-9.0492,1.9110,-2.5571,-7.2852,5.5020,2.6307,-7.5804,-5.0888,-2.2319,-16.0036,8.6781,3.7174,-2.3063,8.4657,-4.6986,2.4126,2.9458,3.3612,-6.7637,-13.5872,-8.6140,-1.8306,-7.1635,10.4130,-3.0976,-0.0462,1.2038,-1.8355,4.8648,-0.0918,3.3707,-8.7247,6.3940,-14.4361,3.3325,3.8716,3.3716,10.6891,3.2827,5.3050,-0.8864,-2.1346,3.7770,-2.8046,11.6989,-10.7000,-4.1083,-1.7932,-1.9154,-7.0277,-3.7128,9.8090,-2.5878,-4.4537,2.5485,0.1973,-0.5433,-3.3074,7.8136,-2.6095,-3.8208,-2.3006,-1.5888,15.8388
-9.9587,-3.9643,9.3161,17.7501,-4.5557,24.7388,16.2560,-8.7058,8.4831,13.3468,11.5726,13.4861,2.5523,14.1188,-9.5917,3.0651,-8.8470,-4.1792,12.9787,-11.9857,17.9890,-9.8071,-2.8251,2.4520,-0.6518,3.7399,2.3638,-7.3587,8.0547,-8.6134,17.7116,6.4123,-9.6201,-5.1167,8.6808,-14.7795,9.8453,26.0317,-6.7544,0.2130,-2.0792,20.8250,10.4318,2.0727,-10.7246,-1.8650,-6.3545,-5.9588,10.7395,0.8252,6.3127,12.0787,2.7925,-7.2632,7.9485,-8.8672,0.2898,-3.5586,-11.2718,4.5382,3.5860,3.7981,2.2751,6.6897,1.4513,-2.9740,-19.2148,-1.6817,3.7574,-9.7263,1.8780,2.9226,-15.5971,1.4689,-1.6913,16.1898,0.0578,0.6963,3.5252,-11.4718,9.9604,21.2131,-8.8798,-10.0565,-1.8472,-10.0218,14.6139,0.6020,-11.1459,-3.8608,-2.2659,15.3018,15.2693,-11.6651,8.2595,-5.6099,-15.0362,15.0413,12.9318,-2.9986,-8.6819,-9.0983,-2.1718,-11.1214,-0.1071,-9.3490,-3.6725,-17.1376,21.0226,-4.4988,13.0125,-8.7763,-10.2985,10.6445,-4.5408,3.8650,11.1010,5.5410,-6.7344,-8.1719,10.8046,0.0857,2.4233,-9.9536,-20.7669,-17.2681,3.5733,-5.6709,10.8090,-6.4159,11.6746,-19.7677,10.9310,-6.8784,2.1465,4.7343,-0.2337,19.2857,9.8885,4.2644,-1.1514,-3.0857,-8.5965,8.2377,-11.5596,-3.7225,-17.8811,-7.0434,-9.3418,-6.9169,10.8860,4.1247,-2.7379,4.8584,-9.9988,6.0059,11.9461,-10.2904,0.1519,3.3171,-5.4982,-6.9824,10.7284,-3.4919,23.4404,-8.6467,-15.9147,11.1354,-1.6013,-12.3410,-7.8884,5.0734,-16.0506,11.2345,-4.6312,-11.6039,14.9581,7.7607,-14.5677,-5.6252,-11.7607,22.7330,-12.0721,8.3677,-3.6173,-1.4431,-4.8443,-8.9822,6.2499,-1.4477,-11.7570,8.1689,-18.7320,-13.7982,14.7972,5.7821,-6.3627,-8.1061,-3.7136,-5.1905,-10.7299,-23.1213,8.0634,-9.7957,15.0797,15.5994,-17.1853,-6.2368,-4.6876,10.1239,-8.7786,-2.9573,2.1596,-3.4285,5.8384,-9.3626,-9.7993,4.0865,-10.9850,17.5855,-12.0694,0.7505,7.5503,-16.4309,-7.7278,-10.3411,2.4446,6.6150,13.5444,6.9586,9.8579,7.1126,-6.5856,-17.3022,-4.0690,3.5243,1.7266,-1.3811,-6.3602,-6.3841,-2.6917,-24.5632,0.7622,-6.4911,5.6295,-12.9317,-12.2649,-18.0187,3.2822,-6.8554,10.4976,-12.5608,0.1419,-2.1365,12.5147,2.1369
-9.9587,-3.9643,9.3161,17.7501,-4.5557,24.7388,16.2560,-8.7058,8.4831,13.3468,11.5726,13.4861,2.5523,14.1188,-9.5917,3.0651,-8.8470,-4.1792,12.9787,-11.9857,17.9890,-9.8071,-2.8251,2.4520,-0.6518,3.7399,2.3638,-7.3587,8.0547,-8.6134,17.7116,6.4123,-9.6201,-5.1167,8.6808,-14.7795,9.8453,26.0317,-6.7544,0.2130,-2.0792,20.8250,10.4318,2.0727,-10.7246,-1.8650,-6.3545,-5.9588,10.7395,0.8252,6.3127,12.0787,2.7925,-7.2632,7.9485,-8.8672,0.2898,-3.5586,-11.2718,4.5382,3.5860,3.7981,2.2751,6.6897,1.4513,-2.9740,-19.2148,-1.6817,3.7574,-9.7263,1.8780,2.9225,-15.5971,1.4689,-1.6913,16.1898,0.0578,0.6963,3.5252,-11.4718,9.9604,21.2131,-8.8798,-10.0565,-1.8472,-10.0218,14.6139,0.6020,-11.1459,-3.8608,-2.2659,15.3018,15.2693,-11.6651,8.2595,-5.6099,-15.0362,15.0413,12.9318,-2.9986,-8.6819,-9.0983,-2.1718,-11.1214,-0.1071,-9.3490,-3.6725,-17.1376,21.0226,-4.4988,13.0125,-8.7763,-10.2985,10.6445,-4.5408,3.8650,11.1010,5.5410,-6.7344,-8.1719,10.8046,0.0857,2.4233,-9.9536,-20.7669,-17.2681,3.5733,-5.6709,10.8090,-6.4159,11.6746,-19.7677,10.9310,-6.8784,2.1465,4.7343,-0.2337,19.2857,9.8885,4.2644,-1.1514,-3.0857,-8.5965,8.2377,-11.5596,-3.7225,-17.8811,-7.0434,-9.3418,-6.9169,10.8860,4.1247,-2.7379,4.8584,-9.9988,6.0059,11.9461,-10.2904,0.1519,3.3171,-5.4982,-6.9824,10.7284,-3.4919,23.4404,-8.6467,-15.9147,11.1354,-1.6013,-12.3410,-7.8884,5.0734,-16.0506,11.2345,-4.6312,-11.6039,14.9581,7.7607,-14.5677,-5.6252,-11.7607,22.7330,-12.0721,8.3677,-3.6173,-1.4431,-4.8443,-8.9822,6.2499,-1.4477,-11.7570,8.1689,-18.7320,-13.7982,14.7972,5.7821,-6.3627,-8.1061,-3.7136,-5.1905,-10.7299,-23.1213,8.0634,-9.7957,15.0797,15.5994,-17.1853,-6.2368,-4.6876,10.1239,-8.7786,-2.9573,2.1596,-3.4285,5.8384,-9.3626,-9.7993,4.0865,-10.9850,17.5855,-12.0694,0.7505,7.5503,-16.4309,-7.7278,-10.3411,2.4446,6.6150,13.5444,6.9586,9.8579,7.1126,-6.5856,-17.3022,-4.0690,3.5243,1.7266,-1.3811,-6.3602,-6.3841,-2.6917,-24.5632,0.7622,-6.4911,5.6295,-12.9317,-12.2649,-18.0187,3.2822,-6.8554,10.4976,-12.5608,0.1419,-2.1365,12.5147,2.1369
-9.9587,-3.9643,9.3161,17.7501,-4.5557,24.7388,16.2560,-8.7058,8.4831,13.3468,11.5726,13.4861,2.5523,14.1188,-9.5917,3.0651,-8.8470,-4.1792,12.9787,-11.9857,17.9890,-9.8071,-2.8251,2.4520,-0.6518,3.7399,2.3638,-7.3587,8.0547,-8.6134,17.7116,6.4123,-9.6201,-5.1167,8.6808,-14.7795,9.8453,26.0317,-6.7544,0.2130,-2.0792,20.8250,10.4318,2.0727,-10.7246,-1.8650,-6.3545,-5.9588,10.7395,0.8252,6.3127,12.0787,2.7925,-7.2632,7.9485,-8.8672,0.2898,-3.5586,-11.2718,4.5382,3.5860,3.7981,2.2751,6.6897,1.4513,-2.9740,-19.2148,-1.6817,3.7574,-9.7263,1.8780,2.9225,-15.5971,1.4689,-1.6913,16.1898,0.0578,0.6963,3.5252,-11.4718,9.9604,21.2131,-8.8798,-10.0565,-1.8472,-10.0218,14.6139,0.6020,-11.1459,-3.8608,-2.2659,15.3018,15.2693,-11.6651,8.2595,-5.6099,-15.0362,15.0413,12.9318,-2.9986,-8.6819,-9.0983,-2.1718,-11.1214,-0.1071,-9.3490,-3.6725,-17.1376,21.0226,-4.4988,13.0125,-8.7763,-10.2985,10.6445,-4.5408,3.8650,11.1010,5.5410,-6.7344,-8.1719,10.8046,0.0857,2.4233,-9.9536,-20.7669,-17.2681,3.5733,-5.6709,10.8090,-6.4159,11.6746,-19.7677,10.9310,-6.8784,2.1465,4.7343,-0.2337,19.2857,9.8885,4.2644,-1.1514,-3.0857,-8.5965,8.2377,-11.5596,-3.7225,-17.8811,-7.0434,-9.3418,-6.9169,10.8860,4.1247,-2.7379,4.8584,-9.9988,6.0059,11.9461,-10.2904,0.1519,3.3171,-5.4982,-6.9824,10.7284,-3.4919,23.4404,-8.6467,-15.9147,11.1354,-1.6013,-12.3410,-7.8884,5.0734,-16.0506,11.2345,-4.6312,-11.6039,14.9581,7.7607,-14.5677,-5.6252,-11.7607,22.7330,-12.0721,8.3677,-3.6173,-1.4431,-4.8443,-8.9822,6.2499,-1.4477,-11.7570,8.1689,-18.7320,-13.7982,14.7972,5.7821,-6.3627,-8.1061,-3.7136,-5.1905,-10.7299,-23.1213,8.0634,-9.7957,15.0797,15.5994,-17.1853,-6.2368,-4.6876,10.1239,-8.7786,-2.9573,2.1596,-3.4285,5.8384,-9.3626,-9.7993,4.0865,-10.9850,17.5855,-12.0694,0.7505,7.5503,-16.4309,-7.7278,-10.3411,2.4446,6.6150,13.5444,6.9586,9.8579,7.1126,-6.5856,-17.3022,-4.0690,3.5243,1.7266,-1.3811,-6.3602,-6.3841,-2.6917,-24.5632,0.7622,-6.4911,5.6295,-12.9317,-12.2649,-18.0187,3.2822,-6.8554,10.4976,-12.5608,0.1419,-2.1365,12.5147,2.1369
-9.9587,-3.9643,9.3161,17.7501,-4.5557,24.7388,16.2560,-8.7058,8.4831,13.3468,11.5726,13.4861,2.5523,14.1188,-9.5917,3.0651,-8.8470,-4.1792,12.9787,-11.9857,17.9890,-9.8071,-2.8251,2.4520,-0.6518,3.7399,2.3638,-7.3587,8.0547,-8.6134,17.7116,6.4123,-9.6201,-5.1167,8.6808,-14.7795,9.8453,26.0317,-6.7544,0.2130,-2.0792,20.8250,10.4318,2.0727,-10.7246,-1.8650,-6.3545,-5.9588,10.7395,0.8252,6.3127,12.0787,2.7925,-7.2632,7.9485,-8.8672,0.2898,-3.5586,-11.2718,4.5382,3.5860,3.7981,2.2751,6.6897,1.4513,-2.9740,-19.2148,-1.6817,3.7574,-9.7263,1.8780,2.9225,-15.5971,1.4689,-1.6913,16.1898,0.0578,0.6963,3.5252,-11.4718,9.9604,21.2131,-8.8798,-10.0565,-1.8472,-10.0218,14.6139,0.6020,-11.1459,-3.8608,-2.2659,15.3018,15.2693,-11.6651,8.2595,-5.6099,-15.0362,15.0413,12.9318,-2.9986,-8.6819,-9.0983,-2.1718,-11.1214,-0.1071,-9.3490,-3.6725,-17.1376,21.0226,-4.4988,13.0125,-8.7763,-10.2985,10.6445,-4.5408,3.8650,11.1010,5.5410,-6.7344,-8.1719,10.8046,0.0857,2.4233,-9.9536,-20.7669,-17.2681,3.5733,-5.6709,10.8090,-6.4159,11.6746,-19.7677,10.9310,-6.8784,2.1465,4.7343,-0.2337,19.2857,9.8885,4.2644,-1.1514,-3.0857,-8.5965,8.2377,-11.5596,-3.7225,-17.8811,-7.0434,-9.3418,-6.9169,10.8860,4.1247,-2.7379,4.8584,-9.9988,6.0059,11.9461,-10.2904,0.1519,3.3171,-5.4982,-6.9824,10.7284,-3.4919,23.4404,-8.6467,-15.9147,11.1354,-1.6013,-12.3410,-7.8884,5.0734,-16.0506,11.2345,-4.6312,-11.6039,14.9581,7.7607,-14.5677,-5.6252,-11.7607,22.7330,-12.0721,8.3677,-3.6173,-1.4431,-4.8443,-8.9822,6.2499,-1.4477,-11.7570,8.1689,-18.7320,-13.7982,14.7972,5.7821,-6.3627,-8.1061,-3.7136,-5.1905,-10.7299,-23.1213,8.0634,-9.7957,15.0797,15.5994,-17.1853,-6.2368,-4.6876,10.1239,-8.7786,-2.9573,2.1596,-3.4285,5.8384,-9.3626,-9.7993,4.0865,-10.9850,17.5855,-12.0694,0.7505,7.5503,-16.4309,-7.7278,-10.3411,2.4446,6.6150,13.5444,6.9586,9.8579,7.1126,-6.5856,-17.3022,-4.0690,3.5243,1.7266,-1.3811,-6.3602,-6.3841,-2.6917,-24.5632,0.7622,-6.4911,5.6295,-12.9317,-12.2649,-18.0187,3.2822,-6.8554,10.4976,-12.5608,0.1419,-2.1365,12.5147,2.1369
-9.9587,-3.9643,9.3161,17.7501,-4.5557,24.7388,16.2560,-8.7058,8.4831,13.3468,11.5726,13.4861,2.5523,14.1188,-9.5917,3.0651,-8.8470,-4.1792,12.9787,-11.9857,17.9890,-9.8071,-2.8251,2.4520,-0.6518,3.7399,2.3638,-7.3587,8.0547,-8.6134,17.7116,6.4123,-9.6201,-5.1167,8.6808,-14.7795,9.8453,26.0317,-6.7544,0.2130,-2.0792,20.8250,10.4318,2.0727,-10.7246,-1.8650,-6.3545,-5.9588,10.7395,0.8252,6.3127,12.0787,2.7925,-7.2632,7.9485,-8.8672,0.2898,-3.5586,-11.2718,4.5382,3.5860,3.7981,2.2751,6.6897,1.4513,-2.9740,-19.2148,-1.6817,3.7574,-9.7263,1.8780,2.9225,-15.5971,1.4689,-1.6913,16.1898,0.0578,0.6963,3.5252,-11.4718,9.9604,21.2131,-8.8798,-10.0565,-1.8472,-10.0218,14.6139,0.6020,-11.1459,-3.8608,-2.2659,15.3018,15.2693,-11.6651,8.2595,-5.6099,-15.0362,15.0413,12.9318,-2.9986,-8.6819,-9.0983,-2.1718,-11.1214,-0.1071,-9.3490,-3.6725,-17.1376,21.0226,-4.4988,13.0125,-8.7763,-10.2985,10.6445,-4.5408,3.8650,11.1010,5.5410,-6.7344,-8.1719,10.8046,0.0857,2.4233,-9.9536,-20.7669,-17.2681,3.5733,-5.6709,10.8090,-6.4159,11.6746,-19.7677,10.9310,-6.8784,2.1465,4.7343,-0.2337,19.2857,9.8885,4.2644,-1.1514,-3.0857,-8.5965,8.2377,-11.5596,-3.7225,-17.8811,-7.0434,-9.3418,-6.9169,10.8860,4.1247,-2.7379,4.8584,-9.9988,6.0059,11.9461,-10.2904,0.1519,3.3171,-5.4982,-6.9824,10.7284,-3.4919,23.4404,-8.6467,-15.9147,11.1354,-1.6013,-12.3410,-7.8884,5.0734,-16.0506,11.2345,-4.6312,-11.6039,14.9581,7.7607,-14.5677,-5.6252,-11.7607,22.7330,-12.0721,8.3677,-3.6173,-1.4431,-4.8443,-8.9822,6.2499,-1.4477,-11.7570,8.1689,-18.7320,-13.7982,14.7972,5.7821,-6.3627,-8.1061,-3.7136,-5.1905,-10.7299,-23.1213,8.0634,-9.7957,15.0797,15.5994,-17.1853,-6.2368,-4.6876,10.1239,-8.7786,-2.9573,2.1596,-3.4285,5.8384,-9.3626,-9.7993,4.0865,-10.9850,17.5855,-12.0694,0.7505,7.5503,-16.4309,-7.7278,-10.3411,2.4446,6.6150,13.5444,6.9586,9.8579,7.1126,-6.5856,-17.3022,-4.0690,3.5243,1.7266,-1.3811,-6.3602,-6.3841,-2.6917,-24.5632,0.7622,-6.4911,5.6295,-12.9317,-12.2649,-18.0187,3.2822,-6.8554,10.4976,-12.5608,0.1419,-2.1365,12.5147,2.1369
-1.6989,-0.1127,-3.5914,-1.9483,-4.7705,12.1599,9.0588,-4.5468,-6.9445,1.8857,-0.1318,5.1050,-6.6597,5.6592,-4.6203,2.6732,0.5075,-6.4638,7.0280,-0.5493,6.7520,-3.0733,-0.5576,8.5447,-2.5075,3.3404,2.7819,0.1037,4.0100,-3.0131,6.4590,6.9103,-6.2138,4.9019,11.7857,0.5974,2.8704,19.1077,-6.1411,2.0028,0.3216,2.9337,-0.0863,-3.5145,-7.2748,-5.1096,-12.1261,-0.6760,5.1672,8.4349,-4.3117,-0.0700,3.4303,-2.0435,5.2139,-6.1025,5.9589,13.9266,-5.0624,-7.8839,-3.1016,3.9700,5.2525,5.9941,-2.7799,-1.2944,-14.1746,-8.4707,3.3816,2.6325,-5.1020,5.1266,-1.1109,7.4695,-3.2083,1.9351,-11.6151,-6.4225,1.3602,4.7565,-4.8421,5.8282,-1.8184,-0.6960,2.4498,-0.6593,1.0826,6.5264,1.6557,5.3140,0.5746,9.1625,2.4809,-14.0648,2.0799,7.6553,-0.8633,0.7029,4.9018,-7.5951,-2.1421,-6.5658,-3.3309,1.3971,-5.5823,4.9675,-5.0708,0.6936,13.9879,5.8328,-4.7935,6.7620,-6.9513,-2.1263,-4.1576,-5.0551,6.5087,-0.6608,5.5874,5.8394,6.5237,-1.7543,-3.2357,-7.6209,-1.0440,-7.0039,3.4416,-5.3115,-3.9499,-0.5149,1.3523,-9.8175,6.7973,4.5870,-1.9048,-4.5689,7.4887,7.1502,5.4923,-3.5934,-1.7282,-8.6024,-4.8734,6.0421,-1.6600,0.8356,7.3001,-3.6858,1.7648,2.5550,-0.2901,-1.3960,-4.8262,-1.0896,1.4383,-3.2530,11.6295,0.6583,2.1724,-0.7782,-1.0623,-1.7566,-4.4695,-14.3831,13.0046,-2.1942,-7.0083,-2.1615,-3.8766,-0.4194,-1.1938,-4.5680,3.8614,-6.2888,-0.6035,-1.0325,4.1069,-1.3002,-11.4320,0.3683,-5.8240,7.3517,-6.4050,9.2539,5.1011,0.2649,-1.6115,2.9624,0.4434,8.3432,-6.1809,-1.0350,-9.0492,1.9110,-2.5571,-7.2852,5.5020,2.6307,-7.5804,-5.0888,-2.2319,-16.0036,8.6781,3.7174,-2.3063,8.4657,-4.6986,2.4126,2.9458,3.3612,-6.7637,-13.5872,-8.6140,-1.8306,-7.1635,10.4130,-3.0976,-0.0462,1.2038,-1.8355,4.8648,-0.0918,3.3707,-8.7247,6.3940,-14.4361,3.3325,3.8716,3.3716,10.6891,3.2827,5.3050,-0.8864,-2.1346,3.7770,-2.8046,11.6989,-10.7000,-4.1083,-1.7932,-1.9154,-7.0277,-3.7128,9.8090,-2.5878,-4.4537,2.5485,0.1973,-0.5433,-3.3074,7.8136,-2.6095,-3.8208,-2.3006,-1.5888,15.8388
9.5067,9.5007,6.7196,2.6808,-3.7059,9.8817,5.8802,-0.7769,-1.6501,8.5902,-0.7178,5.4487,-11.5601,6.2562,5.8801,6.8418,-9.2597,-18.0372,13.6923,-8.7810,10.1443,11.0471,-9.9150,5.1191,-5.6530,5.9826,6.0423,10.1176,8.0891,-16.7681,14.6770,17.6650,-1.2620,5.1866,23.6727,-0.0870,-5.3073,32.2607,-17.2477,-0.2634,0.9603,4.7041,-1.6642,-5.7159,4.0251,3.4601,4.1861,-11.6475,12.7470,10.7980,-3.3657,5.0118,1.1408,-1.3503,-8.4007,-5.9837,1.4886,12.9302,-15.5621,-12.9934,3.5782,12.4840,17.1168,11.0796,-8.0076,-3.7191,-20.9078,5.3084,0.8769,-0.4485,-13.6155,-3.9493,-3.3358,9.0146,3.0142,15.6332,-18.9170,-25.4875,-0.3193,5.1715,-7.8708,9.8141,-4.2100,5.1941,0.4619,-8.2008,4.8429,10.2325,7.8945,7.9480,2.4553,6.4450,8.0118,-9.1483,8.4939,8.4191,-9.7725,9.5528,-6.5427,-6.8239,-12.3842,-1.5705,-1.7086,-9.9702,-8.3970,-1.3974,-13.4198,-9.9554,22.3500,-5.8869,-1.3929,14.3785,3.5951,2.0607,5.4035,6.3607,3.2012,-4.5158,6.8928,-1.2030,-6.6252,-7.5478,-0.0383,-21.5468,-4.3210,-17.0430,13.2489,-4.1187,0.2003,-2.9636,-6.0896,-16.5747,15.3924,3.0179,-1.6559,-14.8294,3.5290,13.0607,19.8872,1.4562,-1.6564,-8.8410,1.9671,-4.4749,-2.5291,9.9925,6.7758,-1.9943,-9.4065,-8.3355,-2.7136,0.1626,-5.9165,6.5406,-1.2074,-8.1997,14.7404,17.3211,-8.5158,-10.1874,-2.7478,-8.3346,-5.6976,-9.9083,15.9644,-9.1867,-8.0995,0.0475,1.3481,3.1977,2.2669,3.5593,-0.5090,12.4116,5.3027,-5.6276,10.1210,3.3126,-12.7184,-7.9086,-4.4387,12.9089,-8.5171,18.1331,12.5679,-6.9960,-3.6090,-4.6892,-12.1742,11.2513,-13.3267,6.1413,-16.6162,-4.9701,-6.5747,-23.9436,1.5083,9.9157,-2.4161,-14.7580,-2.1860,-21.3677,-3.0777,-0.5958,-8.2626,11.8330,-0.2828,11.9344,4.6273,17.2448,7.6273,-8.2428,-6.2799,-1.5811,-1.8870,-3.5853,-7.3972,7.4800,3.7522,6.4356,5.4362,-2.8172,11.4880,-7.2980,1.4109,-20.7682,16.7955,15.1635,-10.8409,19.2721,13.3065,4.7587,17.5264,-16.7311,3.4121,-20.9274,9.3185,-20.2818,-0.8032,6.7370,-2.4791,-6.5130,-14.5380,8.7074,9.2308,-16.6134,-8.2921,-14.2104,2.1648,9.9771,9.3936,3.8608,-9.5375,-20.9706,3.4747,19.3770
-7.8128,-13.3023,18.6339,-0.9628,4.2231,11.8714,-4.0547,0.1745,11.8205,11.5835,1.4136,8.5117,-8.9060,3.7218,1.5335,-5.7172,-15.2107,2.6822,2.0574,-2.9301,11.6871,2.9323,-0.6217,-9.8231,-12.0008,10.7227,11.4539,11.6992,10.2522,-9.0445,25.6705,10.4730,-7.1448,-18.0777,4.2190,1.0840,6.7621,32.2667,-8.6548,5.2628,-5.4180,5.7298,18.2484,-2.6666,-16.1995,-1.6750,7.4405,-5.3581,0.2877,10.3272,-12.7138,-1.3136,-5.9078,-5.1600,-6.5798,-9.2041,-2.6968,0.5242,-4.6753,-16.2255,7.9333,6.7504,3.7890,15.5766,-11.8482,9.5982,-18.3026,-1.3078,-8.5766,-8.3961,6.8009,-4.4947,-15.6607,-4.1968,6.0141,27.7264,0.6126,5.8238,4.1825,0.1692,-7.5324,11.2042,5.1360,11.7195,-1.5728,-3.3291,18.4301,17.3933,-11.3653,9.5508,5.5260,1.6613,14.1317,-1.0511,21.9063,-5.3674,-3.8123,12.1207,-7.1653,-4.3905,-6.9166,9.9814,7.1195,-14.9050,-14.0852,-20.3139,-4.9294,-12.2839,19.1247,2.1988,16.9660,0.3876,-3.4761,1.4855,-0.1208,2.5860,-1.5073,-1.7636,1.1141,9.8705,6.1836,-3.6433,9.9277,2.9109,-3.1352,9.2951,16.8692,4.0453,-3.3684,-11.3354,-8.2584,-22.7067,6.8032,-11.5586,-11.2256,-6.9914,-1.6445,0.7284,4.3200,-14.3367,-3.8898,-12.9754,2.1517,-4.4244,-13.9513,-1.0594,0.3429,2.0172,-5.6418,-18.0553,14.2555,-5.1064,1.9572,6.5266,-20.5314,-8.6477,6.9006,11.5436,10.5369,3.0739,-11.6491,3.2720,3.5873,3.4139,27.6155,-8.7784,1.3946,7.7927,-4.9178,3.4788,-4.7813,16.9343,4.3007,10.5151,0.2544,3.6857,7.9570,-1.6928,-18.0271,-0.5023,-11.5373,8.1668,-17.5152,11.1331,17.2789,-3.2555,-8.8958,12.6800,-14.2695,14.0660,4.8335,9.5505,-11.3925,-14.9981,5.2254,-20.7651,-11.6546,3.1102,-15.3057,-14.1828,-20.8898,-4.9681,3.4083,-8.8687,12.4611,8.5684,1.5127,1.9591,-0.1182,14.0262,-4.6134,8.3113,-10.8247,-0.8221,12.6770,-11.2076,-9.9028,-0.5383,1.1122,17.8039,3.6185,-11.3692,14.8500,3.1567,-26.3486,-17.5226,22.8028,4.9394,3.0791,15.1703,20.3534,11.8430,12.9211,-25.8876,7.7311,-4.2624,-3.2556,-7.3581,1.3448,-13.4977,-6.0067,-7.8488,9.6638,5.9126,12.2918,-12.8813,-34.3879,-12.6546,6.2252,17.6564,4.1925,-8.4097,4.2339,-12.8333,5.4773,-0.1053
-7.8128,-13.3023,18.6339,-0.9628,4.2231,11.8714,-4.0547,0.1745,11.8205,11.5835,1.4136,8.5117,-8.9060,3.7218,1.5335,-5.7172,-15.2107,2.6822,2.0574,-2.9301,11.6871,2.9323,-0.6217,-9.8231,-12.0008,10.7227,11.4539,11.6992,10.2522,-9.0445,25.6705,10.4730,-7.1448,-18.0777,4.2190,1.0840,6.7621,32.2667,-8.6548,5.2628,-5.4180,5.7298,18.2484,-2.6666,-16.1995,-1.6750,7.4405,-5.3581,0.2877,10.3272,-12.7138,-1.3136,-5.9078,-5.1600,-6.5798,-9.2041,-2.6968,0.5242,-4.6753,-16.2255,7.9333,6.7504,3.7890,15.5766,-11.8482,9.5982,-18.3026,-1.3078,-8.5766,-8.3961,6.8009,-4.4947,-15.6607,-4.1968,6.0141,27.7264,0.6126,5.8238,4.1825,0.1692,-7.5324,11.2042,5.1360,11.7195,-1.5728,-3.3291,18.4301,17.3933,-11.3653,9.5508,5.5260,1.6613,14.1317,-1.0511,21.9063,-5.3674,-3.8123,12.1207,-7.1653,-4.3905,-6.9166,9.9814,7.1195,-14.9050,-14.0852,-20.3139,-4.9294,-12.2839,19.1247,2.1988,16.9660,0.3876,-3.4761,1.4854,-0.1208,2.5860,-1.5073,-1.7636,1.1141,9.8705,6.1836,-3.6433,9.9277,2.9109,-3.1352,9.2951,16.8692,4.0453,-3.3684,-11.3354,-8.2584,-22.7067,6.8032,-11.5586,-11.2256,-6.9914,-1.6445,0.7284,4.3200,-14.3367,-3.8898,-12.9754,2.1517,-4.4244,-13.9513,-1.0594,0.3429,2.0172,-5.6418,-18.0553,14.2555,-5.1064,1.9572,6.5266,-20.5314,-8.6477,6.9006,11.5436,10.5369,3.0739,-11.6491,3.2720,3.5873,3.4139,27.6155,-8.7784,1.3946,7.7927,-4.9178,3.4787,-4.7813,16.9343,4.3007,10.5151,0.2544,3.6857,7.9570,-1.6928,-18.0271,-0.5023,-11.5373,8.1668,-17.5152,11.1331,17.2789,-3.2555,-8.8958,12.6800,-14.2695,14.0660,4.8335,9.5505,-11.3925,-14.9981,5.2254,-20.7651,-11.6546,3.1102,-15.3057,-14.1828,-20.8898,-4.9681,3.4083,-8.8687,12.4611,8.5684,1.5127,1.9591,-0.1182,14.0262,-4.6134,8.3113,-10.8247,-0.8221,12.6770,-11.2076,-9.9028,-0.5383,1.1122,17.8039,3.6185,-11.3692,14.8500,3.1567,-26.3486,-17.5226,22.8028,4.9394,3.0791,15.1703,20.3534,11.8430,12.9211,-25.8876,7.7311,-4.2624,-3.2556,-7.3581,1.3448,-13.4977,-6.0067,-7.8488,9.6638,5.9126,12.2918,-12.8813,-34.3879,-12.6546,6.2252,17.6564,4.1925,-8.4097,4.2339,-12.8333,5.4773,-0.1053
-7.8128,-13.3023,18.6339,-0.9628,4.2231,11.8714,-4.0547,0.1745,11.8205,11.5835,1.4136,8.5117,-8.9060,3.7218,1.5335,-5.7172,-15.2107,2.6822,2.0574,-2.9301,11.6871,2.9323,-0.6217,-9.8231,-12.0008,10.7227,11.4539,11.6992,10.2522,-9.0445,25.6705,10.4730,-7.1448,-18.0777,4.2190,1.0840,6.7621,32.2667,-8.6548,5.2628,-5.4180,5.7298,18.2484,-2.6666,-16.1995,-1.6750,7.4405,-5.3581,0.2877,10.3272,-12.7138,-1.3136,-5.9078,-5.1600,-6.5798,-9.2041,-2.6968,0.5242,-4.6753,-16.2255,7.9333,6.7504,3.7890,15.5766,-11.8482,9.5982,-18.3026,-1.3078,-8.5766,-8.3961,6.8009,-4.4947,-15.6607,-4.1968,6.0141,27.7264,0.6126,5.8238,4.1825,0.1692,-7.5324,11.2042,5.1360,11.7195,-1.5728,-3.3291,18.4301,17.3933,-11.3653,9.5508,5.5260,1.6613,14.1317,-1.0511,21.9063,-5.3674,-3.8123,12.1207,-7.1653,-4.3905,-6.9166,9.9814,7.1195,-14.9050,-14.0852,-20.3139,-4.9294,-12.2839,19.1247,2.1988,16.9660,0.3876,-3.4761,1.4854,-0.1208,2.5860,-1.5073,-1.7636,1.1141,9.8705,6.1836,-3.6433,9.9277,2.9109,-3.1352,9.2951,16.8692,4.0453,-3.3684,-11.3354,-8.2584,-22.7067,6.8032,-11.5586,-11.2256,-6.9914,-1.6445,0.7284,4.3200,-14.3367,-3.8898,-12.9754,2.1517,-4.4244,-13.9513,-1.0594,0.3429,2.0172,-5.6418,-18.0553,14.2555,-5.1064,1.9572,6.5266,-20.5314,-8.6477,6.9006,11.5436,10.5369,3.0739,-11.6491,3.2720,3.5873,3.4139,27.6155,-8.7784,1.3946,7.7927,-4.9178,3.4787,-4.7813,16.9343,4.3007,10.5151,0.2544,3.6857,7.9570,-1.6928,-18.0271,-0.5023,-11.5373,8.1668,-17.5152,11.1331,17.2789,-3.2555,-8.8958,12.6800,-14.2695,14.0660,4.8335,9.5505,-11.3925,-14.9981,5.2254,-20.7651,-11.6546,3.1102,-15.3057,-14.1828,-20.8898,-4.9681,3.4083,-8.8687,12.4611,8.5684,1.5127,1.9591,-0.1182,14.0262,-4.6134,8.3113,-10.8247,-0.8221,12.6770,-11.2076,-9.9028,-0.5383,1.1122,17.8039,3.6185,-11.3692,14.8500,3.1567,-26.3486,-17.5226,22.8028,4.9394,3.0791,15.1703,20.3534,11.8430,12.9211,-25.8876,7.7311,-4.2624,-3.2556,-7.3581,1.3448,-13.4977,-6.0067,-7.8488,9.6638,5.9126,12.2918,-12.8813,-34.3879,-12.6546,6.2252,17.6564,4.1925,-8.4097,4.2339,-12.8333,5.4773,-0.1053
-7.8128,-13.3023,18.6339,-0.9628,4.2231,11.8714,-4.0547,0.1745,11.8205,11.5835,1.4136,8.5117,-8.9060,3.7218,1.5335,-5.7172,-15.2107,2.6822,2.0574,-2.9301,11.6871,2.9323,-0.6217,-9.8231,-12.0008,10.7227,11.4539,11.6992,10.2522,-9.0445,25.6705,10.4730,-7.1448,-18.0777,4.2190,1.0840,6.7621,32.2667,-8.6548,5.2628,-5.4180,5.7298,18.2484,-2.6666,-16.1995,-1.6750,7.4405,-5.3581,0.2877,10.3272,-12.7138,-1.3136,-5.9078,-5.1600,-6.5798,-9.2041,-2.6968,0.5242,-4.6753,-16.2255,7.9333,6.7504,3.7890,15.5766,-11.8482,9.5982,-18.3026,-1.3078,-8.5766,-8.3961,6.8009,-4.4947,-15.6607,-4.1968,6.0141,27.7264,0.6126,5.8238,4.1825,0.1692,-7.5324,11.2042,5.1360,11.7195,-1.5728,-3.3291,18.4301,17.3933,-11.3653,9.5508,5.5260,1.6613,14.1317,-1.0511,21.9063,-5.3674,-3.8123,12.1207,-7.1653,-4.3905,-6.9166,9.9814,7.1195,-14.9050,-14.0852,-20.3139,-4.9294,-12.2839,19.1247,2.1988,16.9660,0.3876,-3.4761,1.4854,-0.1208,2.5860,-1.5073,-1.7636,1.1141,9.8705,6.1836,-3.6433,9.9277,2.9109,-3.1352,9.2951,16.8692,4.0453,-3.3684,-11.3354,-8.2584,-22.7067,6.8032,-11.5586,-11.2256,-6.9914,-1.6445,0.7284,4.3200,-14.3367,-3.8898,-12.9754,2.1517,-4.4244,-13.9513,-1.0594,0.3429,2.0172,-5.6418,-18.0553,14.2555,-5.1064,1.9572,6.5266,-20.5314,-8.6477,6.9006,11.5436,10.5369,3.0739,-11.6491,3.2720,3.5873,3.4139,27.6155,-8.7784,1.3946,7.7927,-4.9178,3.4787,-4.7813,16.9343,4.3007,10.5151,0.2544,3.6857,7.9570,-1.6928,-18.0271,-0.5023,-11.5373,8.1668,-17.5152,11.1331,17.2789,-3.2555,-8.8958,12.6800,-14.2695,14.0660,4.8335,9.5505,-11.3925,-14.9981,5.2254,-20.7651,-11.6546,3.1102,-15.3057,-14.1828,-20.8898,-4.9681,3.4083,-8.8687,12.4611,8.5684,1.5127,1.9591,-0.1182,14.0262,-4.6134,8.3113,-10.8247,-0.8221,12.6770,-11.2076,-9.9028,-0.5383,1.1122,17.8039,3.6185,-11.3692,14.8500,3.1567,-26.3486,-17.5226,22.8028,4.9394,3.0791,15.1703,20.3534,11.8430,12.9211,-25.8876,7.7311,-4.2624,-3.2556,-7.3581,1.3448,-13.4977,-6.0067,-7.8488,9.6638,5.9126,12.2918,-12.8813,-34.3879,-12.6546,6.2252,17.6564,4.1925,-8.4097,4.2339,-12.8333,5.4773,-0.1053
-23.4371,-9.2713,3.6487,21.3915,21.2103,17.9765,41.3879,-2.8904,-13.4709,8.6609,-0.5258,-12.9862,-10.9448,8.8209,-8.9883,12.8702,-25.2735,-18.3932,-8.7436,-25.4410,13.7930,9.3997,7.5578,4.1135,-7.3797,14.2440,26.7480,-1.9190,-14.9972,-25.9784,5.2813,11.1869,-6.0818,3.5873,18.2537,0.3784,12.9648,52.7559,18.7015,8.5084,-0.1689,8.1211,23.7369,-5.9064,-12.8708,-15.5223,-0.2916,6.9748,14.6437,-6.0100,-25.8085,4.2630,-23.1874,-12.0462,13.4312,12.3626,-0.8676,23.7458,4.7275,-16.4009,-10.3278,27.2456,-16.6831,20.7352,15.2380,-4.8704,-30.5519,-11.7167,-12.1786,-12.7035,13.6030,7.5160,10.8593,-3.6398,9.2264,30.3711,-12.8540,-2.4123,-20.0142,-5.9253,15.5597,3.5369,-0.9329,-0.9423,7.5625,-1.8401,20.2372,-1.2063,-0.3738,0.4807,15.1702,14.1119,-1.8380,-2.4929,18.3117,5.3127,12.8712,-10.3228,-0.7924,11.4020,5.8795,2.2264,15.5939,-17.2244,5.9796,-6.7468,-9.6802,-6.9559,15.1611,-20.4387,-3.2181,-21.0520,3.3034,13.4229,8.8329,-0.2555,6.9803,4.5134,-7.7932,-6.7118,-5.1431,18.1826,-9.0129,7.9307,-12.8216,-3.0164,6.8355,-8.4446,-4.6147,11.4077,-4.6047,-20.5187,2.1493,-0.5189,-19.0403,16.9732,-6.1068,14.7365,-1.3801,6.7535,18.8284,6.2728,-10.1938,-10.4658,-15.4999,-0.1561,-14.4234,3.9320,4.6733,-12.4204,15.8519,-8.2558,-6.5089,1.0942,-17.8079,10.4623,14.1713,5.2999,1.1929,4.7125,-14.6513,18.6596,13.8739,2.1504,6.5563,-7.6629,6.7642,10.6615,-21.8773,10.2158,-23.3981,3.6880,-11.6791,14.2000,8.0634,0.6397,-18.6273,-12.0389,-29.6233,-21.6705,-12.2618,31.8083,-16.2588,7.7390,-3.1497,-23.1438,-1.2266,6.8849,2.5399,4.7356,-14.6838,2.3251,5.7218,1.5196,-7.8418,-8.4502,1.6550,-4.5407,-30.2530,-17.6653,-12.8256,-19.1054,10.1547,7.4320,-3.2256,7.2089,-5.3075,-4.2912,5.2591,6.6702,-1.8011,4.4564,-15.2232,10.6645,5.3696,-5.6741,-25.5567,1.7658,1.7667,20.2256,7.9576,7.5261,-8.4741,-14.9116,-16.4737,-20.4778,28.8880,34.0228,11.7365,20.8065,-2.7741,-10.6100,18.7287,-26.8240,-8.9261,-24.2384,15.9334,-10.5492,22.8510,-16.2611,8.0662,-21.2138,11.6166,-10.2682,6.5104,-21.2440,-22.3932,-5.1151,17.9093,26.4272,15.9691,2.8082,-4.8242,-2.9351,18.1960,-9.5629
-13.2382,-3.6260,-1.0265,2.6544,1.4552,18.5829,19.3503,-4.8039,-8.5443,-2.2464,-3.2864,-4.3552,6.7347,-4.9036,-3.9425,1.5593,-3.9759,4.8232,7.6470,6.6862,-3.5092,4.4796,2.7264,1.6352,3.8797,2.6598,21.1889,13.0215,-2.9352,-6.8554,12.6796,-1.7707,-20.4299,6.1505,1.9216,3.1568,-0.5322,7.8843,-4.7604,-1.9806,3.9876,4.6580,0.1392,2.7836,6.9776,-4.4834,-1.7216,-5.2857,-5.1192,1.9839,-2.6446,2.9710,-10.4401,-0.5742,12.9697,-6.1303,4.8783,3.2499,-5.8701,-2.1894,1.3283,-3.2211,-0.7993,13.4217,-1.0586,8.3598,-2.0369,-6.0111,2.1663,0.2835,-1.0272,1.2086,-4.2325,-3.3174,5.5136,0.8710,-6.8767,1.0043,-8.5669,-2.1576,-1.0840,0.8014,-2.3946,4.8383,6.5506,-4.9154,8.0687,13.7031,-5.0408,12.5415,-1.1535,2.8036,-0.3767,10.0277,8.2277,4.5045,-2.2453,-3.1783,7.7219,7.8874,3.3137,7.3998,7.1839,-7.1627,3.5770,1.6442,-2.2251,8.2925,9.4948,-3.8243,1.0849,-2.2859,-7.6115,-10.1480,9.7713,-9.4533,-2.3737,-5.8945,-2.5349,-4.4024,4.7863,-4.9950,4.2808,-0.3735,-1.8280,-2.1824,-1.9502,1.4246,0.2340,3.1887,1.3336,-18.2441,2.0955,-3.9482,-0.1091,0.0358,4.3543,5.8788,-2.4208,-10.0057,6.4332,-7.7858,-19.0540,9.7559,-6.3648,-6.2677,-4.4775,-5.2210,-7.1709,-6.6109,6.7545,1.5542,2.4818,1.8974,2.4670,-7.1215,7.3174,1.2924,-2.1611,-5.6450,2.2221,-0.3686,2.4678,-3.6171,11.3658,-1.0118,2.8136,-12.9608,-13.3127,0.9816,-1.9124,-1.4956,-6.7792,3.6282,-6.7326,-0.7207,-5.7772,5.6498,-20.9661,-1.8440,-4.2398,-2.7030,2.3166,9.1758,13.9707,2.4572,-3.9101,-1.5629,-4.9890,3.9320,2.7714,1.0966,-3.2653,-5.0524,12.1890,-5.8127,-1.5457,-4.1180,-9.6790,-9.7571,-2.3488,-20.7973,5.6431,-0.3915,-8.2274,5.9785,2.2917,-9.7717,-6.6487,14.5298,-4.0042,-4.2899,0.1946,6.5602,-6.5408,2.8386,5.2321,8.0800,-10.2257,-1.8283,9.5262,-1.4857,-4.2781,1.8032,6.9965,-15.0708,4.4338,13.1251,-0.4829,11.3401,-4.7995,4.7141,-0.0746,1.5204,1.1401,-11.6414,0.2248,-4.9091,4.2464,-8.6251,3.5839,-4.5421,3.9165,-7.1566,9.0478,-10.2403,-18.9375,7.7003,-3.8813,2.9332,0.0418,-14.0321,-8.3054,9.7089,9.9434,11.4806
-13.2382,-3.6260,-1.0265,2.6544,1.4552,18.5829,19.3503,-4.8039,-8.5443,-2.2464,-3.2864,-4.3552,6.7347,-4.9036,-3.9425,1.5593,-3.9759,4.8232,7.6470,6.6862,-3.5092,4.4796,2.7264,1.6352,3.8797,2.6598,21.1889,13.0215,-2.9352,-6.8554,12.6796,-1.7707,-20.4299,6.1505,1.9216,3.1568,-0.5322,7.8843,-4.7604,-1.9806,3.9876,4.6580,0.1392,2.7836,6.9776,-4.4834,-1.7216,-5.2857,-5.1192,1.9839,-2.6446,2.9710,-10.4401,-0.5742,12.9697,-6.1303,4.8783,3.2499,-5.8701,-2.1894,1.3283,-3.2211,-0.7993,13.4217,-1.0586,8.3598,-2.0369,-6.0111,2.1663,0.2835,-1.0272,1.2086,-4.2325,-3.3174,5.5136,0.8710,-6.8767,1.0043,-8.5669,-2.1576,-1.0840,0.8014,-2.3946,4.8383,6.5506,-4.9154,8.0687,13.7031,-5.0408,12.5415,-1.1535,2.8036,-0.3767,10.0277,8.2277,4.5045,-2.2453,-3.1783,7.7219,7.8874,3.3137,7.3998,7.1839,-7.1627,3.5770,1.6442,-2.2251,8.2925,9.4948,-3.8243,1.0849,-2.2859,-7.6115,-10.1480,9.7713,-9.4533,-2.3737,-5.8945,-2.5349,-4.4024,4.7863,-4.9950,4.2808,-0.3735,-1.8280,-2.1824,-1.9502,1.4246,0.2340,3.1887,1.3336,-18.2441,2.0955,-3.9482,-0.1091,0.0358,4.3543,5.8788,-2.4208,-10.0057,6.4332,-7.7858,-19.0540,9.7559,-6.3648,-6.2677,-4.4775,-5.2210,-7.1709,-6.6109,6.7545,1.5542,2.4818,1.8974,2.4670,-7.1215,7.3174,1.2924,-2.1611,-5.6450,2.2221,-0.3686,2.4678,-3.6171,11.3658,-1.0118,2.8136,-12.9608,-13.3127,0.9816,-1.9124,-1.4956,-6.7792,3.6282,-6.7326,-0.7207,-5.7772,5.6498,-20.9661,-1.8440,-4.2398,-2.7030,2.3166,9.1758,13.9707,2.4572,-3.9101,-1.5629,-4.9890,3.9320,2.7714,1.0966,-3.2653,-5.0524,12.1890,-5.8127,-1.5457,-4.1180,-9.6790,-9.7571,-2.3488,-20.7973,5.6431,-0.3915,-8.2274,5.9785,2.2917,-9.7717,-6.6487,14.5298,-4.0042,-4.2899,0.1946,6.5602,-6.5408,2.8386,5.2321,8.0800,-10.2257,-1.8283,9.5262,-1.4857,-4.2781,1.8032,6.9965,-15.0708,4.4338,13.1251,-0.4829,11.3401,-4.7995,4.7141,-0.0746,1.5204,1.1401,-11.6414,0.2248,-4.9091,4.2464,-8.6251,3.5839,-4.5421,3.9165,-7.1566,9.0478,-10.2403,-18.9375,7.7003,-3.8813,2.9332,0.0418,-14.0321,-8.3054,9.7089,9.9434,11.4806
-13.2382,-3.6260,-1.0265,2.6544,1.4552,18.5829,19.3503,-4.8039,-8.5443,-2.2464,-3.2864,-4.3552,6.7347,-4.9036,-3.9425,1.5593,-3.9759,4.8232,7.6470,6.6862,-3.5092,4.4796,2.7264,1.6352,3.8797,2.6598,21.1889,13.0215,-2.9352,-6.8554,12.6796,-1.7707,-20.4299,6.1505,1.9216,3.1568,-0.5322,7.8843,-4.7604,-1.9806,3.9876,4.6580,0.1392,2.7836,6.9776,-4.4834,-1.7216,-5.2857,-5.1192,1.9839,-2.6446,2.9710,-10.4401,-0.5742,12.9697,-6.1303,4.8783,3.2499,-5.8701,-2.1894,1.3283,-3.2211,-0.7993,13.4217,-1.0586,8.3598,-2.0369,-6.0111,2.1663,0.2835,-1.0272,1.2086,-4.2325,-3.3174,5.5136,0.8710,-6.8767,1.0043,-8.5669,-2.1576,-1.0840,0.8014,-2.3946,4.8383,6.5506,-4.9154,8.0687,13.7031,-5.0408,12.5415,-1.1535,2.8036,-0.3767,10.0277,8.2277,4.5045,-2.2453,-3.1783,7.7219,7.8874,3.3137,7.3998,7.1839,-7.1627,3.5770,1.6442,-2.2251,8.2925,9.4948,-3.8243,1.0849,-2.2859,-7.6115,-10.1480,9.7713,-9.4533,-2.3737,-5.8945,-2.5349,-4.4024,4.7863,-4.9950,4.2808,-0.3735,-1.8280,-2.1824,-1.9502,1.4246,0.2340,3.1887,1.3336,-18.2441,2.0955,-3.9482,-0.1091,0.0358,4.3543,5.8788,-2.4208,-10.0057,6.4332,-7.7858,-19.0540,9.7559,-6.3648,-6.2677,-4.4775,-5.2210,-7.1709,-6.6109,6.7545,1.5542,2.4818,1.8974,2.4670,-7.1215,7.3174,1.2924,-2.1611,-5.6450,2.2221,-0.3686,2.4678,-3.6171,11.3658,-1.0118,2.8136,-12.9608,-13.3127,0.9816,-1.9124,-1.4956,-6.7792,3.6282,-6.7326,-0.7207,-5.7772,5.6498,-20.9661,-1.8440,-4.2398,-2.7030,2.3166,9.1758,13.9707,2.4572,-3.9101,-1.5629,-4.9890,3.9320,2.7714,1.0966,-3.2653,-5.0524,12.1890,-5.8127,-1.5457,-4.1180,-9.6790,-9.7571,-2.3488,-20.7973,5.6431,-0.3915,-8.2274,5.9785,2.2917,-9.7717,-6.6487,14.5298,-4.0042,-4.2899,0.1946,6.5602,-6.5408,2.8386,5.2321,8.0800,-10.2257,-1.8283,9.5262,-1.4857,-4.2781,1.8032,6.9965,-15.0708,4.4338,13.1251,-0.4829,11.3401,-4.7995,4.7141,-0.0746,1.5204,1.1401,-11.6414,0.2248,-4.9091,4.2464,-8.6251,3.5839,-4.5421,3.9165,-7.1566,9.0478,-10.2403,-18.9375,7.7003,-3.8813,2.9332,0.0418,-14.0321,-8.3054,9.7089,9.9434,11.4806
-13.2382,-3.6260,-1.0265,2.6544,1.4552,18.5829,19.3503,-4.8039,-8.5443,-2.2464,-3.2864,-4.3552,6.7347,-4.9036,-3.9425,1.5593,-3.9759,4.8232,7.6470,6.6862,-3.5092,4.4796,2.7264,1.6352,3.8797,2.6598,21.1889,13.0215,-2.9352,-6.8554,12.6796,-1.7707,-20.4299,6.1505,1.9216,3.1568,-0.5322,7.8843,-4.7604,-1.9806,3.9876,4.6580,0.1392,2.7836,6.9776,-4.4834,-1.7216,-5.2857,-5.1192,1.9839,-2.6446,2.9710,-10.4401,-0.5742,12.9697,-6.1303,4.8783,3.2499,-5.8701,-2.1894,1.3283,-3.2211,-0.7993,13.4217,-1.0586,8.3598,-2.0369,-6.0111,2.1663,0.2835,-1.0272,1.2086,-4.2325,-3.3174,5.5136,0.8710,-6.8767,1.0043,-8.5669,-2.1576,-1.0840,0.8014,-2.3946,4.8383,6.5506,-4.9154,8.0687,13.7031,-5.0408,12.5415,-1.1535,2.8036,-0.3767,10.0277,8.2277,4.5045,-2.2453,-3.1783,7.7219,7.8874,3.3137,7.3998,7.1839,-7.1627,3.5770,1.6442,-2.2251,8.2925,9.4948,-3.8243,1.0849,-2.2859,-7.6115,-10.1480,9.7713,-9.4533,-2.3737,-5.8945,-2.5349,-4.4024,4.7863,-4.9950,4.2808,-0.3735,-1.8280,-2.1824,-1.9502,1.4246,0.2340,3.1887,1.3336,-18.2441,2.0955,-3.9482,-0.1091,0.0358,4.3543,5.8788,-2.4208,-10.0057,6.4332,-7.7858,-19.0540,9.7559,-6.3648,-6.2677,-4.4775,-5.2210,-7.1709,-6.6109,6.7545,1.5542,2.4818,1.8974,2.4670,-7.1215,7.3174,1.2924,-2.1611,-5.6450,2.2221,-0.3686,2.4678,-3.6171,11.3658,-1.0118,2.8136,-12.9608,-13.3127,0.9816,-1.9124,-1.4956,-6.7792,3.6282,-6.7326,-0.7207,-5.7772,5.6498,-20.9661,-1.8440,-4.2398,-2.7030,2.3166,9.1758,13.9707,2.4572,-3.9101,-1.5629,-4.9890,3.9320,2.7714,1.0966,-3.2653,-5.0524,12.1890,-5.8127,-1.5457,-4.1180,-9.6790,-9.7571,-2.3488,-20.7973,5.6431,-0.3915,-8.2274,5.9785,2.2917,-9.7717,-6.6487,14.5298,-4.0042,-4.2899,0.1946,6.5602,-6.5408,2.8386,5.2321,8.0800,-10.2257,-1.8283,9.5262,-1.4857,-4.2781,1.8032,6.9965,-15.0708,4.4338,13.1251,-0.4829,11.3401,-4.7995,4.7141,-0.0746,1.5204,1.1401,-11.6414,0.2248,-4.9091,4.2464,-8.6251,3.5839,-4.5421,3.9165,-7.1566,9.0478,-10.2403,-18.9375,7.7003,-3.8813,2.9332,0.0418,-14.0321,-8.3054,9.7089,9.9434,11.4806
-9.2319,-5.1898,8.2677,-0.4705,2.2921,7.9448,4.9728,-13.5677,-6.3975,-1.9677,-1.8598,-1.5317,6.6123,3.1986,2.7091,6.4218,-0.8079,-2.4212,-2.0449,-4.5425,7.9368,12.0000,0.5128,-2.7217,0.1785,-9.7820,4.7605,5.0783,4.0252,2.3409,2.3741,-8.2072,-17.2404,-0.1860,13.9344,-3.0179,-4.1634,17.3173,-0.7607,-9.7224,-8.4957,1.0384,7.7243,-2.9099,-6.2991,6.8393,-6.6675,7.8992,3.9121,1.6253,-7.4505,-11.8914,-5.0953,0.9905,-1.6882,-4.8955,7.8399,18.5079,-4.4182,-11.9240,1.9535,12.1919,-4.3561,10.3880,0.2386,-7.5853,-15.9971,2.2239,7.3346,13.4409,-10.6997,-0.6092,-6.4085,8.9474,4.8900,1.2798,-4.9947,-10.2648,-1.3529,-5.0824,-9.3322,2.4314,-0.0912,-3.1070,-1.8068,-6.1216,3.2350,10.9385,5.1116,-2.8641,12.0579,0.4062,8.3504,-4.9937,5.9892,-2.1767,-8.7631,-6.1554,-5.0550,-1.1087,3.5971,-6.5774,-7.5109,-14.0562,-0.1646,7.1194,-6.7916,-2.6060,7.8983,0.9787,-3.6716,6.4475,4.9466,-4.5837,7.3951,-6.8927,4.3592,2.2130,-5.3177,0.1242,8.2815,-4.2534,-3.9551,-2.8673,-3.7693,-11.7530,1.4533,-0.3393,-7.3237,-9.0884,-9.4507,-2.4987,8.6552,0.7138,-8.4078,-1.5070,-4.3163,-4.8458,3.2889,0.0509,-6.8116,0.5313,-8.9403,10.9719,-0.0432,6.8665,-2.2354,12.6763,3.3549,-8.8365,-2.5772,8.0362,-9.9111,11.1761,-10.7885,0.0198,6.7249,-1.6693,-0.1886,-3.0301,-4.4749,4.3432,-13.1382,4.9393,1.0225,-7.4844,-2.0631,10.4359,4.0666,6.0357,-7.4185,10.8722,-6.4989,-7.5047,4.7171,-15.5257,10.0167,4.1042,-6.2521,3.1805,3.9871,8.5687,-0.5796,3.3771,2.6543,3.6234,4.1309,-2.0565,14.5891,5.9735,-11.5193,-5.9882,-5.9617,12.4986,5.1507,-1.9536,5.1895,-2.1605,-6.9481,-6.7469,7.5044,-16.2580,-1.7763,1.0071,-1.3481,3.3713,-14.6772,-0.8154,-2.0339,5.0204,6.4877,-5.4418,-13.0589,5.2748,-1.3332,-1.4805,-14.5288,-0.7606,-9.0435,1.7108,2.8869,3.6347,-0.6786,-12.2307,-6.9052,-13.5502,3.8172,12.6634,4.3195,12.7185,10.4156,4.7314,8.8682,-6.0110,-4.5886,-9.5744,12.7004,-15.1610,-4.6085,0.9216,-5.8506,-11.6882,6.1979,2.5910,-2.7920,-5.6582,-10.9808,-7.0087,-1.5882,14.4896,6.7446,7.0634,-0.6987,2.2781,0.6353,13.1763
-9.2319,-5.1898,8.2677,-0.4705,2.2921,7.9448,4.9728,-13.5677,-6.3975,-1.9677,-1.8598,-1.5317,6.6123,3.1986,2.7091,6.4218,-0.8079,-2.4212,-2.0449,-4.5425,7.9368,12.0000,0.5128,-2.7217,0.1785,-9.7820,4.7605,5.0783,4.0252,2.3409,2.3741,-8.2072,-17.2404,-0.1860,13.9344,-3.0179,-4.1634,17.3173,-0.7607,-9.7224,-8.4957,1.0384,7.7243,-2.9099,-6.2991,6.8393,-6.6675,7.8992,3.9121,1.6253,-7.4505,-11.8914,-5.0953,0.9905,-1.6882,-4.8955,7.8399,18.5079,-4.4182,-11.9240,1.9535,12.1919,-4.3561,10.3880,0.2386,-7.5853,-15.9971,2.2239,7.3346,13.4409,-10.6997,-0.6092,-6.4085,8.9474,4.8900,1.2798,-4.9947,-10.2648,-1.3529,-5.0824,-9.3322,2.4314,-0.0912,-3.1070,-1.8068,-6.1216,3.2350,10.9385,5.1116,-2.8641,12.0579,0.4062,8.3504,-4.9937,5.9892,-2.1767,-8.7631,-6.1554,-5.0550,-1.1087,3.5971,-6.5774,-7.5109,-14.0562,-0.1646,7.1194,-6.7916,-2.6060,7.8983,0.9787,-3.6716,6.4475,4.9466,-4.5837,7.3951,-6.8927,4.3592,2.2130,-5.3177,0.1242,8.2815,-4.2534,-3.9551,-2.8673,-3.7693,-11.7530,1.4533,-0.3393,-7.3237,-9.0884,-9.4507,-2.4987,8.6552,0.7138,-8.4078,-1.5070,-4.3163,-4.8458,3.2889,0.0509,-6.8116,0.5313,-8.9403,10.9719,-0.0432,6.8665,-2.2354,12.6763,3.3549,-8.8365,-2.5772,8.0362,-9.9111,11.1761,-10.7885,0.0198,6.7249,-1.6693,-0.1886,-3.0301,-4.4749,4.3432,-13.1382,4.9393,1.0225,-7.4844,-2.0631,10.4359,4.0666,6.0357,-7.4185,10.8722,-6.4989,-7.5047,4.7171,-15.5257,10.0167,4.1042,-6.2521,3.1805,3.9871,8.5687,-0.5796,3.3771,2.6543,3.6234,4.1309,-2.0565,14.5891,5.9735,-11.5193,-5.9882,-5.9617,12.4986,5.1507,-1.9536,5.1895,-2.1605,-6.9481,-6.7469,7.5044,-16.2580,-1.7763,1.0071,-1.3481,3.3713,-14.6772,-0.8154,-2.0339,5.0204,6.4877,-5.4418,-13.0589,5.2748,-1.3332,-1.4805,-14.5288,-0.7606,-9.0435,1.7108,2.8869,3.6347,-0.6786,-12.2307,-6.9052,-13.5502,3.8172,12.6634,4.3195,12.7185,10.4156,4.7314,8.8682,-6.0110,-4.5886,-9.5744,12.7004,-15.1610,-4.6085,0.9216,-5.8506,-11.6882,6.1979,2.5910,-2.7920,-5.6582,-10.9808,-7.0087,-1.5882,14.4896,6.7446,7.0634,-0.6987,2.2781,0.6353,13.1763
-9.2319,-5.1898,8.2677,-0.4705,2.2921,7.9448,4.9728,-13.5677,-6.3975,-1.9677,-1.8598,-1.5317,6.6123,3.1986,2.7091,6.4218,-0.8079,-2.4212,-2.0449,-4.5425,7.9368,12.0000,0.5128,-2.7217,0.1785,-9.7820,4.7605,5.0783,4.0252,2.3409,2.3741,-8.2072,-17.2404,-0.1860,13.9344,-3.0179,-4.1634,17.3173,-0.7607,-9.7224,-8.4957,1.0384,7.7243,-2.9099,-6.2991,6.8393,-6.6675,7.8992,3.9121,1.6253,-7.4505,-11.8914,-5.0953,0.9905,-1.6882,-4.8955,7.8399,18.5079,-4.4182,-11.9240,1.9535,12.1919,-4.3561,10.3880,0.2386,-7.5853,-15.9971,2.2239,7.3346,13.4409,-10.6997,-0.6092,-6.4085,8.9474,4.8900,1.2798,-4.9947,-10.2648,-1.3529,-5.0824,-9.3322,2.4314,-0.0912,-3.1070,-1.8068,-6.1216,3.2350,10.9385,5.1116,-2.8641,12.0579,0.4062,8.3504,-4.9937,5.9892,-2.1767,-8.7631,-6.1554,-5.0550,-1.1087,3.5971,-6.5774,-7.5109,-14.0562,-0.1646,7.1194,-6.7916,-2.6060,7.8983,0.9787,-3.6716,6.4475,4.9466,-4.5837,7.3951,-6.8927,4.3592,2.2130,-5.3177,0.1242,8.2815,-4.2534,-3.9551,-2.8673,-3.7693,-11.7530,1.4533,-0.3393,-7.3237,-9.0884,-9.4507,-2.4987,8.6552,0.7138,-8.4078,-1.5070,-4.3163,-4.8458,3.2889,0.0509,-6.8116,0.5313,-8.9403,10.9719,-0.0432,6.8665,-2.2354,12.6763,3.3549,-8.8365,-2.5772,8.0362,-9.9111,11.1761,-10.7885,0.0198,6.7249,-1.6693,-0.1886,-3.0301,-4.4749,4.3432,-13.1382,4.9393,1.0225,-7.4844,-2.0631,10.4359,4.0666,6.0357,-7.4185,10.8722,-6.4989,-7.5047,4.7171,-15.5257,10.0167,4.1042,-6.2521,3.1805,3.9871,8.5687,-0.5796,3.3771,2.6543,3.6234,4.1309,-2.0565,14.5891,5.9735,-11.5193,-5.9882,-5.9617,12.4986,5.1507,-1.9536,5.1895,-2.1605,-6.9481,-6.7469,7.5044,-16.2580,-1.7763,1.0071,-1.3481,3.3713,-14.6772,-0.8154,-2.0339,5.0204,6.4877,-5.4418,-13.0589,5.2748,-1.3332,-1.4805,-14.5288,-0.7606,-9.0435,1.7108,2.8869,3.6347,-0.6786,-12.2307,-6.9052,-13.5502,3.8172,12.6634,4.3195,12.7185,10.4156,4.7314,8.8682,-6.0110,-4.5886,-9.5744,12.7004,-15.1610,-4.6085,0.9216,-5.8506,-11.6882,6.1979,2.5910,-2.7920,-5.6582,-10.9808,-7.0087,-1.5882,14.4896,6.7446,7.0634,-0.6987,2.2781,0.6353,13.1763
-9.2319,-5.1898,8.2677,-0.4705,2.2921,7.9448,4.9728,-13.5677,-6.3975,-1.9677,-1.8598,-1.5317,6.6123,3.1986,2.7091,6.4218,-0.8079,-2.4212,-2.0449,-4.5425,7.9368,12.0000,0.5128,-2.7217,0.1785,-9.7820,4.7605,5.0783,4.0252,2.3409,2.3741,-8.2072,-17.2404,-0.1860,13.9344,-3.0179,-4.1634,17.3173,-0.7607,-9.7224,-8.4957,1.0384,7.7243,-2.9099,-6.2991,6.8393,-6.6675,7.8992,3.9121,1.6253,-7.4505,-11.8914,-5.0953,0.9905,-1.6882,-4.8955,7.8399,18.5079,-4.4182,-11.9240,1.9535,12.1919,-4.3561,10.3880,0.2386,-7.5853,-15.9971,2.2239,7.3346,13.4409,-10.6997,-0.6092,-6.4085,8.9474,4.8900,1.2798,-4.9947,-10.2648,-1.3529,-5.0824,-9.3322,2.4314,-0.0912,-3.1070,-1.8068,-6.1216,3.2350,10.9385,5.1116,-2.8641,12.0579,0.4062,8.3504,-4.9937,5.9892,-2.1767,-8.7631,-6.1554,-5.0550,-1.1087,3.5971,-6.5774,-7.5109,-14.0562,-0.1646,7.1194,-6.7916,-2.6060,7.8983,0.9787,-3.6716,6.4475,4.9466,-4.5837,7.3951,-6.8927,4.3592,2.2130,-5.3177,0.1242,8.2815,-4.2534,-3.9551,-2.8673,-3.7693,-11.7530,1.4533,-0.3393,-7.3237,-9.0884,-9.4507,-2.4987,8.6552,0.7138,-8.4078,-1.5070,-4.3163,-4.8458,3.2889,0.0509,-6.8116,0.5313,-8.9403,10.9719,-0.0432,6.8665,-2.2354,12.6763,3.3549,-8.8365,-2.5772,8.0362,-9.9111,11.1761,-10.7885,0.0198,6.7249,-1.6693,-0.1886,-3.0301,-4.4749,4.3432,-13.1382,4.9393,1.0225,-7.4844,-2.0631,10.4359,4.0666,6.0357,-7.4185,10.8722,-6.4989,-7.5047,4.7171,-15.5257,10.0167,4.1042,-6.2521,3.1805,3.9871,8.5687,-0.5796,3.3771,2.6543,3.6234,4.1309,-2.0565,14.5891,5.9735,-11.5193,-5.9882,-5.9617,12.4986,5.1507,-1.9536,5.1895,-2.1605,-6.9481,-6.7469,7.5044,-16.2580,-1.7763,1.0071,-1.3481,3.3713,-14.6772,-0.8154,-2.0339,5.0204,6.4877,-5.4418,-13.0589,5.2748,-1.3332,-1.4805,-14.5288,-0.7606,-9.0435,1.7108,2.8869,3.6347,-0.6786,-12.2307,-6.9052,-13.5502,3.8172,12.6634,4.3195,12.7185,10.4156,4.7314,8.8682,-6.0110,-4.5886,-9.5744,12.7004,-15.1610,-4.6085,0.9216,-5.8506,-11.6882,6.1979,2.5910,-2.7920,-5.6582,-10.9808,-7.0087,-1.5882,14.4896,6.7446,7.0634,-0.6987,2.2781,0.6353,13.1763
0.1737,-7.1941,1.7072,8.6068,5.6285,0.2984,13.7910,-4.3110,-2.4112,3.1843,-0.8150,7.2419,-3.7498,7.6149,-6.2599,-2.0868,0.0257,-0.4893,0.9945,-8.4924,3.0619,-3.0374,-2.9604,2.0590,-4.6098,0.5605,5.4613,-2.2102,0.6211,-0.1581,3.3696,0.4466,-6.4083,3.9978,13.7267,2.9333,1.8573,12.4742,3.2734,-0.6071,0.1298,4.3845,1.7304,5.9626,-6.9246,1.9162,-1.8212,1.1874,6.4791,2.0805,-0.3460,-0.4300,-1.7529,-4.9248,-3.1359,3.0652,5.1089,11.5844,3.2857,-6.6152,2.9893,2.1428,-5.2351,1.4726,-0.5734,2.4845,-13.9384,-4.4361,-5.0867,3.6921,3.8481,3.8587,-1.0841,2.4818,-3.1236,4.7067,-7.8017,-2.8088,0.0652,1.8898,2.8186,-0.4095,-4.4224,-4.0584,5.1240,-8.5420,-0.4828,2.7177,-3.6641,1.4541,0.6203,9.0616,-3.1782,-7.4532,0.5525,7.8889,8.0827,-2.3317,0.9890,-5.7211,3.0395,-0.6556,0.8492,-2.4371,-3.2963,-3.9925,-7.4436,6.0978,-0.1738,8.5919,-0.2885,4.0871,0.0788,1.8707,-0.5762,-10.6234,-4.0998,-2.6416,0.5223,-0.4491,2.6359,3.3492,1.3981,-8.5365,-3.4477,-1.3242,5.9627,-5.8764,-5.1825,-2.0231,-1.9440,-11.2922,3.4102,-2.7887,-7.4125,4.1386,-3.2902,-4.1902,-2.5493,-0.7900,-2.4842,-2.3059,-6.2587,1.8320,-0.9434,2.8839,4.1716,-0.7659,1.6401,-7.1798,3.9890,-0.9988,-0.6234,-3.9198,0.8455,0.1533,1.1041,-4.4479,0.5039,0.7576,-4.0867,4.5087,-2.8617,-3.3220,8.3849,-7.8214,-3.4929,-7.4185,-6.4039,11.7015,-6.9555,-2.3857,7.2105,-1.7122,7.1647,4.1543,-0.8188,-6.8407,-8.6117,-7.7247,-0.7530,4.8652,-8.1112,2.1939,0.5753,-1.8040,4.8701,2.6895,-0.0045,-4.8175,-3.9738,-0.9373,-6.5325,-0.2437,-3.7322,1.4109,0.4783,-0.9622,-7.0030,-15.4145,-3.5050,-12.9780,6.4019,-3.0141,2.5901,-0.2719,-5.8935,-5.9277,3.3690,-4.5654,-4.0149,-5.3721,-0.2908,-3.9446,2.9043,-3.6332,-6.6837,-3.6369,8.1024,1.9286,3.5274,-7.2971,4.0079,-7.5367,2.9409,-8.0130,13.8327,3.5033,7.2735,7.5435,-0.0721,7.4688,4.1453,-6.6437,-2.0278,-2.9194,9.8526,-6.1716,0.1235,-6.9108,3.5770,-6.2937,-5.6975,2.7877,-10.0640,-3.3894,-0.7209,-5.0272,8.2513,-1.2915,8.9975,-0.9573,-0.9809,0.0384,-1.2856,-1.0071
0.1737,-7.1941,1.7072,8.6068,5.6285,0.2984,13.7910,-4.3110,-2.4112,3.1843,-0.8150,7.2419,-3.7498,7.6149,-6.2599,-2.0868,0.0257,-0.4893,0.9945,-8.4924,3.0619,-3.0374,-2.9604,2.0590,-4.6098,0.5605,5.4613,-2.2102,0.6211,-0.1581,3.3696,0.4466,-6.4083,3.9978,13.7267,2.9333,1.8573,12.4742,3.2734,-0.6071,0.1298,4.3845,1.7304,5.9626,-6.9246,1.9162,-1.8212,1.1874,6.4791,2.0805,-0.3460,-0.4300,-1.7529,-4.9248,-3.1359,3.0652,5.1089,11.5844,3.2857,-6.6152,2.9893,2.1428,-5.2351,1.4726,-0.5734,2.4845,-13.9384,-4.4361,-5.0867,3.6921,3.8481,3.8587,-1.0841,2.4818,-3.1236,4.7067,-7.8017,-2.8088,0.0652,1.8898,2.8186,-0.4095,-4.4224,-4.0584,5.1240,-8.5420,-0.4828,2.7177,-3.6641,1.4541,0.6203,9.0616,-3.1782,-7.4532,0.5525,7.8889,8.0827,-2.3317,0.9890,-5.7211,3.0395,-0.6556,0.8492,-2.4371,-3.2963,-3.9925,-7.4436,6.0978,-0.1738,8.5919,-0.2885,4.0871,0.0788,1.8707,-0.5762,-10.6234,-4.0998,-2.6416,0.5223,-0.4491,2.6359,3.3492,1.3981,-8.5365,-3.4477,-1.3242,5.9627,-5.8764,-5.1825,-2.0231,-1.9440,-11.2922,3.4102,-2.7887,-7.4125,4.1386,-3.2902,-4.1902,-2.5493,-0.7900,-2.4842,-2.3059,-6.2587,1.8320,-0.9434,2.8839,4.1716,-0.7659,1.6401,-7.1798,3.9890,-0.9988,-0.6234,-3.9198,0.8455,0.1533,1.1041,-4.4479,0.5039,0.7576,-4.0867,4.5087,-2.8617,-3.3220,8.3849,-7.8214,-3.4929,-7.4185,-6.4039,11.7015,-6.9555,-2.3857,7.2105,-1.7122,7.1647,4.1543,-0.8188,-6.8407,-8.6117,-7.7247,-0.7530,4.8652,-8.1112,2.1939,0.5753,-1.8040,4.8701,2.6895,-0.0045,-4.8175,-3.9738,-0.9373,-6.5325,-0.2437,-3.7322,1.4109,0.4783,-0.9622,-7.0030,-15.4145,-3.5050,-12.9780,6.4019,-3.0141,2.5901,-0.2719,-5.8935,-5.9277,3.3690,-4.5654,-4.0149,-5.3721,-0.2908,-3.9446,2.9043,-3.6332,-6.6837,-3.6369,8.1024,1.9286,3.5274,-7.2971,4.0079,-7.5367,2.9409,-8.0130,13.8327,3.5033,7.2735,7.5435,-0.0721,7.4688,4.1453,-6.6437,-2.0278,-2.9194,9.8526,-6.1716,0.1235,-6.9108,3.5770,-6.2937,-5.6975,2.7877,-10.0640,-3.3894,-0.7209,-5.0272,8.2513,-1.2915,8.9975,-0.9573,-0.9809,0.0384,-1.2856,-1.0071
0.1737,-7.1941,1.7072,8.6068,5.6285,0.2984,13.7910,-4.3110,-2.4112,3.1843,-0.8150,7.2419,-3.7498,7.6149,-6.2599,-2.0868,0.0257,-0.4893,0.9945,-8.4924,3.0619,-3.0374,-2.9604,2.0590,-4.6098,0.5605,5.4613,-2.2102,0.6211,-0.1581,3.3696,0.4466,-6.4083,3.9978,13.7267,2.9333,1.8573,12.4742,3.2734,-0.6071,0.1298,4.3845,1.7304,5.9626,-6.9246,1.9162,-1.8212,1.1874,6.4791,2.0805,-0.3460,-0.4300,-1.7529,-4.9248,-3.1359,3.0652,5.1089,11.5844,3.2857,-6.6152,2.9893,2.1428,-5.2351,1.4726,-0.5734,2.4845,-13.9384,-4.4361,-5.0867,3.6921,3.8481,3.8587,-1.0841,2.4818,-3.1236,4.7067,-7.8017,-2.8088,0.0652,1.8898,2.8186,-0.4095,-4.4224,-4.0584,5.1240,-8.5420,-0.4828,2.7177,-3.6641,1.4541,0.6203,9.0616,-3.1782,-7.4532,0.5525,7.8889,8.0827,-2.3317,0.9890,-5.7211,3.0395,-0.6556,0.8492,-2.4371,-3.2963,-3.9925,-7.4436,6.0978,-0.1738,8.5919,-0.2885,4.0871,0.0788,1.8707,-0.5762,-10.6234,-4.0998,-2.6416,0.5223,-0.4491,2.6359,3.3492,1.3981,-8.5365,-3.4477,-1.3242,5.9627,-5.8764,-5.1825,-2.0231,-1.9440,-11.2922,3.4102,-2.7887,-7.4125,4.1386,-3.2902,-4.1902,-2.5493,-0.7900,-2.4842,-2.3059,-6.2587,1.8320,-0.9434,2.8839,4.1716,-0.7659,1.6401,-7.1798,3.9890,-0.9988,-0.6234,-3.9198,0.8455,0.1533,1.1041,-4.4479,0.5039,0.7576,-4.0867,4.5087,-2.8617,-3.3220,8.3849,-7.8214,-3.4929,-7.4185,-6.4039,11.7015,-6.9555,-2.3857,7.2105,-1.7122,7.1647,4.1543,-0.8188,-6.8407,-8.6117,-7.7247,-0.7530,4.8652,-8.1112,2.1939,0.5753,-1.8040,4.8701,2.6895,-0.0045,-4.8175,-3.9738,-0.9373,-6.5325,-0.2437,-3.7322,1.4109,0.4783,-0.9622,-7.0030,-15.4145,-3.5050,-12.9780,6.4019,-3.0141,2.5901,-0.2719,-5.8935,-5.9277,3.3690,-4.5654,-4.0149,-5.3721,-0.2908,-3.9446,2.9043,-3.6332,-6.6837,-3.6369,8.1024,1.9286,3.5274,-7.2971,4.0079,-7.5367,2.9409,-8.0130,13.8327,3.5033,7.2735,7.5435,-0.0721,7.4688,4.1453,-6.6437,-2.0278,-2.9194,9.8526,-6.1716,0.1235,-6.9108,3.5770,-6.2937,-5.6975,2.7877,-10.0640,-3.3894,-0.7209,-5.0272,8.2513,-1.2915,8.9975,-0.9573,-0.9809,0.0384,-1.2856,-1.0071
0.1737,-7.1941,1.7072,8.6068,5.6285,0.2984,13.7910,-4.3110,-2.4112,3.1843,-0.8150,7.2419,-3.7498,7.6149,-6.2599,-2.0868,0.0257,-0.4893,0.9945,-8.4924,3.0619,-3.0374,-2.9604,2.0590,-4.6098,0.5605,5.4613,-2.2102,0.6211,-0.1581,3.3696,0.4466,-6.4083,3.9978,13.7267,2.9333,1.8573,12.4742,3.2734,-0.6071,0.1298,4.3845,1.7304,5.9626,-6.9246,1.9162,-1.8212,1.1874,6.4791,2.0805,-0.3460,-0.4300,-1.7529,-4.9248,-3.1359,3.0652,5.1089,11.5844,3.2857,-6.6152,2.9893,2.1428,-5.2351,1.4726,-0.5734,2.4845,-13.9384,-4.4361,-5.0867,3.6921,3.8481,3.8587,-1.0841,2.4818,-3.1236,4.7067,-7.8017,-2.8088,0.0652,1.8898,2.8186,-0.4095,-4.4224,-4.0584,5.1240,-8.5420,-0.4828,2.7177,-3.6641,1.4541,0.6203,9.0616,-3.1782,-7.4532,0.5525,7.8889,8.0827,-2.3317,0.9890,-5.7211,3.0395,-0.6556,0.8492,-2.4371,-3.2963,-3.9925,-7.4436,6.0978,-0.1738,8.5919,-0.2885,4.0871,0.0788,1.8707,-0.5762,-10.6234,-4.0998,-2.6416,0.5223,-0.4491,2.6359,3.3492,1.3981,-8.5365,-3.4477,-1.3242,5.9627,-5.8764,-5.1825,-2.0231,-1.9440,-11.2922,3.4102,-2.7887,-7.4125,4.1386,-3.2902,-4.1902,-2.5493,-0.7900,-2.4842,-2.3059,-6.2587,1.8320,-0.9434,2.8839,4.1716,-0.7659,1.6401,-7.1798,3.9890,-0.9988,-0.6234,-3.9198,0.8455,0.1533,1.1041,-4.4479,0.5039,0.7576,-4.0867,4.5087,-2.8617,-3.3220,8.3849,-7.8214,-3.4929,-7.4185,-6.4039,11.7015,-6.9555,-2.3857,7.2105,-1.7122,7.1647,4.1543,-0.8188,-6.8407,-8.6117,-7.7247,-0.7530,4.8652,-8.1112,2.1939,0.5753,-1.8040,4.8701,2.6895,-0.0045,-4.8175,-3.9738,-0.9373,-6.5325,-0.2437,-3.7322,1.4109,0.4783,-0.9622,-7.0030,-15.4145,-3.5051,-12.9780,6.4019,-3.0141,2.5901,-0.2719,-5.8935,-5.9277,3.3690,-4.5654,-4.0149,-5.3721,-0.2908,-3.9446,2.9043,-3.6332,-6.6837,-3.6369,8.1024,1.9286,3.5274,-7.2971,4.0079,-7.5367,2.9409,-8.0130,13.8327,3.5033,7.2735,7.5435,-0.0721,7.4688,4.1453,-6.6437,-2.0278,-2.9194,9.8526,-6.1716,0.1235,-6.9108,3.5770,-6.2937,-5.6975,2.7877,-10.0640,-3.3894,-0.7209,-5.0272,8.2513,-1.2915,8.9975,-0.9573,-0.9809,0.0384,-1.2856,-1.0071
0.1737,-7.1941,1.7072,8.6068,5.6285,0.2984,13.7910,-4.3110,-2.4112,3.1843,-0.8150,7.2419,-3.7498,7.6149,-6.2599,-2.0868,0.0257,-0.4893,0.9945,-8.4924,3.0619,-3.0374,-2.9604,2.0590,-4.6098,0.5605,5.4613,-2.2102,0.6211,-0.1581,3.3696,0.4466,-6.4083,3.9978,13.7267,2.9333,1.8573,12.4742,3.2734,-0.6071,0.1298,4.3845,1.7304,5.9626,-6.9246,1.9162,-1.8212,1.1874,6.4791,2.0805,-0.3460,-0.4300,-1.7529,-4.9248,-3.1359,3.0652,5.1089,11.5844,3.2857,-6.6152,2.9893,2.1428,-5.2351,1.4726,-0.5734,2.4845,-13.9384,-4.4361,-5.0867,3.6921,3.8481,3.8587,-1.0841,2.4818,-3.1236,4.7067,-7.8017,-2.8088,0.0652,1.8898,2.8186,-0.4095,-4.4224,-4.0584,5.1240,-8.5420,-0.4828,2.7177,-3.6641,1.4541,0.6203,9.0616,-3.1782,-7.4532,0.5525,7.8889,8.0827,-2.3317,0.9890,-5.7211,3.0395,-0.6556,0.8492,-2.4371,-3.2963,-3.9925,-7.4436,6.0978,-0.1738,8.5919,-0.2885,4.0871,0.0788,1.8707,-0.5762,-10.6234,-4.0998,-2.6416,0.5223,-0.4491,2.6359,3.3492,1.3981,-8.5365,-3.4477,-1.3242,5.9627,-5.8764,-5.1825,-2.0231,-1.9440,-11.2922,3.4102,-2.7887,-7.4125,4.1386,-3.2902,-4.1902,-2.5493,-0.7900,-2.4842,-2.3059,-6.2587,1.8320,-0.9434,2.8839,4.1716,-0.7659,1.6401,-7.1798,3.9890,-0.9988,-0.6234,-3.9198,0.8455,0.1533,1.1041,-4.4479,0.5039,0.7576,-4.0867,4.5087,-2.8617,-3.3220,8.3849,-7.8214,-3.4929,-7.4185,-6.4039,11.7015,-6.9555,-2.3857,7.2105,-1.7122,7.1647,4.1543,-0.8188,-6.8407,-8.6117,-7.7247,-0.7530,4.8652,-8.1112,2.1939,0.5753,-1.8040,4.8701,2.6895,-0.0045,-4.8175,-3.9738,-0.9373,-6.5325,-0.2437,-3.7322,1.4109,0.4783,-0.9622,-7.0030,-15.4145,-3.5050,-12.9780,6.4019,-3.0141,2.5901,-0.2719,-5.8935,-5.9277,3.3690,-4.5654,-4.0149,-5.3721,-0.2908,-3.9446,2.9043,-3.6332,-6.6837,-3.6369,8.1024,1.9286,3.5274,-7.2971,4.0079,-7.5367,2.9409,-8.0130,13.8327,3.5033,7.2735,7.5435,-0.0721,7.4688,4.1453,-6.6437,-2.0278,-2.9194,9.8526,-6.1716,0.1235,-6.9108,3.5770,-6.2937,-5.6975,2.7877,-10.0640,-3.3894,-0.7209,-5.0272,8.2513,-1.2915,8.9975,-0.9573,-0.9809,0.0384,-1.2856,-1.0071
0.1737,-7.1941,1.7072,8.6068,5.6285,0.2984,13.7910,-4.3110,-2.4112,3.1843,-0.8150,7.2419,-3.7498,7.6149,-6.2599,-2.0868,0.0257,-0.4893,0.9945,-8.4924,3.0619,-3.0374,-2.9604,2.0590,-4.6098,0.5605,5.4613,-2.2102,0.6211,-0.1581,3.3696,0.4466,-6.4083,3.9978,13.7267,2.9333,1.8573,12.4742,3.2734,-0.6071,0.1298,4.3845,1.7304,5.9626,-6.9246,1.9162,-1.8212,1.1874,6.4791,2.0805,-0.3460,-0.4300,-1.7529,-4.9248,-3.1359,3.0652,5.1089,11.5844,3.2857,-6.6152,2.9893,2.1428,-5.2351,1.4726,-0.5734,2.4845,-13.9384,-4.4361,-5.0867,3.6921,3.8481,3.8587,-1.0841,2.4818,-3.1236,4.7067,-7.8017,-2.8088,0.0652,1.8898,2.8186,-0.4095,-4.4224,-4.0584,5.1240,-8.5420,-0.4828,2.7177,-3.6641,1.4541,0.6203,9.0616,-3.1782,-7.4532,0.5525,7.8889,8.0827,-2.3317,0.9890,-5.7211,3.0395,-0.6556,0.8492,-2.4371,-3.2963,-3.9925,-7.4436,6.0978,-0.1738,8.5919,-0.2885,4.0871,0.0788,1.8707,-0.5762,-10.6234,-4.0998,-2.6416,0.5223,-0.4491,2.6359,3.3492,1.3981,-8.5365,-3.4477,-1.3242,5.9627,-5.8764,-5.1825,-2.0231,-1.9440,-11.2922,3.4102,-2.7887,-7.4125,4.1386,-3.2902,-4.1902,-2.5493,-0.7900,-2.4842,-2.3059,-6.2587,1.8320,-0.9434,2.8839,4.1716,-0.7659,1.6401,-7.1798,3.9890,-0.9988,-0.6234,-3.9198,0.8455,0.1533,1.1041,-4.4479,0.5039,0.7576,-4.0867,4.5087,-2.8617,-3.3220,8.3849,-7.8214,-3.4929,-7.4185,-6.4039,11.7015,-6.9555,-2.3857,7.2105,-1.7122,7.1647,4.1543,-0.8188,-6.8407,-8.6117,-7.7247,-0.7530,4.8652,-8.1112,2.1939,0.5753,-1.8040,4.8701,2.6895,-0.0045,-4.8175,-3.9738,-0.9373,-6.5325,-0.2437,-3.7322,1.4109,0.4783,-0.9622,-7.0030,-15.4145,-3.5050,-12.9780,6.4019,-3.0141,2.5901,-0.2719,-5.8935,-5.9277,3.3690,-4.5654,-4.0149,-5.3721,-0.2908,-3.9446,2.9043,-3.6332,-6.6837,-3.6369,8.1024,1.9286,3.5274,-7.2971,4.0079,-7.5367,2.9409,-8.0130,13.8327,3.5033,7.2735,7.5435,-0.0721,7.4688,4.1453,-6.6437,-2.0278,-2.9194,9.8526,-6.1716,0.1235,-6.9108,3.5770,-6.2937,-5.6975,2.7877,-10.0640,-3.3894,-0.7209,-5.0272,8.2513,-1.2915,8.9975,-0.9573,-0.9809,0.0384,-1.2856,-1.0071
0.1737,-7.1941,1.7072,8.6068,5.6285,0.2984,13.7910,-4.3110,-2.4112,3.1843,-0.8150,7.2419,-3.7498,7.6149,-6.2599,-2.0868,0.0257,-0.4893,0.9945,-8.4924,3.0619,-3.0374,-2.9604,2.0590,-4.6098,0.5605,5.4613,-2.2102,0.6211,-0.1581,3.3696,0.4466,-6.4083,3.9978,13.7267,2.9333,1.8573,12.4742,3.2734,-0.6071,0.1298,4.3845,1.7304,5.9626,-6.9246,1.9162,-1.8212,1.1874,6.4791,2.0805,-0.3460,-0.4300,-1.7529,-4.9248,-3.1359,3.0652,5.1089,11.5844,3.2857,-6.6152,2.9893,2.1428,-5.2351,1.4726,-0.5734,2.4845,-13.9384,-4.4361,-5.0867,3.6921,3.8481,3.8587,-1.0841,2.4818,-3.1236,4.7067,-7.8017,-2.8088,0.0652,1.8898,2.8186,-0.4095,-4.4224,-4.0584,5.1240,-8.5420,-0.4828,2.7177,-3.6641,1.4541,0.6203,9.0616,-3.1782,-7.4532,0.5525,7.8889,8.0827,-2.3317,0.9890,-5.7211,3.0395,-0.6556,0.8492,-2.4371,-3.2963,-3.9925,-7.4436,6.0978,-0.1738,8.5919,-0.2885,4.0871,0.0788,1.8707,-0.5762,-10.6234,-4.0998,-2.6416,0.5223,-0.4491,2.6359,3.3492,1.3981,-8.5365,-3.4477,-1.3242,5.9627,-5.8764,-5.1825,-2.0231,-1.9440,-11.2922,3.4102,-2.7887,-7.4125,4.1386,-3.2902,-4.1902,-2.5493,-0.7900,-2.4842,-2.3059,-6.2587,1.8320,-0.9434,2.8839,4.1716,-0.7659,1.6401,-7.1798,3.9890,-0.9988,-0.6234,-3.9198,0.8455,0.1533,1.1041,-4.4479,0.5039,0.7576,-4.0867,4.5087,-2.8617,-3.3220,8.3849,-7.8214,-3.4929,-7.4185,-6.4039,11.7015,-6.9555,-2.3857,7.2105,-1.7122,7.1647,4.1543,-0.8188,-6.8407,-8.6117,-7.7247,-0.7530,4.8652,-8.1112,2.1939,0.5753,-1.8040,4.8701,2.6895,-0.0045,-4.8175,-3.9738,-0.9373,-6.5325,-0.2437,-3.7322,1.4109,0.4783,-0.9622,-7.0030,-15.4145,-3.5050,-12.9780,6.4019,-3.0141,2.5901,-0.2719,-5.8935,-5.9277,3.3690,-4.5654,-4.0149,-5.3721,-0.2908,-3.9446,2.9043,-3.6332,-6.6837,-3.6369,8.1024,1.9286,3.5274,-7.2971,4.0079,-7.5367,2.9409,-8.0130,13.8327,3.5033,7.2735,7.5435,-0.0721,7.4688,4.1453,-6.6437,-2.0278,-2.9194,9.8526,-6.1716,0.1235,-6.9108,3.5770,-6.2937,-5.6975,2.7877,-10.0640,-3.3894,-0.7209,-5.0272,8.2513,-1.2915,8.9975,-0.9573,-0.9809,0.0384,-1.2856,-1.0071
0.1737,-7.1941,1.7072,8.6068,5.6285,0.2984,13.7910,-4.3110,-2.4112,3.1843,-0.8150,7.2419,-3.7498,7.6149,-6.2599,-2.0868,0.0257,-0.4893,0.9945,-8.4924,3.0619,-3.0374,-2.9604,2.0590,-4.6098,0.5605,5.4613,-2.2102,0.6211,-0.1581,3.3696,0.4466,-6.4083,3.9978,13.7267,2.9333,1.8573,12.4742,3.2734,-0.6071,0.1298,4.3845,1.7304,5.9626,-6.9246,1.9162,-1.8212,1.1874,6.4791,2.0805,-0.3460,-0.4300,-1.7529,-4.9248,-3.1359,3.0652,5.1089,11.5844,3.2857,-6.6152,2.9893,2.1428,-5.2351,1.4726,-0.5734,2.4845,-13.9384,-4.4361,-5.0867,3.6921,3.8481,3.8587,-1.0841,2.4818,-3.1236,4.7067,-7.8017,-2.8088,0.0652,1.8898,2.8186,-0.4095,-4.4224,-4.0584,5.1240,-8.5420,-0.4828,2.7177,-3.6641,1.4541,0.6203,9.0616,-3.1782,-7.4532,0.5525,7.8889,8.0827,-2.3317,0.9890,-5.7211,3.0395,-0.6556,0.8492,-2.4371,-3.2963,-3.9925,-7.4436,6.0978,-0.1738,8.5919,-0.2885,4.0871,0.0788,1.8707,-0.5762,-10.6234,-4.0998,-2.6416,0.5223,-0.4491,2.6359,3.3492,1.3981,-8.5365,-3.4477,-1.3242,5.9627,-5.8764,-5.1825,-2.0231,-1.9440,-11.2922,3.4102,-2.7887,-7.4125,4.1386,-3.2902,-4.1902,-2.5493,-0.7900,-2.4842,-2.3059,-6.2587,1.8320,-0.9434,2.8839,4.1716,-0.7659,1.6401,-7.1798,3.9890,-0.9988,-0.6234,-3.9198,0.8455,0.1533,1.1041,-4.4479,0.5039,0.7576,-4.0867,4.5087,-2.8617,-3.3220,8.3849,-7.8214,-3.4929,-7.4185,-6.4039,11.7015,-6.9555,-2.3857,7.2105,-1.7122,7.1647,4.1543,-0.8188,-6.8407,-8.6117,-7.7247,-0.7530,4.8652,-8.1112,2.1939,0.5753,-1.8040,4.8701,2.6895,-0.0045,-4.8175,-3.9738,-0.9373,-6.5325,-0.2437,-3.7322,1.4109,0.4783,-0.9622,-7.0030,-15.4145,-3.5050,-12.9780,6.4019,-3.0141,2.5901,-0.2719,-5.8935,-5.9277,3.3690,-4.5654,-4.0149,-5.3721,-0.2908,-3.9446,2.9043,-3.6332,-6.6837,-3.6369,8.1024,1.9286,3.5274,-7.2971,4.0079,-7.5367,2.9409,-8.0130,13.8327,3.5033,7.2735,7.5435,-0.0721,7.4688,4.1453,-6.6437,-2.0278,-2.9194,9.8526,-6.1716,0.1235,-6.9108,3.5770,-6.2937,-5.6975,2.7877,-10.0640,-3.3894,-0.7209,-5.0272,8.2513,-1.2915,8.9975,-0.9573,-0.9809,0.0384,-1.2856,-1.0071
0.1737,-7.1941,1.7072,8.6068,5.6285,0.2984,13.7910,-4.3110,-2.4112,3.1843,-0.8150,7.2419,-3.7498,7.6149,-6.2599,-2.0868,0.0257,-0.4893,0.9945,-8.4924,3.0619,-3.0374,-2.9604,2.0590,-4.6098,0.5605,5.4613,-2.2102,0.6211,-0.1581,3.3696,0.4466,-6.4083,3.9978,13.7267,2.9333,1.8573,12.4742,3.2734,-0.6071,0.1298,4.3845,1.7304,5.9626,-6.9246,1.9162,-1.8212,1.1874,6.4791,2.0805,-0.3460,-0.4300,-1.7529,-4.9248,-3.1359,3.0652,5.1089,11.5844,3.2857,-6.6152,2.9893,2.1428,-5.2351,1.4726,-0.5734,2.4845,-13.9384,-4.4361,-5.0867,3.6921,3.8481,3.8587,-1.0841,2.4818,-3.1236,4.7067,-7.8017,-2.8088,0.0652,1.8898,2.8186,-0.4095,-4.4224,-4.0584,5.1240,-8.5420,-0.4828,2.7177,-3.6641,1.4541,0.6203,9.0616,-3.1782,-7.4532,0.5525,7.8889,8.0827,-2.3317,0.9890,-5.7211,3.0395,-0.6556,0.8492,-2.4371,-3.2963,-3.9925,-7.4436,6.0978,-0.1738,8.5919,-0.2885,4.0871,0.0788,1.8707,-0.5762,-10.6234,-4.0998,-2.6416,0.5223,-0.4491,2.6359,3.3492,1.3981,-8.5365,-3.4477,-1.3242,5.9627,-5.8764,-5.1825,-2.0231,-1.9440,-11.2922,3.4102,-2.7887,-7.4125,4.1386,-3.2902,-4.1902,-2.5493,-0.7900,-2.4842,-2.3059,-6.2587,1.8320,-0.9434,2.8839,4.1716,-0.7659,1.6401,-7.1798,3.9890,-0.9988,-0.6234,-3.9198,0.8455,0.1533,1.1041,-4.4479,0.5039,0.7576,-4.0867,4.5087,-2.8617,-3.3220,8.3849,-7.8214,-3.4929,-7.4185,-6.4039,11.7015,-6.9555,-2.3857,7.2105,-1.7122,7.1647,4.1543,-0.8188,-6.8407,-8.6117,-7.7247,-0.7530,4.8652,-8.1112,2.1939,0.5753,-1.8040,4.8701,2.6895,-0.0045,-4.8175,-3.9738,-0.9373,-6.5325,-0.2437,-3.7322,1.4109,0.4783,-0.9622,-7.0030,-15.4145,-3.5050,-12.9780,6.4019,-3.0141,2.5901,-0.2719,-5.8935,-5.9277,3.3690,-4.5654,-4.0149,-5.3721,-0.2908,-3.9446,2.9043,-3.6332,-6.6837,-3.6369,8.1024,1.9286,3.5274,-7.2971,4.0079,-7.5367,2.9409,-8.0130,13.8327,3.5033,7.2735,7.5435,-0.0721,7.4688,4.1453,-6.6437,-2.0278,-2.9194,9.8526,-6.1716,0.1235,-6.9108,3.5770,-6.2937,-5.6975,2.7877,-10.0640,-3.3894,-0.7209,-5.0272,8.2513,-1.2915,8.9975,-0.9573,-0.9809,0.0384,-1.2856,-1.0071
0.1737,-7.1941,1.7072,8.6068,5.6285,0.2984,13.7910,-4.3110,-2.4112,3.1843,-0.8150,7.2419,-3.7498,7.6149,-6.2599,-2.0868,0.0257,-0.4893,0.9945,-8.4924,3.0619,-3.0374,-2.9604,2.0590,-4.6098,0.5605,5.4613,-2.2102,0.6211,-0.1581,3.3696,0.4466,-6.4083,3.9978,13.7267,2.9333,1.8573,12.4742,3.2734,-0.6071,0.1298,4.3845,1.7304,5.9626,-6.9246,1.9162,-1.8212,1.1874,6.4791,2.0805,-0.3460,-0.4300,-1.7529,-4.9248,-3.1359,3.0652,5.1089,11.5844,3.2857,-6.6152,2.9893,2.1428,-5.2351,1.4726,-0.5734,2.4845,-13.9384,-4.4361,-5.0867,3.6921,3.8481,3.8587,-1.0841,2.4818,-3.1236,4.7067,-7.8017,-2.8088,0.0652,1.8898,2.8186,-0.4095,-4.4224,-4.0584,5.1240,-8.5420,-0.4828,2.7177,-3.6641,1.4541,0.6203,9.0616,-3.1782,-7.4532,0.5525,7.8889,8.0827,-2.3317,0.9890,-5.7211,3.0395,-0.6556,0.8492,-2.4371,-3.2963,-3.9925,-7.4436,6.0978,-0.1738,8.5919,-0.2885,4.0871,0.0788,1.8707,-0.5762,-10.6234,-4.0998,-2.6416,0.5223,-0.4491,2.6359,3.3492,1.3981,-8.5365,-3.4477,-1.3242,5.9627,-5.8764,-5.1825,-2.0231,-1.9440,-11.2922,3.4102,-2.7887,-7.4125,4.1386,-3.2902,-4.1902,-2.5493,-0.7900,-2.4842,-2.3059,-6.2587,1.8320,-0.9434,2.8839,4.1716,-0.7659,1.6401,-7.1798,3.9890,-0.9988,-0.6234,-3.9198,0.8455,0.1533,1.1041,-4.4479,0.5039,0.7576,-4.0867,4.5087,-2.8617,-3.3220,8.3849,-7.8214,-3.4929,-7.4185,-6.4039,11.7015,-6.9555,-2.3857,7.2105,-1.7122,7.1647,4.1543,-0.8188,-6.8407,-8.6117,-7.7247,-0.7530,4.8652,-8.1112,2.1939,0.5753,-1.8040,4.8701,2.6895,-0.0045,-4.8175,-3.9738,-0.9373,-6.5325,-0.2437,-3.7322,1.4109,0.4783,-0.9622,-7.0030,-15.4145,-3.5051,-12.9780,6.4019,-3.0141,2.5901,-0.2719,-5.8935,-5.9277,3.3690,-4.5654,-4.0149,-5.3721,-0.2908,-3.9446,2.9043,-3.6332,-6.6837,-3.6369,8.1024,1.9286,3.5274,-7.2971,4.0079,-7.5367,2.9409,-8.0130,13.8327,3.5033,7.2735,7.5435,-0.0721,7.4688,4.1453,-6.6437,-2.0278,-2.9194,9.8526,-6.1716,0.1235,-6.9108,3.5770,-6.2937,-5.6975,2.7877,-10.0640,-3.3894,-0.7209,-5.0272,8.2513,-1.2915,8.9975,-0.9573,-0.9809,0.0384,-1.2856,-1.0071
0.1737,-7.1941,1.7072,8.6068,5.6285,0.2984,13.7910,-4.3110,-2.4112,3.1843,-0.8150,7.2419,-3.7498,7.6149,-6.2599,-2.0868,0.0257,-0.4893,0.9945,-8.4924,3.0619,-3.0374,-2.9604,2.0590,-4.6098,0.5605,5.4613,-2.2102,0.6211,-0.1581,3.3696,0.4466,-6.4083,3.9978,13.7267,2.9333,1.8573,12.4742,3.2734,-0.6071,0.1298,4.3845,1.7304,5.9626,-6.9246,1.9162,-1.8212,1.1874,6.4791,2.0805,-0.3460,-0.4300,-1.7529,-4.9248,-3.1359,3.0652,5.1089,11.5844,3.2857,-6.6152,2.9893,2.1428,-5.2351,1.4726,-0.5734,2.4845,-13.9384,-4.4361,-5.0867,3.6921,3.8481,3.8587,-1.0841,2.4818,-3.1236,4.7067,-7.8017,-2.8088,0.0652,1.8898,2.8186,-0.4095,-4.4224,-4.0584,5.1240,-8.5420,-0.4828,2.7177,-3.6641,1.4541,0.6203,9.0616,-3.1782,-7.4532,0.5525,7.8889,8.0827,-2.3317,0.9890,-5.7211,3.0395,-0.6556,0.8492,-2.4371,-3.2963,-3.9925,-7.4436,6.0978,-0.1738,8.5919,-0.2885,4.0871,0.0788,1.8707,-0.5762,-10.6234,-4.0998,-2.6416,0.5223,-0.4491,2.6359,3.3492,1.3981,-8.5365,-3.4477,-1.3242,5.9627,-5.8764,-5.1825,-2.0231,-1.9440,-11.2922,3.4102,-2.7887,-7.4125,4.1386,-3.2902,-4.1902,-2.5493,-0.7900,-2.4842,-2.3059,-6.2587,1.8320,-0.9434,2.8839,4.1716,-0.7659,1.6401,-7.1798,3.9890,-0.9988,-0.6234,-3.9198,0.8455,0.1533,1.1041,-4.4479,0.5039,0.7576,-4.0867,4.5087,-2.8617,-3.3220,8.3849,-7.8214,-3.4929,-7.4185,-6.4039,11.7015,-6.9555,-2.3857,7.2105,-1.7122,7.1647,4.1543,-0.8188,-6.8407,-8.6117,-7.7247,-0.7530,4.8652,-8.1112,2.1939,0.5753,-1.8040,4.8701,2.6895,-0.0045,-4.8175,-3.9738,-0.9373,-6.5325,-0.2437,-3.7322,1.4109,0.4783,-0.9622,-7.0030,-15.4145,-3.5051,-12.9780,6.4019,-3.0141,2.5901,-0.2719,-5.8935,-5.9277,3.3690,-4.5654,-4.0149,-5.3721,-0.2908,-3.9446,2.9043,-3.6332,-6.6837,-3.6369,8.1024,1.9286,3.5274,-7.2971,4.0079,-7.5367,2.9409,-8.0130,13.8327,3.5033,7.2735,7.5435,-0.0721,7.4688,4.1453,-6.6437,-2.0278,-2.9194,9.8526,-6.1716,0.1235,-6.9108,3.5770,-6.2937,-5.6975,2.7877,-10.0640,-3.3894,-0.7209,-5.0272,8.2513,-1.2915,8.9975,-0.9573,-0.9809,0.0384,-1.2856,-1.0071
0.1737,-7.1941,1.7072,8.6068,5.6285,0.2984,13.7910,-4.3110,-2.4112,3.1843,-0.8150,7.2419,-3.7498,7.6149,-6.2599,-2.0868,0.0257,-0.4893,0.9945,-8.4924,3.0619,-3.0374,-2.9604,2.0590,-4.6098,0.5605,5.4613,-2.2102,0.6211,-0.1581,3.3696,0.4466,-6.4083,3.9978,13.7267,2.9333,1.8573,12.4742,3.2734,-0.6071,0.1298,4.3845,1.7304,5.9626,-6.9246,1.9162,-1.8212,1.1874,6.4791,2.0805,-0.3460,-0.4300,-1.7529,-4.9248,-3.1359,3.0652,5.1089,11.5844,3.2857,-6.6152,2.9893,2.1428,-5.2351,1.4726,-0.5734,2.4845,-13.9384,-4.4361,-5.0867,3.6921,3.8481,3.8587,-1.0841,2.4818,-3.1236,4.7067,-7.8017,-2.8088,0.0652,1.8898,2.8186,-0.4095,-4.4224,-4.0584,5.1240,-8.5420,-0.4828,2.7177,-3.6641,1.4541,0.6203,9.0616,-3.1782,-7.4532,0.5525,7.8889,8.0827,-2.3317,0.9890,-5.7211,3.0395,-0.6556,0.8492,-2.4371,-3.2963,-3.9925,-7.4436,6.0978,-0.1738,8.5919,-0.2885,4.0871,0.0788,1.8707,-0.5762,-10.6234,-4.0998,-2.6416,0.5223,-0.4491,2.6359,3.3492,1.3981,-8.5365,-3.4477,-1.3242,5.9627,-5.8764,-5.1825,-2.0231,-1.9440,-11.2922,3.4102,-2.7887,-7.4125,4.1386,-3.2902,-4.1902,-2.5493,-0.7900,-2.4842,-2.3059,-6.2587,1.8320,-0.9434,2.8839,4.1716,-0.7659,1.6401,-7.1798,3.9890,-0.9988,-0.6234,-3.9198,0.8455,0.1533,1.1041,-4.4479,0.5039,0.7576,-4.0867,4.5087,-2.8617,-3.3220,8.3849,-7.8214,-3.4929,-7.4185,-6.4039,11.7015,-6.9555,-2.3857,7.2105,-1.7122,7.1647,4.1543,-0.8188,-6.8407,-8.6117,-7.7247,-0.7530,4.8652,-8.1112,2.1939,0.5753,-1.8040,4.8701,2.6895,-0.0045,-4.8175,-3.9738,-0.9373,-6.5325,-0.2437,-3.7322,1.4109,0.4783,-0.9622,-7.0030,-15.4145,-3.5051,-12.9780,6.4019,-3.0141,2.5901,-0.2719,-5.8935,-5.9277,3.3690,-4.5654,-4.0149,-5.3721,-0.2908,-3.9446,2.9043,-3.6332,-6.6837,-3.6369,8.1024,1.9286,3.5274,-7.2971,4.0079,-7.5367,2.9409,-8.0130,13.8327,3.5033,7.2735,7.5435,-0.0721,7.4688,4.1453,-6.6437,-2.0278,-2.9194,9.8526,-6.1716,0.1235,-6.9108,3.5770,-6.2937,-5.6975,2.7877,-10.0640,-3.3894,-0.7209,-5.0272,8.2513,-1.2915,8.9975,-0.9573,-0.9809,0.0384,-1.2856,-1.0071
0.1737,-7.1941,1.7072,8.6068,5.6285,0.2984,13.7910,-4.3110,-2.4112,3.1843,-0.8150,7.2419,-3.7498,7.6149,-6.2599,-2.0868,0.0257,-0.4893,0.9945,-8.4924,3.0619,-3.0374,-2.9604,2.0590,-4.6098,0.5605,5.4613,-2.2102,0.6211,-0.1581,3.3696,0.4466,-6.4083,3.9978,13.7267,2.9333,1.8573,12.4742,3.2734,-0.6071,0.1298,4.3845,1.7304,5.9626,-6.9246,1.9162,-1.8212,1.1874,6.4791,2.0805,-0.3460,-0.4300,-1.7529,-4.9248,-3.1359,3.0652,5.1089,11.5844,3.2857,-6.6152,2.9893,2.1428,-5.2351,1.4726,-0.5734,2.4845,-13.9384,-4.4361,-5.0867,3.6921,3.8481,3.8587,-1.0841,2.4818,-3.1236,4.7067,-7.8017,-2.8088,0.0652,1.8898,2.8186,-0.4095,-4.4224,-4.0584,5.1240,-8.5420,-0.4828,2.7177,-3.6641,1.4541,0.6203,9.0616,-3.1782,-7.4532,0.5525,7.8889,8.0827,-2.3317,0.9890,-5.7211,3.0395,-0.6556,0.8492,-2.4371,-3.2963,-3.9925,-7.4436,6.0978,-0.1738,8.5919,-0.2885,4.0871,0.0788,1.8707,-0.5762,-10.6234,-4.0998,-2.6416,0.5223,-0.4491,2.6359,3.3492,1.3981,-8.5365,-3.4477,-1.3242,5.9627,-5.8764,-5.1825,-2.0231,-1.9440,-11.2922,3.4102,-2.7887,-7.4125,4.1386,-3.2902,-4.1902,-2.5493,-0.7900,-2.4842,-2.3059,-6.2587,1.8320,-0.9434,2.8839,4.1716,-0.7659,1.6401,-7.1798,3.9890,-0.9988,-0.6234,-3.9198,0.8455,0.1533,1.1041,-4.4479,0.5039,0.7576,-4.0867,4.5087,-2.8617,-3.3220,8.3849,-7.8214,-3.4929,-7.4185,-6.4039,11.7015,-6.9555,-2.3857,7.2105,-1.7122,7.1647,4.1543,-0.8188,-6.8407,-8.6117,-7.7247,-0.7530,4.8652,-8.1112,2.1939,0.5753,-1.8040,4.8701,2.6895,-0.0045,-4.8175,-3.9738,-0.9373,-6.5325,-0.2437,-3.7322,1.4109,0.4783,-0.9622,-7.0030,-15.4145,-3.5050,-12.9780,6.4019,-3.0141,2.5901,-0.2719,-5.8935,-5.9277,3.3690,-4.5654,-4.0149,-5.3721,-0.2908,-3.9446,2.9043,-3.6332,-6.6837,-3.6369,8.1024,1.9286,3.5274,-7.2971,4.0079,-7.5367,2.9409,-8.0130,13.8327,3.5033,7.2735,7.5435,-0.0721,7.4688,4.1453,-6.6437,-2.0278,-2.9194,9.8526,-6.1716,0.1235,-6.9108,3.5770,-6.2937,-5.6975,2.7877,-10.0640,-3.3894,-0.7209,-5.0272,8.2513,-1.2915,8.9975,-0.9573,-0.9809,0.0384,-1.2856,-1.0071
0.1737,-7.1941,1.7072,8.6068,5.6285,0.2984,13.7910,-4.3110,-2.4112,3.1843,-0.8150,7.2419,-3.7498,7.6149,-6.2599,-2.0868,0.0257,-0.4893,0.9945,-8.4924,3.0619,-3.0374,-2.9604,2.0590,-4.6098,0.5605,5.4613,-2.2102,0.6211,-0.1581,3.3696,0.4466,-6.4083,3.9978,13.7267,2.9333,1.8573,12.4742,3.2734,-0.6071,0.1298,4.3845,1.7304,5.9626,-6.9246,1.9162,-1.8212,1.1874,6.4791,2.0805,-0.3460,-0.4300,-1.7529,-4.9248,-3.1359,3.0652,5.1089,11.5844,3.2857,-6.6152,2.9893,2.1428,-5.2351,1.4726,-0.5734,2.4845,-13.9384,-4.4361,-5.0867,3.6921,3.8481,3.8587,-1.0841,2.4818,-3.1236,4.7067,-7.8017,-2.8088,0.0652,1.8898,2.8186,-0.4095,-4.4224,-4.0584,5.1240,-8.5420,-0.4828,2.7177,-3.6641,1.4541,0.6203,9.0616,-3.1782,-7.4532,0.5525,7.8889,8.0827,-2.3317,0.9890,-5.7211,3.0395,-0.6556,0.8492,-2.4371,-3.2963,-3.9925,-7.4436,6.0978,-0.1738,8.5919,-0.2885,4.0871,0.0788,1.8707,-0.5762,-10.6234,-4.0998,-2.6416,0.5223,-0.4491,2.6359,3.3492,1.3981,-8.5365,-3.4477,-1.3242,5.9627,-5.8764,-5.1825,-2.0231,-1.9440,-11.2922,3.4102,-2.7887,-7.4125,4.1386,-3.2902,-4.1902,-2.5493,-0.7900,-2.4842,-2.3059,-6.2587,1.8320,-0.9434,2.8839,4.1716,-0.7659,1.6401,-7.1798,3.9890,-0.9988,-0.6234,-3.9198,0.8455,0.1533,1.1041,-4.4479,0.5039,0.7576,-4.0867,4.5087,-2.8617,-3.3220,8.3849,-7.8214,-3.4929,-7.4185,-6.4039,11.7015,-6.9555,-2.3857,7.2105,-1.7122,7.1647,4.1543,-0.8188,-6.8407,-8.6117,-7.7247,-0.7530,4.8652,-8.1112,2.1939,0.5753,-1.8040,4.8701,2.6895,-0.0045,-4.8175,-3.9738,-0.9373,-6.5325,-0.2437,-3.7322,1.4109,0.4783,-0.9622,-7.0030,-15.4145,-3.5050,-12.9780,6.4019,-3.0141,2.5901,-0.2719,-5.8935,-5.9277,3.3690,-4.5654,-4.0149,-5.3721,-0.2908,-3.9446,2.9043,-3.6332,-6.6837,-3.6369,8.1024,1.9286,3.5274,-7.2971,4.0079,-7.5367,2.9409,-8.0130,13.8327,3.5033,7.2735,7.5435,-0.0721,7.4688,4.1453,-6.6437,-2.0278,-2.9194,9.8526,-6.1716,0.1235,-6.9108,3.5770,-6.2937,-5.6975,2.7877,-10.0640,-3.3894,-0.7209,-5.0272,8.2513,-1.2915,8.9975,-0.9573,-0.9809,0.0384,-1.2856,-1.0071
0.1737,-7.1941,1.7072,8.6068,5.6285,0.2984,13.7910,-4.3110,-2.4112,3.1843,-0.8150,7.2419,-3.7498,7.6149,-6.2599,-2.0868,0.0257,-0.4893,0.9945,-8.4924,3.0619,-3.0374,-2.9604,2.0590,-4.6098,0.5605,5.4613,-2.2102,0.6211,-0.1581,3.3696,0.4466,-6.4083,3.9978,13.7267,2.9333,1.8573,12.4742,3.2734,-0.6071,0.1298,4.3845,1.7304,5.9626,-6.9246,1.9162,-1.8212,1.1874,6.4791,2.0805,-0.3460,-0.4300,-1.7529,-4.9248,-3.1359,3.0652,5.1089,11.5844,3.2857,-6.6152,2.9893,2.1428,-5.2351,1.4726,-0.5734,2.4845,-13.9384,-4.4361,-5.0867,3.6921,3.8481,3.8587,-1.0841,2.4818,-3.1236,4.7067,-7.8017,-2.8088,0.0652,1.8898,2.8186,-0.4095,-4.4224,-4.0584,5.1240,-8.5420,-0.4828,2.7177,-3.6641,1.4541,0.6203,9.0616,-3.1782,-7.4532,0.5525,7.8889,8.0827,-2.3317,0.9890,-5.7211,3.0395,-0.6556,0.8492,-2.4371,-3.2963,-3.9925,-7.4436,6.0978,-0.1738,8.5919,-0.2885,4.0871,0.0788,1.8707,-0.5762,-10.6234,-4.0998,-2.6416,0.5223,-0.4491,2.6359,3.3492,1.3981,-8.5365,-3.4477,-1.3242,5.9627,-5.8764,-5.1825,-2.0231,-1.9440,-11.2922,3.4102,-2.7887,-7.4125,4.1386,-3.2902,-4.1902,-2.5493,-0.7900,-2.4842,-2.3059,-6.2587,1.8320,-0.9434,2.8839,4.1716,-0.7659,1.6401,-7.1798,3.9890,-0.9988,-0.6234,-3.9198,0.8455,0.1533,1.1041,-4.4479,0.5039,0.7576,-4.0867,4.5087,-2.8617,-3.3220,8.3849,-7.8214,-3.4929,-7.4185,-6.4039,11.7015,-6.9555,-2.3857,7.2105,-1.7122,7.1647,4.1543,-0.8188,-6.8407,-8.6117,-7.7247,-0.7530,4.8652,-8.1112,2.1939,0.5753,-1.8040,4.8701,2.6895,-0.0045,-4.8175,-3.9738,-0.9373,-6.5325,-0.2437,-3.7322,1.4109,0.4783,-0.9622,-7.0030,-15.4145,-3.5050,-12.9780,6.4019,-3.0141,2.5901,-0.2719,-5.8935,-5.9277,3.3690,-4.5654,-4.0149,-5.3721,-0.2908,-3.9446,2.9043,-3.6332,-6.6837,-3.6369,8.1024,1.9286,3.5274,-7.2971,4.0079,-7.5367,2.9409,-8.0130,13.8327,3.5033,7.2735,7.5435,-0.0721,7.4688,4.1453,-6.6437,-2.0278,-2.9194,9.8526,-6.1716,0.1235,-6.9108,3.5770,-6.2937,-5.6975,2.7877,-10.0640,-3.3894,-0.7209,-5.0272,8.2513,-1.2915,8.9975,-0.9573,-0.9809,0.0384,-1.2856,-1.0071
-1.6989,-0.1127,-3.5914,-1.9483,-4.7705,12.1599,9.0588,-4.5468,-6.9445,1.8857,-0.1318,5.1050,-6.6597,5.6592,-4.6203,2.6732,0.5075,-6.4638,7.0280,-0.5493,6.7520,-3.0733,-0.5576,8.5447,-2.5075,3.3404,2.7819,0.1037,4.0100,-3.0131,6.4590,6.9103,-6.2138,4.9019,11.7857,0.5974,2.8704,19.1077,-6.1411,2.0028,0.3216,2.9337,-0.0863,-3.5145,-7.2748,-5.1096,-12.1261,-0.6760,5.1672,8.4349,-4.3117,-0.0700,3.4303,-2.0435,5.2139,-6.1025,5.9589,13.9266,-5.0624,-7.8839,-3.1016,3.9700,5.2525,5.9941,-2.7799,-1.2944,-14.1746,-8.4707,3.3816,2.6325,-5.1020,5.1266,-1.1109,7.4695,-3.2083,1.9351,-11.6151,-6.4225,1.3602,4.7565,-4.8421,5.8282,-1.8184,-0.6960,2.4498,-0.6593,1.0826,6.5264,1.6557,5.3140,0.5746,9.1625,2.4809,-14.0648,2.0799,7.6553,-0.8633,0.7029,4.9018,-7.5951,-2.1421,-6.5658,-3.3309,1.3971,-5.5823,4.9675,-5.0708,0.6936,13.9879,5.8328,-4.7935,6.7620,-6.9513,-2.1263,-4.1576,-5.0551,6.5087,-0.6608,5.5874,5.8394,6.5237,-1.7543,-3.2357,-7.6209,-1.0440,-7.0039,3.4416,-5.3115,-3.9499,-0.5149,1.3523,-9.8175,6.7973,4.5870,-1.9048,-4.5689,7.4887,7.1502,5.4923,-3.5934,-1.7282,-8.6024,-4.8734,6.0421,-1.6600,0.8356,7.3001,-3.6858,1.7648,2.5550,-0.2901,-1.3960,-4.8262,-1.0896,1.4383,-3.2530,11.6295,0.6583,2.1724,-0.7782,-1.0623,-1.7566,-4.4695,-14.3831,13.0046,-2.1942,-7.0083,-2.1615,-3.8766,-0.4194,-1.1938,-4.5680,3.8614,-6.2888,-0.6035,-1.0325,4.1069,-1.3002,-11.4320,0.3683,-5.8240,7.3517,-6.4050,9.2539,5.1011,0.2649,-1.6115,2.9624,0.4434,8.3432,-6.1809,-1.0350,-9.0492,1.9110,-2.5571,-7.2852,5.5020,2.6307,-7.5804,-5.0888,-2.2319,-16.0036,8.6781,3.7174,-2.3063,8.4657,-4.6986,2.4126,2.9458,3.3612,-6.7637,-13.5872,-8.6140,-1.8306,-7.1635,10.4130,-3.0976,-0.0462,1.2038,-1.8355,4.8648,-0.0918,3.3707,-8.7247,6.3940,-14.4361,3.3325,3.8716,3.3716,10.6891,3.2827,5.3050,-0.8864,-2.1346,3.7770,-2.8046,11.6989,-10.7000,-4.1083,-1.7932,-1.9154,-7.0277,-3.7128,9.8090,-2.5878,-4.4537,2.5485,0.1973,-0.5433,-3.3074,7.8136,-2.6095,-3.8208,-2.3006,-1.5888,15.8388
-1.6989,-0.1127,-3.5914,-1.9483,-4.7705,12.1599,9.0588,-4.5468,-6.9445,1.8857,-0.1318,5.1051,-6.6597,5.6592,-4.6203,2.6732,0.5075,-6.4638,7.0280,-0.5493,6.7520,-3.0733,-0.5576,8.5447,-2.5075,3.3404,2.7819,0.1037,4.0100,-3.0131,6.4590,6.9103,-6.2138,4.9019,11.7857,0.5974,2.8704,19.1077,-6.1411,2.0028,0.3216,2.9337,-0.0863,-3.5145,-7.2748,-5.1096,-12.1261,-0.6760,5.1672,8.4349,-4.3117,-0.0700,3.4303,-2.0435,5.2139,-6.1025,5.9589,13.9266,-5.0624,-7.8839,-3.1016,3.9700,5.2525,5.9941,-2.7799,-1.2944,-14.1746,-8.4707,3.3816,2.6325,-5.1020,5.1266,-1.1109,7.4695,-3.2083,1.9351,-11.6151,-6.4225,1.3602,4.7565,-4.8421,5.8282,-1.8184,-0.6960,2.4498,-0.6593,1.0826,6.5264,1.6557,5.3140,0.5746,9.1625,2.4809,-14.0648,2.0799,7.6553,-0.8633,0.7029,4.9018,-7.5951,-2.1421,-6.5658,-3.3309,1.3971,-5.5823,4.9675,-5.0708,0.6936,13.9879,5.8328,-4.7935,6.7620,-6.9513,-2.1263,-4.1576,-5.0551,6.5087,-0.6608,5.5874,5.8394,6.5237,-1.7543,-3.2357,-7.6209,-1.0440,-7.0039,3.4416,-5.3115,-3.9499,-0.5149,1.3523,-9.8175,6.7973,4.5870,-1.9048,-4.5689,7.4887,7.1502,5.4923,-3.5934,-1.7282,-8.6024,-4.8734,6.0421,-1.6600,0.8356,7.3001,-3.6858,1.7648,2.5550,-0.2901,-1.3960,-4.8262,-1.0896,1.4383,-3.2530,11.6295,0.6583,2.1724,-0.7782,-1.0623,-1.7566,-4.4695,-14.3831,13.0046,-2.1942,-7.0083,-2.1615,-3.8766,-0.4194,-1.1938,-4.5680,3.8614,-6.2888,-0.6035,-1.0325,4.1069,-1.3002,-11.4320,0.3683,-5.8240,7.3517,-6.4050,9.2539,5.1011,0.2649,-1.6115,2.9624,0.4434,8.3432,-6.1809,-1.0350,-9.0492,1.9110,-2.5571,-7.2852,5.5020,2.6307,-7.5804,-5.0888,-2.2319,-16.0036,8.6781,3.7174,-2.3063,8.4657,-4.6986,2.4126,2.9458,3.3612,-6.7637,-13.5872,-8.6140,-1.8306,-7.1635,10.4130,-3.0976,-0.0462,1.2038,-1.8355,4.8648,-0.0918,3.3707,-8.7247,6.3940,-14.4361,3.3325,3.8716,3.3716,10.6891,3.2827,5.3050,-0.8864,-2.1346,3.7770,-2.8046,11.6989,-10.7000,-4.1083,-1.7932,-1.9154,-7.0277,-3.7128,9.8090,-2.5878,-4.4537,2.5485,0.1973,-0.5433,-3.3074,7.8136,-2.6095,-3.8208,-2.3006,-1.5888,15.8388
-1.6989,-0.1127,-3.5914,-1.9483,-4.7705,12.1599,9.0588,-4.5468,-6.9445,1.8857,-0.1318,5.1050,-6.6597,5.6592,-4.6203,2.6732,0.5075,-6.4638,7.0280,-0.5493,6.7520,-3.0733,-0.5576,8.5447,-2.5075,3.3404,2.7819,0.1037,4.0100,-3.0131,6.4590,6.9102,-6.2138,4.9019,11.7857,0.5974,2.8704,19.1077,-6.1411,2.0028,0.3216,2.9337,-0.0863,-3.5145,-7.2748,-5.1096,-12.1261,-0.6760,5.1672,8.4349,-4.3117,-0.0700,3.4303,-2.0435,5.2139,-6.1025,5.9589,13.9266,-5.0624,-7.8839,-3.1016,3.9700,5.2525,5.9941,-2.7799,-1.2944,-14.1746,-8.4707,3.3816,2.6325,-5.1020,5.1266,-1.1109,7.4695,-3.2083,1.9351,-11.6151,-6.4225,1.3602,4.7565,-4.8421,5.8282,-1.8184,-0.6960,2.4498,-0.6593,1.0826,6.5264,1.6557,5.3140,0.5746,9.1625,2.4809,-14.0648,2.0799,7.6553,-0.8633,0.7029,4.9018,-7.5951,-2.1421,-6.5658,-3.3309,1.3971,-5.5823,4.9675,-5.0708,0.6936,13.9879,5.8328,-4.7935,6.7620,-6.9513,-2.1263,-4.1576,-5.0551,6.5087,-0.6608,5.5874,5.8394,6.5237,-1.7543,-3.2357,-7.6209,-1.0440,-7.0039,3.4416,-5.3115,-3.9499,-0.5149,1.3523,-9.8175,6.7973,4.5870,-1.9048,-4.5689,7.4887,7.1502,5.4923,-3.5934,-1.7282,-8.6024,-4.8734,6.0421,-1.6600,0.8356,7.3001,-3.6858,1.7648,2.5550,-0.2901,-1.3960,-4.8262,-1.0896,1.4383,-3.2530,11.6295,0.6583,2.1724,-0.7782,-1.0623,-1.7566,-4.4695,-14.3831,13.0046,-2.1942,-7.0083,-2.1615,-3.8766,-0.4194,-1.1938,-4.5680,3.8614,-6.2888,-0.6035,-1.0325,4.1069,-1.3002,-11.4320,0.3683,-5.8240,7.3517,-6.4050,9.2539,5.1011,0.2649,-1.6115,2.9624,0.4434,8.3432,-6.1809,-1.0350,-9.0492,1.9110,-2.5571,-7.2852,5.5020,2.6307,-7.5804,-5.0888,-2.2319,-16.0036,8.6781,3.7174,-2.3063,8.4657,-4.6986,2.4126,2.9458,3.3612,-6.7637,-13.5872,-8.6140,-1.8306,-7.1635,10.4130,-3.0976,-0.0462,1.2038,-1.8355,4.8648,-0.0918,3.3707,-8.7247,6.3940,-14.4361,3.3325,3.8716,3.3716,10.6891,3.2827,5.3050,-0.8864,-2.1346,3.7770,-2.8046,11.6989,-10.7000,-4.1083,-1.7932,-1.9154,-7.0277,-3.7128,9.8090,-2.5878,-4.4537,2.5485,0.1973,-0.5433,-3.3074,7.8136,-2.6095,-3.8208,-2.3006,-1.5888,15.8388
